NRORDEM,IDPEDIDOPNEU,CLIENTE,NRSERIE,DESENHO,STATUS,DATA_ENTRADA,DATA_SAIDA,LOCAL_PALLET
1662315,,BRASPRESS,039241,VL110LA,Em Produção,03/06/2026 10:10:11,,
1662318,,BRASPRESS,039236,VL110LA,Aguardando,,,A1
1662247,,OPR LOGISTICA,3124,VT120L,Em Produção,,,
1662248,,OPR LOGISTICA,3324,VT120L,Em Produção,,,
1584421,,GUEDES AMORIM,1223,VL110LA,Em Produção,03/06/2026 02:32:04,,
1444484,328928,SID,3719,"275/80R22,5 PM VM530L 218",Em Produção,08/03/2025,10/03/2025,
1444476,328928,SID,1419,"275/80R22,5 PM VM530L 226",Em Produção,08/03/2025,10/03/2025,
1444477,328928,SID,2818,"275/80R22,5 PM VM530L 210",Em Produção,08/03/2025,10/03/2025,
1444478,328928,SID,2421,"275/80R22,5 PM VM530L 210",Em Produção,08/03/2025,10/03/2025,
1444479,328928,SID,3520,"275/80R22,5 PM VM530L 210",Em Produção,08/03/2025,10/03/2025,
1444480,328928,SID,3719,"275/80R22,5 PM VM530L 218",Em Produção,08/03/2025,10/03/2025,
1444481,328928,SID,0421,"275/80R22,5 PM VM530L 210",Em Produção,08/03/2025,10/03/2025,
1444482,328928,SID,0920,"275/80R22,5 PM VM530L 210",Em Produção,08/03/2025,10/03/2025,
1444483,328928,SID,0821,"275/80R22,5 PM VM530L 210",Em Produção,08/03/2025,10/03/2025,
1444485,328928,SID,4317,"275/80R22,5 PM VM530L 210",Em Produção,08/03/2025,10/03/2025,
1444486,328928,SID,4618,"275/80R22,5 PM VM530L 210",Em Produção,08/03/2025,10/03/2025,
1448723,329966,SID,3623,"275/80R22,5 PM VM530L 218",Em Produção,17/03/2025,21/03/2025,
1448724,329966,SID,4720,"275/80R22,5 PM VM530L 218",Em Produção,17/03/2025,21/03/2025,
1448725,329966,SID,4119,"275/80R22,5 PM VM530L 218",Em Produção,17/03/2025,21/03/2025,
1448726,329966,SID,3620,"275/80R22,5 PM VM530L 218",Em Produção,17/03/2025,21/03/2025,
1448727,329966,SID,4720,"275/80R22,5 PM VM530L 218",Em Produção,17/03/2025,21/03/2025,
1455347,330976,SID,0220,"275/80R22,5 PM VM530L 226",Em Produção,28/03/2025,28/03/2025,
1455342,330976,SID,2722,"275/80R22,5 PM VM530L 234",Em Produção,28/03/2025,28/03/2025,
1455343,330976,SID,5219,"275/80R22,5 PM VM530L 234",Em Produção,28/03/2025,28/03/2025,
1455344,330976,SID,4622,"275/80R22,5 PM VL110LA 226",Em Produção,28/03/2025,28/03/2025,
1455345,330976,SID,0120,"275/80R22,5 PM VM530L 226",Em Produção,28/03/2025,28/03/2025,
1455346,330976,SID,4622,"275/80R22,5 PM VL110LA 226",Em Produção,28/03/2025,28/03/2025,
1455348,330976,SID,3223,"275/80R22,5 PM VM530L 234",Em Produção,28/03/2025,28/03/2025,
1455349,330976,SID,0422,"275/80R22,5 PM VM530L 234",Em Produção,28/03/2025,28/03/2025,
1455350,330976,SID,2623,"275/80R22,5 PM VM530L 234",Em Produção,28/03/2025,28/03/2025,
1465918,333167,VIGENT CONSTRUCOES LTDA,2922,"19,5X24 RT RECAUCHUT SGG",Em Produção,17/04/2025,24/04/2025,
1475380,334415,SID,2319,205/70R15 PM VP430L 165,Recusado no Exame Final,08/05/2025,09/05/2025,
1475381,334415,SID,2319a,205/70R15 PM VP430L 175,Em Produção,08/05/2025,09/05/2025,
1475382,334415,SID,0124,225/65R16 PM VP430L 185,Em Produção,08/05/2025,09/05/2025,
1475383,334415,SID,2224,225/75R16 PM VP430L 165,Em Produção,08/05/2025,09/05/2025,
1475384,334415,SID,0224,225/65R16 PM VP430L 185,Em Produção,08/05/2025,09/05/2025,
1475385,334415,SID,1122,225/65R16 PM VP430L 185,Em Produção,08/05/2025,09/05/2025,
1475386,334415,SID,0323,225/75R16 PM VP430L 185,Em Produção,08/05/2025,09/05/2025,
1475387,334415,SID,241212,225/75R16 PM VP430L 185,Em Produção,08/05/2025,09/05/2025,
1475388,334415,SID,241211,225/75R16 PM VP430L 185,Em Produção,08/05/2025,09/05/2025,
1475389,334415,SID,2423,225/75R16 PM VP430L 175,Recusado no Exame Inicial,08/05/2025,09/05/2025,
1475390,334415,SID,3722,225/75R16 PM VP430L 185,Em Produção,08/05/2025,09/05/2025,
1473840,334488,SID,2370,"295/80R22,5 PM VM530L 242",Em Produção,06/05/2025,09/05/2025,
1473841,334488,SID,2499,"295/80R22,5 PM VM530L 218",Recusado no Exame Inicial,06/05/2025,09/05/2025,
1473842,334488,SID,3882,"295/80R22,5 PM VM530L 258",Em Produção,06/05/2025,09/05/2025,
1473843,334488,SID,6853,"295/80R22,5 PM VM530L 258",Em Produção,06/05/2025,09/05/2025,
1473844,334488,SID,4041,"295/80R22,5 PM VM530L 258",Em Produção,06/05/2025,09/05/2025,
1473845,334488,SID,5419,"295/80R22,5 PM VM530L 258",Em Produção,06/05/2025,09/05/2025,
1474330,334605,SID,0224,"235/75R17,5 PM DVRM 198",Em Produção,07/05/2025,09/05/2025,
1474331,334605,SID,0224A,"235/75R17,5 PM DVRM 198",Em Produção,07/05/2025,09/05/2025,
1474329,334606,SID,1622,"295/80R22,5 PM VM530L 242",Em Produção,07/05/2025,09/05/2025,
1479929,334983,SID,4823,225/65R16 PM VP430L 185,Em Produção,16/05/2025,14/05/2025,
1479930,334983,SID,4823,225/65R16 PM VP430L 185,Em Produção,16/05/2025,14/05/2025,
1477315,335106,SID,4522,"295/80R22,5 PM VM530L 226",Em Produção,12/05/2025,15/05/2025,
1477730,335164,SID,1521,"275/80R22,5 PM VT120L 226",Em Produção,13/05/2025,16/05/2025,
1477731,335164,SID,1521a,"275/80R22,5 PM VT120L 226",Em Produção,13/05/2025,16/05/2025,
1477961,335214,FAST SHOP S/A,4822,205/75R16 PM VP430L 165,Em Produção,13/05/2025,16/05/2025,
1478408,335339,SID,2423,175/70R14 PM VP401 165,Em Produção,14/05/2025,19/05/2025,
1478409,335339,SID,1624,175/65R14 PM VP401 165,Em Produção,14/05/2025,19/05/2025,
1478410,335339,SID,2723,175/65R14 PM VP401 165,Em Produção,14/05/2025,19/05/2025,
1478411,335339,SID,1822,185/60R15 PM VP401 165,Em Produção,14/05/2025,19/05/2025,
1478412,335339,SID,1220,175/70R13 PM VP401 165,Em Produção,14/05/2025,19/05/2025,
1478413,335339,SID,4721,"215/75R17,5 PM VZE-1 190",Em Produção,14/05/2025,19/05/2025,
1479259,335497,SID,114,"235/75R17,5 PM VL110L 200",Em Produção,15/05/2025,16/05/2025,
1479260,335497,SID,116,"235/75R17,5 PM VL110L 200",Em Produção,15/05/2025,16/05/2025,
1479261,335497,SID,168,"235/75R17,5 PM VL110L 200",Em Produção,15/05/2025,16/05/2025,
1479262,335497,SID,167,"235/75R17,5 PM VL110L 200",Em Produção,15/05/2025,16/05/2025,
1479263,335497,SID,183,"235/75R17,5 PM VL110L 200",Em Produção,15/05/2025,16/05/2025,
1479264,335497,SID,182,"235/75R17,5 PM VL110L 200",Em Produção,15/05/2025,16/05/2025,
1481192,335817,SID,3321,"295/80R22,5 PM VL130 210",Em Produção,20/05/2025,21/05/2025,
1481193,335817,SID,2521,"295/80R22,5 PM VL130 226",Em Produção,20/05/2025,21/05/2025,
1481194,335817,SID,0921,"295/80R22,5 PM VL130 242",Em Produção,20/05/2025,21/05/2025,
1481195,335817,SID,1721,"295/80R22,5 PM VL130 226",Em Produção,20/05/2025,21/05/2025,
1483325,336219,SID,4721,"215/75R17,5 PM VZE-1 190",Em Produção,23/05/2025,27/05/2025,
1483326,336220,SID,3718,"235/75R17,5 PM VL110L 200",Em Produção,23/05/2025,26/05/2025,
1483327,336220,SID,4320,"235/75R17,5 PM VZE-1 190",Em Produção,23/05/2025,26/05/2025,
1483328,336220,SID,0721,"235/75R17,5 PM VZE-1 190",Em Produção,23/05/2025,26/05/2025,
1483329,336220,SID,2819,"235/75R17,5 PM VZE-1 180",Em Produção,23/05/2025,26/05/2025,
1484944,336487,SID,0119,225/75R16 PM VP430L 185,Recusado no Exame Final,27/05/2025,29/05/2025,
1484932,336490,SID,2722a,"295/80R22,5 PM VL110LA 250",Em Produção,27/05/2025,30/05/2025,
1484936,336490,SID,1224a,"295/80R22,5 PM VL110LA 234",Em Produção,27/05/2025,30/05/2025,
1484919,336490,SID,0722,"295/80R22,5 PM VRT1 250",Em Produção,27/05/2025,30/05/2025,
1484920,336490,SID,2122,"295/80R22,5 PM VRT1 250",Em Produção,27/05/2025,30/05/2025,
1484921,336490,SID,3422,"295/80R22,5 PM VRT1 250",Em Produção,27/05/2025,30/05/2025,
1484922,336490,SID,1822,"295/80R22,5 PM VRT1 240",Em Produção,27/05/2025,30/05/2025,
1484923,336490,SID,4522,"295/80R22,5 PM VRT1 250",Em Produção,27/05/2025,30/05/2025,
1484924,336490,SID,0424,"295/80R22,5 PM VRT1 240",Em Produção,27/05/2025,30/05/2025,
1484925,336490,SID,2722,"295/80R22,5 PM VRT1 240",Em Produção,27/05/2025,30/05/2025,
1484926,336490,SID,1222,"295/80R22,5 PM VL110LA 242",Em Produção,27/05/2025,30/05/2025,
1484927,336490,SID,1224,"295/80R22,5 PM VRT1 240",Em Produção,27/05/2025,30/05/2025,
1484928,336490,SID,1822,"295/80R22,5 PM VRT1 240",Em Produção,27/05/2025,30/05/2025,
1484929,336490,SID,4322,"295/80R22,5 PM VRT1 240",Em Produção,27/05/2025,30/05/2025,
1484930,336490,SID,4322a,"295/80R22,5 PM VRT1 240",Em Produção,27/05/2025,30/05/2025,
1484931,336490,SID,3122,"295/80R22,5 PM VRT1 240",Em Produção,27/05/2025,30/05/2025,
1484933,336490,SID,1822a,"295/80R22,5 PM VRT1 240",Em Produção,27/05/2025,30/05/2025,
1484934,336490,SID,0424a,"295/80R22,5 PM VRT1 240",Em Produção,27/05/2025,30/05/2025,
1484935,336490,SID,4523,"295/80R22,5 PM VL110LA 234",Em Produção,27/05/2025,30/05/2025,
1484937,336490,SID,4222,"295/80R22,5 PM VRT1 250",Em Produção,27/05/2025,30/05/2025,
1484938,336490,SID,1224b,"295/80R22,5 PM VRT1 240",Em Produção,27/05/2025,30/05/2025,
1484939,336490,SID,3622,"295/80R22,5 PM VRT1 250",Em Produção,27/05/2025,30/05/2025,
1484940,336490,SID,2722b,"295/80R22,5 PM VRT1 250",Em Produção,27/05/2025,30/05/2025,
1484941,336490,SID,4623,"295/80R22,5 PM VRT1 240",Em Produção,27/05/2025,30/05/2025,
1484942,336490,SID,4623a,"295/80R22,5 PM VRT1 240",Em Produção,27/05/2025,30/05/2025,
1484943,336490,SID,0723,"295/80R22,5 PM VRT1 250",Em Produção,27/05/2025,30/05/2025,
1487812,336959,SID,4922,"215/75R17,5 PM VZE-1 190",Em Produção,02/06/2025,06/06/2025,
1487813,336959,SID,5222,"215/75R17,5 PM VZE-1 190",Em Produção,02/06/2025,06/06/2025,
1487814,336959,SID,3320,"235/75R17,5 PM VL130 202",Em Produção,02/06/2025,06/06/2025,
1487815,336959,SID,1422,"235/75R17,5 PM VL130 202",Em Produção,02/06/2025,06/06/2025,
1487816,336959,SID,4620,"235/75R17,5 PM VL130 202",Em Produção,02/06/2025,06/06/2025,
1487817,336959,SID,0720,"235/75R17,5 PM VL130 202",Em Produção,02/06/2025,06/06/2025,
1487818,336959,SID,5022,"215/75R17,5 PM VZE-1 180",Recusado no Exame Final,02/06/2025,06/06/2025,
1487819,336959,SID,5022a,"215/75R17,5 PM VZE-1 180",Em Produção,02/06/2025,06/06/2025,
1487820,336959,SID,0921,"215/75R17,5 PM VZE-1 160",Em Produção,02/06/2025,06/06/2025,
1487821,336959,SID,4820,"215/75R17,5 PM VZE-1 160",Em Produção,02/06/2025,06/06/2025,
1487822,336959,SID,1421,"215/75R17,5 PM VZE-1 180",Em Produção,02/06/2025,06/06/2025,
1487823,336959,SID,4822,"215/75R17,5 PM VZE-1 180",Em Produção,02/06/2025,06/06/2025,
1487824,336959,SID,5023,"215/75R17,5 PM VZE-1 180",Em Produção,02/06/2025,06/06/2025,
1487825,336959,SID,4519,"215/75R17,5 PM VZE-1 180",Em Produção,02/06/2025,06/06/2025,
1487826,336959,SID,1421,"215/75R17,5 PM VZE-1 180",Em Produção,02/06/2025,06/06/2025,
1487827,336959,SID,1323,"215/75R17,5 PM VZE-1 160",Em Produção,02/06/2025,06/06/2025,
1487965,336975,SID,3323,"295/80R22,5 PM VL130 226",Em Produção,02/06/2025,06/06/2025,
1487966,336975,SID,2123,"295/80R22,5 PM VL130 226",Em Produção,02/06/2025,06/06/2025,
1487967,336975,SID,2123A,"295/80R22,5 PM VL130 226",Em Produção,02/06/2025,06/06/2025,
1487968,336975,SID,0324,"295/80R22,5 PM VL110L 218",Em Produção,02/06/2025,06/06/2025,
1487969,336975,SID,3923A,"295/80R22,5 PM VL110L 218",Em Produção,02/06/2025,06/06/2025,
1487970,336975,SID,1124,"295/80R22,5 PM VL130 226",Em Produção,02/06/2025,06/06/2025,
1487971,336975,SID,3923,"295/80R22,5 PM VL110L 218",Em Produção,02/06/2025,06/06/2025,
1487972,336975,SID,1123,"295/80R22,5 PM VL110L 218",Em Produção,02/06/2025,06/06/2025,
1487979,336984,SID,5022,"295/80R22,5 PM VL110LA 250",Em Produção,02/06/2025,06/06/2025,
1487980,336984,SID,1021,"295/80R22,5 PM VL110LA 242",Em Produção,02/06/2025,06/06/2025,
1487981,336984,SID,2022,"295/80R22,5 PM VL110LA 242",Em Produção,02/06/2025,06/06/2025,
1487982,336984,SID,0123,"295/80R22,5 PM VL110LA 234",Em Produção,02/06/2025,06/06/2025,
1487983,336984,SID,3023,"295/80R22,5 PM VL110LA 242",Em Produção,02/06/2025,06/06/2025,
1487984,336984,SID,0221,"295/80R22,5 PM VL110LA 234",Em Produção,02/06/2025,06/06/2025,
1487985,336984,SID,0122,"295/80R22,5 PM VL110LA 250",Em Produção,02/06/2025,06/06/2025,
1487986,336984,SID,3520,"295/80R22,5 PM VL110LA 234",Em Produção,02/06/2025,06/06/2025,
1487987,336984,SID,2022A,"295/80R22,5 PM VL110LA 234",Em Produção,02/06/2025,06/06/2025,
1487988,336984,SID,0422,"295/80R22,5 PM VL110LA 242",Em Produção,02/06/2025,06/06/2025,
1488060,337006,SID,2222,"275/80R22,5 PM VRT1 220",Em Produção,02/06/2025,06/06/2025,
1488064,337006,SID,4321a,"275/80R22,5 PM VM530L 234",Em Produção,02/06/2025,06/06/2025,
1488061,337006,SID,4022,"275/80R22,5 PM VL110L 218",Em Produção,02/06/2025,06/06/2025,
1488062,337006,SID,4321,"275/80R22,5 PM VM530L 226",Em Produção,02/06/2025,06/06/2025,
1488063,337006,SID,4522,"275/80R22,5 PM VT120L 234",Em Produção,02/06/2025,06/06/2025,
1488065,337006,SID,4321b,"275/80R22,5 PM VM530L 234",Em Produção,02/06/2025,06/06/2025,
1488066,337006,SID,4422,"275/80R22,5 PM VM530L 226",Em Produção,02/06/2025,06/06/2025,
1488067,337006,SID,0517,"275/80R22,5 PM VL110L 218",Em Produção,02/06/2025,06/06/2025,
1488068,337006,SID,0617,"275/80R22,5 PM VL110L 218",Em Produção,02/06/2025,06/06/2025,
1488069,337006,SID,0217,"275/80R22,5 PM VL110L 218",Em Produção,02/06/2025,06/06/2025,
1488070,337006,SID,3519,"275/80R22,5 PM VL110L 218",Em Produção,02/06/2025,06/06/2025,
1489483,337254,SID,0423,"295/80R22,5 PM DVUM3 B 250",Em Produção,04/06/2025,06/06/2025,
1489485,337254,SID,3223c,"295/80R22,5 PM DVUM3 B 250",Em Produção,04/06/2025,06/06/2025,
1489491,337254,SID,3223g,"295/80R22,5 PM DVUM3 B 250",Em Produção,04/06/2025,06/06/2025,
1489467,337254,SID,3223,"295/80R22,5 PM DVUM3 B 250",Em Produção,04/06/2025,06/06/2025,
1489468,337254,SID,3223a,"295/80R22,5 PM DVUM3 B 250",Em Produção,04/06/2025,06/06/2025,
1489469,337254,SID,3422,"295/80R22,5 PM DVUM3 B 250",Em Produção,04/06/2025,06/06/2025,
1489470,337254,SID,3223b,"295/80R22,5 PM DVUM3 B 250",Em Produção,04/06/2025,06/06/2025,
1489471,337254,SID,0123,"295/80R22,5 PM DVUM3 B 242",Em Produção,04/06/2025,06/06/2025,
1489472,337254,SID,3522,"295/80R22,5 PM DVUM3 B 250",Em Produção,04/06/2025,06/06/2025,
1489473,337254,SID,1224,"295/80R22,5 PM DVUM3 B 258",Em Produção,04/06/2025,06/06/2025,
1489474,337254,SID,4823,"295/80R22,5 PM DVUM3 B 258",Em Produção,04/06/2025,06/06/2025,
1489475,337254,SID,4023,"295/80R22,5 PM DVUM3 B 258",Em Produção,04/06/2025,06/06/2025,
1489476,337254,SID,4123,"295/80R22,5 PM DVUM3 B 258",Em Produção,04/06/2025,06/06/2025,
1489477,337254,SID,4023a,"295/80R22,5 PM DVUM3 B 258",Em Produção,04/06/2025,06/06/2025,
1489478,337254,SID,1224a,"295/80R22,5 PM DVUM3 B 258",Em Produção,04/06/2025,06/06/2025,
1489479,337254,SID,4823b,"295/80R22,5 PM DVUM3 B 258",Em Produção,04/06/2025,06/06/2025,
1489480,337254,SID,1524,"295/80R22,5 PM DVUM3 B 234",Em Produção,04/06/2025,06/06/2025,
1489481,337254,SID,1324,"295/80R22,5 PM DVUM3 B 234",Em Produção,04/06/2025,06/06/2025,
1489482,337254,SID,1524a,"295/80R22,5 PM DVUM3 B 234",Em Produção,04/06/2025,06/06/2025,
1489484,337254,SID,1524b,"295/80R22,5 PM DVUM3 B 234",Em Produção,04/06/2025,06/06/2025,
1489486,337254,SID,3223d,"295/80R22,5 PM DVUM3 B 250",Em Produção,04/06/2025,06/06/2025,
1489487,337254,SID,3223e,"295/80R22,5 PM DVUM3 B 250",Em Produção,04/06/2025,06/06/2025,
1489488,337254,SID,3223f,"295/80R22,5 PM DVUM3 B 250",Em Produção,04/06/2025,06/06/2025,
1489489,337254,SID,1324b,"295/80R22,5 PM DVUM3 B 234",Em Produção,04/06/2025,06/06/2025,
1489490,337254,SID,1424,"295/80R22,5 PM DVUM3 B 234",Em Produção,04/06/2025,06/06/2025,
1489492,337254,SID,1623,"295/80R22,5 PM DVUM3 B 242",Em Produção,04/06/2025,06/06/2025,
1492222,337728,SID,0723,"275/80R22,5 PM VM530L 242",Em Produção,10/06/2025,11/06/2025,
1492223,337728,SID,4322,"275/80R22,5 PM VM530L 242",Em Produção,10/06/2025,11/06/2025,
1492224,337728,SID,0824,"275/80R22,5 PM VM530L 242",Em Produção,10/06/2025,11/06/2025,
1492225,337728,SID,3220,"275/80R22,5 PM VM530L 242",Em Produção,10/06/2025,11/06/2025,
1492226,337728,SID,2723,"275/80R22,5 PM VM530L 242",Em Produção,10/06/2025,11/06/2025,
1492580,337807,SID,1224,225/75R16 REPARO VULC,Em Produção,10/06/2025,12/06/2025,
1493504,337978,SID,1324,"295/80R22,5 PM DVUM3 B 258",Em Produção,12/06/2025,13/06/2025,
1493505,337978,SID,0924,"295/80R22,5 PM DVUM3 B 258",Em Produção,12/06/2025,13/06/2025,
1493506,337978,SID,0424,"295/80R22,5 PM DVUM3 B 258",Em Produção,12/06/2025,13/06/2025,
1493507,337978,SID,1324a,"295/80R22,5 PM DVUM3 B 258",Em Produção,12/06/2025,13/06/2025,
1493508,337978,SID,0424a,"295/80R22,5 PM DVUM3 B 258",Em Produção,12/06/2025,13/06/2025,
1493514,337982,SID,2223,"295/80R22,5 PM VL110LA 226",Em Produção,12/06/2025,16/06/2025,
1493523,337982,SID,0522,"295/80R22,5 PM VL110LA 234",Em Produção,12/06/2025,16/06/2025,
1493509,337982,SID,4621,"295/80R22,5 PM VL110LA 218",Em Produção,12/06/2025,16/06/2025,
1493510,337982,SID,0822,"295/80R22,5 PM VL110LA 218",Em Produção,12/06/2025,16/06/2025,
1493511,337982,SID,3223,"295/80R22,5 PM VL110LA 226",Em Produção,12/06/2025,16/06/2025,
1493512,337982,SID,2123,"295/80R22,5 PM VL110LA 226",Em Produção,12/06/2025,16/06/2025,
1493513,337982,SID,2023,"295/80R22,5 PM VL110LA 226",Em Produção,12/06/2025,16/06/2025,
1493515,337982,SID,2123a,"295/80R22,5 PM VL110LA 226",Em Produção,12/06/2025,16/06/2025,
1493516,337982,SID,4223,"295/80R22,5 PM VL110LA 226",Em Produção,12/06/2025,16/06/2025,
1493517,337982,SID,2823,"295/80R22,5 PM VL110LA 226",Em Produção,12/06/2025,16/06/2025,
1493518,337982,SID,2023a,"295/80R22,5 PM VL110LA 226",Em Produção,12/06/2025,16/06/2025,
1493519,337982,SID,3223a,"295/80R22,5 PM VL110LA 226",Em Produção,12/06/2025,16/06/2025,
1493520,337982,SID,2123a,"295/80R22,5 PM VL110LA 226",Em Produção,12/06/2025,16/06/2025,
1493521,337982,SID,0522,"295/80R22,5 PM VL110LA 234",Em Produção,12/06/2025,16/06/2025,
1493522,337982,SID,2721,"295/80R22,5 PM VL110LA 218",Em Produção,12/06/2025,16/06/2025,
1493524,337982,SID,1323,"295/80R22,5 PM VL110LA 234",Em Produção,12/06/2025,16/06/2025,
1493525,337982,SID,1223,"295/80R22,5 PM VL110LA 242",Em Produção,12/06/2025,16/06/2025,
1493987,338098,SID,2723,"275/80R22,5 PM VM530L 242",Em Produção,13/06/2025,17/06/2025,
1494682,338230,SID,0924,"295/80R22,5 PM DVUM3 B 258",Em Produção,16/06/2025,19/06/2025,
1494683,338230,SID,0924a,"295/80R22,5 PM DVUM3 B 258",Em Produção,16/06/2025,19/06/2025,
1494684,338230,SID,2423,"295/80R22,5 PM DVUM3 B 258",Em Produção,16/06/2025,19/06/2025,
1494685,338230,SID,0324,"295/80R22,5 PM DVUM3 B 234",Em Produção,16/06/2025,19/06/2025,
1494686,338230,SID,0324a,"295/80R22,5 PM DVUM3 B 234",Em Produção,16/06/2025,19/06/2025,
1494687,338230,SID,0924b,"295/80R22,5 PM DVUM3 B 258",Em Produção,16/06/2025,19/06/2025,
1494688,338230,SID,4023,"295/80R22,5 PM DVUM3 B 258",Em Produção,16/06/2025,19/06/2025,
1494689,338230,SID,2423a,"295/80R22,5 PM DVUM3 B 258",Em Produção,16/06/2025,19/06/2025,
1494690,338230,SID,0924c,"295/80R22,5 PM DVUM3 B 258",Em Produção,16/06/2025,19/06/2025,
1495487,338384,SID,0424,"275/80R22,5 PM VM530L 234",Em Produção,17/06/2025,18/06/2025,
1497990,338742,EMPILHADEIRAS NOBRE COM. DE MAQUINAS E SERVIÇOS EIRELI EPP,0000,650X10 PM VI600 162,Em Produção,23/06/2025,01/07/2025,
1499405,339061,SID,0424,"275/80R22,5 PM DVRM 234",Em Produção,25/06/2025,27/06/2025,
1499406,339061,SID,0424a,"275/80R22,5 PM DVRM 234",Em Produção,25/06/2025,27/06/2025,
1499854,339131,SID,0424,"275/80R22,5 PM VL110LA 226",Em Produção,26/06/2025,30/06/2025,
1499855,339131,SID,5022,"275/80R22,5 PM VL110LA 226",Em Produção,26/06/2025,30/06/2025,
1499856,339131,SID,1123,"275/80R22,5 PM VL110LA 226",Em Produção,26/06/2025,30/06/2025,
1499857,339131,SID,0723,"275/80R22,5 PM VL110LA 218",Em Produção,26/06/2025,30/06/2025,
1502146,339594,SID,3821,650X10 PM VI600 154,Em Produção,02/07/2025,08/07/2025,
1502314,339623,SID,1819a,"275/80R22,5 PM VL130 218",Em Produção,02/07/2025,04/07/2025,
1502305,339623,SID,4021,"275/80R22,5 PM VL110LA 218",Em Produção,02/07/2025,04/07/2025,
1502306,339623,SID,1119,"275/80R22,5 PM VL130 218",Em Produção,02/07/2025,04/07/2025,
1502307,339623,SID,3820,"275/80R22,5 PM VL110LA 218",Em Produção,02/07/2025,04/07/2025,
1502308,339623,SID,0421,"275/80R22,5 PM VL110LA 218",Em Produção,02/07/2025,04/07/2025,
1502309,339623,SID,4820,"275/80R22,5 PM VL110LA 218",Em Produção,02/07/2025,04/07/2025,
1502310,339623,SID,4119,"275/80R22,5 PM VL110LA 218",Em Produção,02/07/2025,04/07/2025,
1502311,339623,SID,4719,"275/80R22,5 PM VL130 218",Em Produção,02/07/2025,04/07/2025,
1502312,339623,SID,0421a,"275/80R22,5 PM VL110LA 218",Em Produção,02/07/2025,04/07/2025,
1502313,339623,SID,1819,"275/80R22,5 PM VL130 218",Em Produção,02/07/2025,04/07/2025,
1502315,339623,SID,0318,"275/80R22,5 PM VL130 218",Em Produção,02/07/2025,04/07/2025,
1502316,339623,SID,0318a,"275/80R22,5 PM VL110LA 218",Em Produção,02/07/2025,04/07/2025,
1502317,339623,SID,3520,"275/80R22,5 PM VL130 218",Em Produção,02/07/2025,04/07/2025,
1503568,339838,SID,AJTW5221,"215/75R17,5 PM VZE-1 180",Em Produção,04/07/2025,11/07/2025,
1503562,339838,SID,0923,205/75R16 PM VP430L 175,Em Produção,04/07/2025,11/07/2025,
1503563,339838,SID,4922,205/75R16 PM VP430L 175,Em Produção,04/07/2025,11/07/2025,
1503564,339838,SID,1XYW1421,"215/75R17,5 PM VZE-1 190",Em Produção,04/07/2025,11/07/2025,
1503565,339838,SID,1919,"215/75R17,5 PM VZE-1 190",Em Produção,04/07/2025,11/07/2025,
1503566,339838,SID,2119,"215/75R17,5 PM VZE-1 190",Em Produção,04/07/2025,11/07/2025,
1503567,339838,SID,4919,"215/75R17,5 PM VZE-1 190",Em Produção,04/07/2025,11/07/2025,
1503569,339838,SID,1020,"215/75R17,5 PM VZE-1 190",Em Produção,04/07/2025,11/07/2025,
1503570,339838,SID,1XYY2621,"215/75R17,5 PM VZE-1 160",Em Produção,04/07/2025,11/07/2025,
1503571,339838,SID,3321,"215/75R17,5 PM VZE-1 190",Em Produção,04/07/2025,11/07/2025,
1503572,339838,SID,0220,"215/75R17,5 PM VZE-1 190",Em Produção,04/07/2025,11/07/2025,
1503573,339838,SID,5119,"215/75R17,5 PM VZE-1 190",Em Produção,04/07/2025,11/07/2025,
1503574,339838,SID,5019,"215/75R17,5 PM VZE-1 190",Em Produção,04/07/2025,11/07/2025,
1503575,339838,SID,5019,"215/75R17,5 PM VZE-1 190",Em Produção,04/07/2025,11/07/2025,
1503644,339863,SID,4322,"235/75R17,5 PM DVRM 198",Em Produção,04/07/2025,,
1503645,339863,SID,2221,"235/75R17,5 PM VL110L 200",Em Produção,04/07/2025,,
1503646,339863,SID,0318,"235/75R17,5 PM VL110L 200",Em Produção,04/07/2025,,
1503647,339863,SID,3718,"235/75R17,5 PM VL110L 200",Em Produção,04/07/2025,,
1503648,339863,SID,2818,"235/75R17,5 PM VL110L 200",Em Produção,04/07/2025,,
1503642,339863,SID,1220,"235/75R17,5 PM VL110L 200",Em Produção,04/07/2025,,
1503643,339863,SID,0222,"235/75R17,5 PM DVRM 198",Em Produção,04/07/2025,,
1504197,339952,SID,0424,"275/80R22,5 PM VM530L 210",Em Produção,07/07/2025,10/07/2025,
1504198,339952,SID,0424a,"275/80R22,5 PM VM530L 210",Em Produção,07/07/2025,10/07/2025,
1504199,339952,SID,2724,"275/80R22,5 PM VM530L 234",Em Produção,07/07/2025,10/07/2025,
1504200,339952,SID,4623,"275/80R22,5 PM VM530L 210",Em Produção,07/07/2025,10/07/2025,
1504201,339952,SID,1224,"275/80R22,5 PM VM530L 210",Em Produção,07/07/2025,10/07/2025,
1504202,339952,SID,0224,"275/80R22,5 PM VM530L 210",Em Produção,07/07/2025,10/07/2025,
1504203,339952,SID,1524,"275/80R22,5 PM VM530L 210",Em Produção,07/07/2025,10/07/2025,
1504204,339952,SID,0424B,"275/80R22,5 PM VM530L 210",Em Produção,07/07/2025,10/07/2025,
1504205,339952,SID,2122,"275/80R22,5 PM VM530L 242",Em Produção,07/07/2025,10/07/2025,
1504206,339952,SID,0224,"275/80R22,5 PM VM530L 234",Em Produção,07/07/2025,10/07/2025,
1504207,339952,SID,2724,"275/80R22,5 PM VM530L 234",Em Produção,07/07/2025,10/07/2025,
1504208,339952,SID,2122a,"275/80R22,5 PM VM530L 242",Em Produção,07/07/2025,10/07/2025,
1504209,339952,SID,4723,"275/80R22,5 PM VM530L 234",Em Produção,07/07/2025,10/07/2025,
1505070,340070,IRACI DE FATIMA RIBERIO DE AZEVEDO,0223,205/75R16 PM VP430L 175,Em Produção,08/07/2025,11/07/2025,
1507193,340496,SID,4323,"295/80R22,5 PM VL110L 218",Em Produção,14/07/2025,17/07/2025,
1507194,340496,SID,0824,"295/80R22,5 PM VL110L 218",Em Produção,14/07/2025,17/07/2025,
1507195,340496,SID,4223,"295/80R22,5 PM VL110L 218",Em Produção,14/07/2025,17/07/2025,
1507196,340496,SID,4323a,"295/80R22,5 PM VL110L 218",Em Produção,14/07/2025,17/07/2025,
1507197,340496,SID,4323b,"295/80R22,5 PM VL110L 218",Em Produção,14/07/2025,17/07/2025,
1507198,340496,SID,4323c,"295/80R22,5 PM VL110L 218",Em Produção,14/07/2025,17/07/2025,
1507199,340496,SID,2423,"295/80R22,5 PM VL110L 218",Em Produção,14/07/2025,17/07/2025,
1507200,340496,SID,0824,"295/80R22,5 PM VL110L 218",Em Produção,14/07/2025,17/07/2025,
1507201,340496,SID,3223,"295/80R22,5 PM VL110LA 226",Em Produção,14/07/2025,17/07/2025,
1507202,340496,SID,4422,"295/80R22,5 PM VL110LA 234",Em Produção,14/07/2025,17/07/2025,
1507203,340496,SID,0724,"295/80R22,5 PM VL110LA 226",Em Produção,14/07/2025,17/07/2025,
1507204,340496,SID,0724,"295/80R22,5 PM VL110LA 226",Em Produção,14/07/2025,17/07/2025,
1507205,340496,SID,0724a,"295/80R22,5 PM VL110LA 226",Em Produção,14/07/2025,17/07/2025,
1507206,340496,SID,4023,"295/80R22,5 PM VL110LA 250",Em Produção,14/07/2025,17/07/2025,
1510570,340496,SID,1723,"295/80R22,5 PM VL110LA 218",Em Produção,21/07/2025,17/07/2025,
1507866,340627,SID,137,"235/75R17,5 PM DVRM 198",Em Produção,15/07/2025,18/07/2025,
1507867,340627,SID,136,"235/75R17,5 PM DVRM 198",Em Produção,15/07/2025,18/07/2025,
1509511,340976,SID,2370,"275/80R22,5 PM VM530L 218",Em Produção,17/07/2025,18/07/2025,
1509512,340976,SID,2368,"275/80R22,5 PM VM530L 218",Em Produção,17/07/2025,18/07/2025,
1509513,340976,SID,2367,"275/80R22,5 PM VM530L 218",Em Produção,17/07/2025,18/07/2025,
1509514,340976,SID,2382,"275/80R22,5 PM VM530L 234",Em Produção,17/07/2025,18/07/2025,
1509515,340976,SID,2365,"275/80R22,5 PM VM530L 218",Em Produção,17/07/2025,18/07/2025,
1510487,340999,SID,0623,"215/75R17,5 PM VZE-1 190",Em Produção,21/07/2025,24/07/2025,
1510476,340999,SID,2421,"215/75R17,5 PM VZE-1 190",Em Produção,21/07/2025,24/07/2025,
1510477,340999,SID,1624,"215/75R17,5 PM VZE-1 190",Recusado no Exame Inicial,21/07/2025,24/07/2025,
1510478,340999,SID,2723,"215/75R17,5 PM VZE-1 190",Em Produção,21/07/2025,24/07/2025,
1510479,340999,SID,2823,"215/75R17,5 PM VZE-1 190",Em Produção,21/07/2025,24/07/2025,
1510480,340999,SID,1624a,"215/75R17,5 PM VZE-1 190",Em Produção,21/07/2025,24/07/2025,
1510481,340999,SID,1624b,"215/75R17,5 PM VZE-1 190",Em Produção,21/07/2025,24/07/2025,
1510482,340999,SID,3422,"215/75R17,5 REPARO VULC",Recusado no Exame Inicial,21/07/2025,24/07/2025,
1510483,340999,SID,1624c,"215/75R17,5 PM VZE-1 190",Recusado no Exame Inicial,21/07/2025,24/07/2025,
1510484,340999,SID,3422a,"215/75R17,5 PM VZE-1 190",Recusado no Exame Inicial,21/07/2025,24/07/2025,
1510485,340999,SID,2723a,"215/75R17,5 PM VZE-1 190",Em Produção,21/07/2025,24/07/2025,
1510486,340999,SID,2723b,"215/75R17,5 PM VZE-1 190",Em Produção,21/07/2025,24/07/2025,
1510488,340999,SID,3523,"215/75R17,5 PM VZE-1 190",Recusado no Exame Inicial,21/07/2025,24/07/2025,
1510489,340999,SID,1123,"215/75R17,5 PM VZE-1 190",Recusado no Exame Inicial,21/07/2025,24/07/2025,
1510490,341000,SID,3121,205/75R16 PM VP430L 185,Recusado no Exame Inicial,21/07/2025,23/07/2025,
1510491,341000,SID,3121A,205/75R16 PM VP430L 175,Em Produção,21/07/2025,23/07/2025,
1510492,341000,SID,1422,205/75R16 PM VP430L 175,Em Produção,21/07/2025,23/07/2025,
1510493,341000,SID,2521,205/75R16 PM VP430L 175,Em Produção,21/07/2025,23/07/2025,
1510494,341000,SID,4522,205/75R16 PM VP430L 175,Em Produção,21/07/2025,23/07/2025,
1510495,341000,SID,4522A,205/75R16 PM VP430L 165,Em Produção,21/07/2025,23/07/2025,
1510496,341000,SID,4622,205/75R16 PM VP430L 175,Em Produção,21/07/2025,23/07/2025,
1510497,341000,SID,3722,205/75R16 PM VP430L 185,Recusado no Exame Final,21/07/2025,23/07/2025,
1510507,341001,SID,3519A,225/75R16 PM VP430L 185,Em Produção,21/07/2025,23/07/2025,
1510498,341001,SID,5223,225/65R16 PM VP430L 185,Em Produção,21/07/2025,23/07/2025,
1510499,341001,SID,5223A,225/65R16 PM VP430L 185,Em Produção,21/07/2025,23/07/2025,
1510500,341001,SID,5223B,225/65R16 PM VP430L 185,Em Produção,21/07/2025,23/07/2025,
1510501,341001,SID,5323,225/65R16 PM VP430L 185,Em Produção,21/07/2025,23/07/2025,
1510502,341001,SID,5223C,225/65R16 PM VP430L 185,Recusado no Exame Inicial,21/07/2025,23/07/2025,
1510503,341001,SID,3824,225/65R16 PM VP430L 185,Recusado no Exame Inicial,21/07/2025,23/07/2025,
1510504,341001,SID,3519,225/75R16 PM VP430L 185,Em Produção,21/07/2025,23/07/2025,
1510505,341001,SID,3919,225/75R16 PM VP430L 185,Em Produção,21/07/2025,23/07/2025,
1510506,341001,SID,4219,225/75R16 PM VP430L 185,Em Produção,21/07/2025,23/07/2025,
1510508,341001,SID,3622,225/65R16 PM VP430L 175,Em Produção,21/07/2025,23/07/2025,
1510509,341001,SID,3622A,225/65R16 PM VP430L 175,Em Produção,21/07/2025,23/07/2025,
1510510,341001,SID,5223H,225/65R16 PM VP430L 175,Em Produção,21/07/2025,23/07/2025,
1510511,341001,SID,5223G,225/65R16 PM VP430L 175,Em Produção,21/07/2025,23/07/2025,
1510512,341002,SID,3323,175/65R14 PM VP401 165,Recusado no Exame Inicial,21/07/2025,23/07/2025,
1510513,341002,SID,1123,"235/75R17,5 PM DVRM 198",Recusado no Exame Inicial,21/07/2025,23/07/2025,
1511208,341253,SID,1623,"295/80R22,5 PM VRT1 240",Em Produção,22/07/2025,24/07/2025,
1511209,341253,SID,1623a,"295/80R22,5 PM VRT1 250",Em Produção,22/07/2025,24/07/2025,
1511204,341253,SID,3723,"295/80R22,5 PM VRT1 250",Em Produção,22/07/2025,24/07/2025,
1511205,341253,SID,3723a,"295/80R22,5 PM VRT1 250",Em Produção,22/07/2025,24/07/2025,
1511206,341253,SID,3723b,"295/80R22,5 PM VRT1 250",Em Produção,22/07/2025,24/07/2025,
1511207,341253,SID,4522,"295/80R22,5 PM VRT1 250",Em Produção,22/07/2025,24/07/2025,
1511210,341253,SID,2724,"295/80R22,5 PM VRT1 250",Em Produção,22/07/2025,24/07/2025,
1511211,341253,SID,4522,"295/80R22,5 PM VRT1 250",Em Produção,22/07/2025,24/07/2025,
1511212,341253,SID,0724,"295/80R22,5 PM VRT1 250",Em Produção,22/07/2025,24/07/2025,
1511374,341262,SID,3522,"295/80R22,5 PM VM530L 250",Em Produção,22/07/2025,25/07/2025,
1511375,341262,SID,1623,"295/80R22,5 PM VM530L 250",Em Produção,22/07/2025,25/07/2025,
1511376,341262,SID,4823,"295/80R22,5 PM VM530L 258",Em Produção,22/07/2025,25/07/2025,
1511377,341262,SID,4823a,"295/80R22,5 PM VM530L 258",Em Produção,22/07/2025,25/07/2025,
1513877,341684,SID,2724,"295/80R22,5 PM VL130 226",Recusado no Exame Inicial,28/07/2025,31/07/2025,
1513878,341684,SID,2724,"295/80R22,5 PM VL130 226",Recusado no Exame Inicial,28/07/2025,31/07/2025,
1513879,341684,SID,2724,"295/80R22,5 PM VL130 226",Recusado no Exame Inicial,28/07/2025,31/07/2025,
1513880,341684,SID,2724,"295/80R22,5 PM VL130 226",Recusado no Exame Inicial,28/07/2025,31/07/2025,
1513881,341684,SID,1623,"295/80R22,5 PM VL130 226",Recusado no Exame Inicial,28/07/2025,31/07/2025,
1513882,341684,SID,4522,"295/80R22,5 PM VL130 226",Recusado no Exame Inicial,28/07/2025,31/07/2025,
1513883,341684,SID,2724,"295/80R22,5 PM VL130 226",Recusado no Exame Inicial,28/07/2025,31/07/2025,
1513884,341684,SID,1623,"295/80R22,5 PM VL130 242",Em Produção,28/07/2025,31/07/2025,
1513885,341684,SID,1723,"295/80R22,5 PM VL130 226",Recusado no Exame Inicial,28/07/2025,31/07/2025,
1513886,341684,SID,1723,"295/80R22,5 PM VL130 226",Recusado no Exame Inicial,28/07/2025,31/07/2025,
1516472,342166,SID,0424,"275/80R22,5 PM VM530L 234",Em Produção,01/08/2025,08/08/2025,
1516473,342166,SID,4522,"275/80R22,5 PM VM530L 242",Em Produção,01/08/2025,08/08/2025,
1516474,342166,SID,1224,"275/80R22,5 PM VM530L 210",Em Produção,01/08/2025,08/08/2025,
1516475,342166,SID,0724,"275/80R22,5 PM VM530L 210",Em Produção,01/08/2025,08/08/2025,
1516476,342166,SID,0224,"275/80R22,5 PM VM530L 234",Em Produção,01/08/2025,08/08/2025,
1516477,342166,SID,4723,"275/80R22,5 PM VM530L 242",Em Produção,01/08/2025,08/08/2025,
1516478,342166,SID,0924,"275/80R22,5 PM VM530L 234",Em Produção,01/08/2025,08/08/2025,
1516479,342166,SID,5023,"275/80R22,5 PM VM530L 210",Em Produção,01/08/2025,08/08/2025,
1516480,342166,SID,4623,"275/80R22,5 PM VM530L 210",Em Produção,01/08/2025,08/08/2025,
1516481,342166,SID,0424,"275/80R22,5 PM VM530L 210",Em Produção,01/08/2025,08/08/2025,
1516482,342166,SID,4623A,"275/80R22,5 PM VM530L 210",Em Produção,01/08/2025,08/08/2025,
1516483,342166,SID,4923,"275/80R22,5 PM VM530L 210",Em Produção,01/08/2025,08/08/2025,
1516484,342166,SID,5022,"295/80R22,5 PM VL110LA 234",Em Produção,01/08/2025,08/08/2025,
1516485,342166,SID,0324,"295/80R22,5 PM VT120L 234",Em Produção,01/08/2025,08/08/2025,
1516486,342166,SID,0324A,"295/80R22,5 PM VT120L 234",Em Produção,01/08/2025,08/08/2025,
1516487,342166,SID,0524,"295/80R22,5 PM VL110LA 226",Em Produção,01/08/2025,08/08/2025,
1516488,342166,SID,0324B,"295/80R22,5 PM VL110LA 226",Em Produção,01/08/2025,08/08/2025,
1516489,342166,SID,4622,"295/80R22,5 PM VL110LA 234",Em Produção,01/08/2025,08/08/2025,
1516490,342166,SID,3223,"295/80R22,5 PM VL110LA 242",Em Produção,01/08/2025,08/08/2025,
1516491,342166,SID,4123,"295/80R22,5 PM VL110LA 226",Em Produção,01/08/2025,08/08/2025,
1516993,342272,SID,3122,"235/75R17,5 PM DVRM 190",Em Produção,04/08/2025,07/08/2025,
1516994,342272,SID,0423,"215/75R17,5 PM VZE-1 180",Em Produção,04/08/2025,07/08/2025,
1516995,342272,SID,0423a,"215/75R17,5 PM VZE-1 180",Em Produção,04/08/2025,07/08/2025,
1516996,342272,SID,0423b,"215/75R17,5 PM VZE-1 180",Em Produção,04/08/2025,07/08/2025,
1516997,342272,SID,0624,"215/75R17,5 PM VZE-1 180",Em Produção,04/08/2025,07/08/2025,
1516998,342272,SID,0624a,"215/75R17,5 PM VZE-1 180",Em Produção,04/08/2025,07/08/2025,
1516999,342272,SID,0624b,"215/75R17,5 PM VZE-1 180",Em Produção,04/08/2025,07/08/2025,
1517000,342272,SID,3421,"215/75R17,5 PM VZE-1 190",Em Produção,04/08/2025,07/08/2025,
1517001,342272,SID,4422,"215/75R17,5 PM VZE-1 180",Em Produção,04/08/2025,07/08/2025,
1517002,342272,SID,5123,"215/75R17,5 PM VZE-1 180",Em Produção,04/08/2025,07/08/2025,
1517003,342272,SID,5223,"215/75R17,5 PM VZE-1 180",Em Produção,04/08/2025,07/08/2025,
1516992,342272,SID,4220,"235/75R17,5 PM DVRM 190",Em Produção,04/08/2025,07/08/2025,
1517009,342275,SID,3223,"215/75R17,5 PM VZE-1 180",Em Produção,04/08/2025,07/08/2025,
1517004,342275,SID,2322,225/75R16 PM VP430L 185,Recusado no Exame Inicial,04/08/2025,07/08/2025,
1517005,342275,SID,2322A,225/75R16 PM VP430L 185,Em Produção,04/08/2025,07/08/2025,
1517006,342275,SID,2322B,225/75R16 PM VP430L 195,Em Produção,04/08/2025,07/08/2025,
1517007,342275,SID,3921,225/75R16 PM VP430L 195,Em Produção,04/08/2025,07/08/2025,
1517008,342275,SID,3321,225/75R16 PM VP430L 185,Em Produção,04/08/2025,07/08/2025,
1517739,342398,SID,4722,900X20 PM VT51 194,Em Produção,05/08/2025,07/08/2025,
1518984,342641,SID,4723,"275/80R22,5 PM VM530L 242",Em Produção,06/08/2025,08/08/2025,
1518985,342641,SID,2724,"275/80R22,5 PM VM530L 234",Em Produção,06/08/2025,08/08/2025,
1518986,342641,SID,1824,"275/80R22,5 PM VM530L 234",Em Produção,06/08/2025,08/08/2025,
1518987,342641,SID,0224,"275/80R22,5 PM VM530L 234",Em Produção,06/08/2025,08/08/2025,
1518988,342641,SID,3821,"275/80R22,5 PM VM530L 242",Em Produção,06/08/2025,08/08/2025,
1518989,342641,SID,4923,"275/80R22,5 PM VM530L 210",Em Produção,06/08/2025,08/08/2025,
1518990,342641,SID,5023,"275/80R22,5 PM VM530L 210",Em Produção,06/08/2025,08/08/2025,
1518991,342641,SID,5023a,"275/80R22,5 PM VM530L 210",Em Produção,06/08/2025,08/08/2025,
1518992,342641,SID,0424,"275/80R22,5 PM VM530L 210",Em Produção,06/08/2025,08/08/2025,
1518993,342641,SID,4923a,"275/80R22,5 PM VM530L 210",Em Produção,06/08/2025,08/08/2025,
1518994,342641,SID,2523,"275/80R22,5 PM VM530L 234",Em Produção,06/08/2025,08/08/2025,
1518995,342641,SID,2523a,"275/80R22,5 PM VM530L 234",Em Produção,06/08/2025,08/08/2025,
1518996,342641,SID,3824,"275/80R22,5 PM VM530L 234",Em Produção,06/08/2025,08/08/2025,
1520662,342925,SID,3723,"295/80R22,5 PM DVUM3 B 258",Em Produção,11/08/2025,14/08/2025,
1520663,342925,SID,1424,"295/80R22,5 PM DVUM3 B 234",Em Produção,11/08/2025,14/08/2025,
1520664,342925,SID,3323,"295/80R22,5 PM DVUM3 B 258",Em Produção,11/08/2025,14/08/2025,
1520665,342925,SID,4822,"295/80R22,5 PM DVUM3 B 250",Em Produção,11/08/2025,14/08/2025,
1520666,342925,SID,1123,"295/80R22,5 PM DVUM3 B 242",Em Produção,11/08/2025,14/08/2025,
1520667,342925,SID,5022,"295/80R22,5 PM DVUM3 B 242",Em Produção,11/08/2025,14/08/2025,
1520668,342925,SID,2324,"295/80R22,5 PM DVUM3 B 258",Em Produção,11/08/2025,14/08/2025,
1520669,342925,SID,4823,"295/80R22,5 PM DVUM3 B 258",Em Produção,11/08/2025,14/08/2025,
1520670,342925,SID,0323,"295/80R22,5 PM DVUM3 B 250",Em Produção,11/08/2025,14/08/2025,
1520671,342925,SID,3223,"295/80R22,5 PM DVUM3 B 250",Em Produção,11/08/2025,14/08/2025,
1520672,342925,SID,5223,"295/80R22,5 PM VL110LA 226",Em Produção,11/08/2025,14/08/2025,
1520673,342925,SID,1224,"295/80R22,5 PM DVUM3 B 258",Em Produção,11/08/2025,14/08/2025,
1520674,342925,SID,4423,"295/80R22,5 PM DVUM3 B 250",Em Produção,11/08/2025,14/08/2025,
1520675,342925,SID,0424,"295/80R22,5 PM DVUM3 B 258",Em Produção,11/08/2025,14/08/2025,
1520676,342925,SID,3923,"295/80R22,5 PM DVUM3 B 250",Em Produção,11/08/2025,14/08/2025,
1520677,342925,SID,3923A,"295/80R22,5 PM DVUM3 B 258",Em Produção,11/08/2025,14/08/2025,
1520678,342925,SID,2923,"295/80R22,5 PM DVUM3 B 258",Em Produção,11/08/2025,14/08/2025,
1520679,342925,SID,3223,"295/80R22,5 PM DVUM3 B 226",Em Produção,11/08/2025,14/08/2025,
1520680,342925,SID,4523,"295/80R22,5 PM DVUM3 B 250",Em Produção,11/08/2025,14/08/2025,
1520681,342925,SID,4923,"295/80R22,5 PM VL110LA 226",Em Produção,11/08/2025,14/08/2025,
1520682,342925,SID,4823,"295/80R22,5 PM DVUM3 B 258",Em Produção,11/08/2025,14/08/2025,
1521306,343051,SID,1224,"295/80R22,5 PM DVUM3 B 258",Em Produção,12/08/2025,13/08/2025,
1521741,343137,SID,1523,"295/80R22,5 PM DVUM3 B 242",Em Produção,13/08/2025,15/08/2025,
1521744,343137,SID,1523a,"295/80R22,5 PM DVUM3 B 242",Em Produção,13/08/2025,15/08/2025,
1521738,343137,SID,0824,"295/80R22,5 PM DVUM3 B 234",Em Produção,13/08/2025,15/08/2025,
1521739,343137,SID,1624,"295/80R22,5 PM DVUM3 B 234",Em Produção,13/08/2025,15/08/2025,
1521740,343137,SID,1624a,"295/80R22,5 PM DVUM3 B 234",Em Produção,13/08/2025,15/08/2025,
1521742,343137,SID,5223,"295/80R22,5 PM VL110LA 226",Em Produção,13/08/2025,15/08/2025,
1521743,343137,SID,1823,"295/80R22,5 PM DVUM3 B 242",Em Produção,13/08/2025,15/08/2025,
1521745,343137,SID,0424,"295/80R22,5 PM DVUM3 B 258",Em Produção,13/08/2025,15/08/2025,
1521746,343137,SID,0424b,"295/80R22,5 PM DVUM3 B 258",Em Produção,13/08/2025,15/08/2025,
1521747,343137,SID,4123,"295/80R22,5 PM VL110LA 226",Em Produção,13/08/2025,15/08/2025,
1521748,343137,SID,4123a,"295/80R22,5 PM VL110LA 226",Em Produção,13/08/2025,15/08/2025,
1521749,343137,SID,5223a,"295/80R22,5 PM VL110LA 226",Em Produção,13/08/2025,15/08/2025,
1521750,343137,SID,5223b,"295/80R22,5 PM VL110LA 226",Em Produção,13/08/2025,15/08/2025,
1521751,343137,SID,4123a,"295/80R22,5 PM VL110LA 226",Em Produção,13/08/2025,15/08/2025,
1521752,343137,SID,2323,"295/80R22,5 PM VL110LA 242",Em Produção,13/08/2025,15/08/2025,
1521753,343137,SID,4123c,"295/80R22,5 PM VL110LA 242",Em Produção,13/08/2025,15/08/2025,
1521754,343137,SID,3223c,"295/80R22,5 PM DVUM3 B 250",Em Produção,13/08/2025,15/08/2025,
1521755,343137,SID,4123d,"295/80R22,5 PM DVUM3 B 250",Em Produção,13/08/2025,15/08/2025,
1521756,343137,SID,3424,"295/80R22,5 PM DVUM3 B 258",Em Produção,13/08/2025,15/08/2025,
1521757,343137,SID,4823,"295/80R22,5 PM DVUM3 B 258",Em Produção,13/08/2025,15/08/2025,
1521758,343137,SID,3923,"295/80R22,5 PM DVUM3 B 258",Em Produção,13/08/2025,15/08/2025,
1521759,343137,SID,0424c,"295/80R22,5 PM DVUM3 B 258",Em Produção,13/08/2025,15/08/2025,
1522580,343302,SID,1124,"235/75R17,5 PM DVRM 198",Em Produção,14/08/2025,19/08/2025,
1522581,343302,SID,1124A,"235/75R17,5 PM DVRM 198",Em Produção,14/08/2025,19/08/2025,
1522582,343302,SID,0000,600X09 PM VI600 138,Recusado no Exame Inicial,14/08/2025,19/08/2025,
1522583,343302,SID,0000A,600X09 PM VI600 138,Em Produção,14/08/2025,19/08/2025,
1523108,343396,SID,5320,"275/80R22,5 PM VM530L 218",Em Produção,15/08/2025,19/08/2025,
1523109,343396,SID,0324,"295/80R22,5 PM VT120L 234",Em Produção,15/08/2025,19/08/2025,
1524586,343639,SID,0324,"275/80R22,5 PM DVUM3 B 234",Em Produção,19/08/2025,22/08/2025,
1524587,343639,SID,0224,"275/80R22,5 PM DVUM3 B 234",Em Produção,19/08/2025,22/08/2025,
1524588,343639,SID,4623,"275/80R22,5 PM DVUM3 B 210",Em Produção,19/08/2025,22/08/2025,
1524589,343639,SID,0224A,"275/80R22,5 PM DVUM3 B 210",Em Produção,19/08/2025,22/08/2025,
1524590,343639,SID,0324,"275/80R22,5 PM DVUM3 B 234",Em Produção,19/08/2025,22/08/2025,
1524620,343649,SID,1522,"295/80R22,5 PM VL110LA 234",Recusado no Exame Final,19/08/2025,22/08/2025,
1524604,343649,SID,0124,"295/80R22,5 PM VL110LA 242",Em Produção,19/08/2025,22/08/2025,
1524605,343649,SID,0124A,"295/80R22,5 PM VL110LA 242",Em Produção,19/08/2025,22/08/2025,
1524606,343649,SID,0124B,"295/80R22,5 PM VL110LA 242",Em Produção,19/08/2025,22/08/2025,
1524607,343649,SID,0124C,"295/80R22,5 PM VL110LA 242",Em Produção,19/08/2025,22/08/2025,
1524608,343649,SID,4623,"295/80R22,5 PM VL110LA 242",Em Produção,19/08/2025,22/08/2025,
1524609,343649,SID,4123,"295/80R22,5 PM VL110LA 226",Em Produção,19/08/2025,22/08/2025,
1524610,343649,SID,3223,"295/80R22,5 PM DVUM3 B 250",Em Produção,19/08/2025,22/08/2025,
1524611,343649,SID,3923,"295/80R22,5 PM VL110LA 242",Em Produção,19/08/2025,22/08/2025,
1524612,343649,SID,1123,"295/80R22,5 PM DVUM3 B 242",Em Produção,19/08/2025,22/08/2025,
1524613,343649,SID,1523,"295/80R22,5 PM VL110LA 234",Em Produção,19/08/2025,22/08/2025,
1524614,343649,SID,1523A,"295/80R22,5 PM VL110LA 234",Em Produção,19/08/2025,22/08/2025,
1524615,343649,SID,1523B,"295/80R22,5 PM VL110LA 234",Em Produção,19/08/2025,22/08/2025,
1524616,343649,SID,3223A,"295/80R22,5 PM DVUM3 B 258",Em Produção,19/08/2025,22/08/2025,
1524617,343649,SID,3223B,"295/80R22,5 PM DVUM3 B 258",Em Produção,19/08/2025,22/08/2025,
1524618,343649,SID,2123,"295/80R22,5 PM DVUM3 B 242",Em Produção,19/08/2025,22/08/2025,
1524619,343649,SID,2622,"295/80R22,5 PM VL110LA 234",Em Produção,19/08/2025,22/08/2025,
1524621,343649,SID,1223,"295/80R22,5 PM DVUM3 B 242",Em Produção,19/08/2025,22/08/2025,
1527504,344187,SID,2022,"275/80R22,5 PM VM530L 218",Em Produção,26/08/2025,29/08/2025,
1527505,344187,SID,4821,"275/80R22,5 PM VM530L 218",Em Produção,26/08/2025,29/08/2025,
1527506,344187,SID,3221,"275/80R22,5 PM VM530L 210",Em Produção,26/08/2025,29/08/2025,
1527507,344187,SID,2123,"275/80R22,5 PM PBA64-S 215",Em Produção,26/08/2025,29/08/2025,
1527508,344187,SID,1021,"275/80R22,5 PM DVUM3 B 226",Em Produção,26/08/2025,29/08/2025,
1527509,344187,SID,1621,"275/80R22,5 PM DVUM3 B 242",Em Produção,26/08/2025,29/08/2025,
1527510,344187,SID,2222,"275/80R22,5 PM DVUM3 B 226",Em Produção,26/08/2025,29/08/2025,
1527511,344187,SID,5123,"275/80R22,5 PM PBA64-S 215",Em Produção,26/08/2025,29/08/2025,
1527512,344187,SID,2223,"275/80R22,5 PM VM530L 218",Em Produção,26/08/2025,29/08/2025,
1527539,344189,SID,5123,"275/80R22,5 PM PBA64-S 215",Em Produção,26/08/2025,29/08/2025,
1527530,344189,SID,3721A,"275/80R22,5 PM VM530L 226",Em Produção,26/08/2025,29/08/2025,
1527529,344189,SID,3721,"275/80R22,5 PM DVUM3 B 226",Em Produção,26/08/2025,29/08/2025,
1527531,344189,SID,3421,"275/80R22,5 PM PBA64-S 225",Em Produção,26/08/2025,29/08/2025,
1527532,344189,SID,0121,"275/80R22,5 PM VM530L 242",Em Produção,26/08/2025,29/08/2025,
1527533,344189,SID,2221,"275/80R22,5 PM VM530L 210",Em Produção,26/08/2025,29/08/2025,
1527534,344189,SID,2822,"275/80R22,5 PM DVUM3 B 234",Em Produção,26/08/2025,29/08/2025,
1527535,344189,SID,4823,"275/80R22,5 PM VM530L 218",Em Produção,26/08/2025,29/08/2025,
1527536,344189,SID,3122,"275/80R22,5 PM VM530L 210",Em Produção,26/08/2025,29/08/2025,
1527537,344189,SID,0221,"275/80R22,5 PM PBA64-S 225",Em Produção,26/08/2025,29/08/2025,
1527538,344189,SID,2421,"275/80R22,5 PM DVUM3 B 242",Em Produção,26/08/2025,29/08/2025,
1528396,344347,SID,65839,"275/80R22,5 PM VM530L 226",Recusado no Exame Inicial,27/08/2025,29/08/2025,
1528397,344347,SID,0318,"275/80R22,5 PM VM530L 210",Em Produção,27/08/2025,29/08/2025,
1528398,344347,SID,4820,"275/80R22,5 PM VM530L 210",Em Produção,27/08/2025,29/08/2025,
1528399,344347,SID,0421,"275/80R22,5 PM VM530L 210",Em Produção,27/08/2025,29/08/2025,
1528400,344347,SID,3520,"275/80R22,5 PM VM530L 218",Em Produção,27/08/2025,29/08/2025,
1528401,344347,SID,0821,"275/80R22,5 PM VM530L 210",Em Produção,27/08/2025,29/08/2025,
1528402,344347,SID,3620,"275/80R22,5 PM VM530L 210",Em Produção,27/08/2025,29/08/2025,
1528403,344347,SID,1119,"275/80R22,5 PM VM530L 218",Em Produção,27/08/2025,29/08/2025,
1528404,344347,SID,0923,"275/80R22,5 PM VM530L 226",Em Produção,27/08/2025,29/08/2025,
1528405,344347,SID,0421,"275/80R22,5 PM VM530L 218",Em Produção,27/08/2025,29/08/2025,
1528406,344347,SID,66461,"275/80R22,5 PM VM530L 226",Recusado no Exame Inicial,27/08/2025,29/08/2025,
1528765,344421,SID,4520,"275/80R22,5 PM VM530L 226",Em Produção,28/08/2025,29/08/2025,
1528766,344421,SID,4420,"275/80R22,5 PM VM530L 226",Em Produção,28/08/2025,29/08/2025,
1528767,344421,SID,4420a,"275/80R22,5 PM VM530L 226",Em Produção,28/08/2025,29/08/2025,
1528768,344421,SID,4420b,"275/80R22,5 PM VM530L 226",Em Produção,28/08/2025,29/08/2025,
1528769,344421,SID,4420c,"275/80R22,5 PM VM530L 226",Em Produção,28/08/2025,29/08/2025,
1528826,344425,SID,3123,"295/80R22,5 PM VM530L 234",Em Produção,28/08/2025,29/08/2025,
1528827,344425,SID,4123,"295/80R22,5 PM VL110LA 226",Em Produção,28/08/2025,29/08/2025,
1528828,344425,SID,2423,"295/80R22,5 PM VL110LA 226",Em Produção,28/08/2025,29/08/2025,
1528829,344425,SID,1923,"295/80R22,5 PM VL110LA 218",Em Produção,28/08/2025,29/08/2025,
1528830,344425,SID,4123A,"295/80R22,5 PM VM530L 234",Em Produção,28/08/2025,29/08/2025,
1528831,344425,SID,2823,"295/80R22,5 PM VL110LA 226",Em Produção,28/08/2025,29/08/2025,
1528832,344425,SID,4523,"295/80R22,5 PM VL110LA 226",Em Produção,28/08/2025,29/08/2025,
1528833,344425,SID,3223,"295/80R22,5 PM VL110LA 226",Em Produção,28/08/2025,29/08/2025,
1528834,344425,SID,3223A,"295/80R22,5 PM VL110LA 226",Em Produção,28/08/2025,29/08/2025,
1528835,344425,SID,4223,"295/80R22,5 PM VL110LA 226",Em Produção,28/08/2025,29/08/2025,
1528836,344425,SID,0624,"295/80R22,5 PM VL110LA 234",Em Produção,28/08/2025,29/08/2025,
1528837,344425,SID,3224,"295/80R22,5 PM VL110LA 226",Em Produção,28/08/2025,29/08/2025,
1528838,344425,SID,1123,"295/80R22,5 PM VM530L 242",Em Produção,28/08/2025,29/08/2025,
1528839,344425,SID,1622,"295/80R22,5 PM VM530L 242",Em Produção,28/08/2025,29/08/2025,
1528840,344425,SID,1524,"295/80R22,5 PM VM530L 234",Em Produção,28/08/2025,29/08/2025,
1528841,344425,SID,1524A,"295/80R22,5 PM VM530L 234",Em Produção,28/08/2025,29/08/2025,
1528842,344425,SID,2824,"295/80R22,5 PM VL110LA 242",Em Produção,28/08/2025,29/08/2025,
1528843,344425,SID,5221,"295/80R22,5 PM VL110LA 218",Em Produção,28/08/2025,29/08/2025,
1530702,344755,SID,4520,"215/75R17,5 PM VZE-1 160",Em Produção,02/09/2025,05/09/2025,
1530703,344755,SID,2019,"215/75R17,5 PM VZE-1 180",Em Produção,02/09/2025,05/09/2025,
1532637,345087,SID,4621a,"275/80R22,5 PM VM530L 234",Em Produção,05/09/2025,09/09/2025,
1532631,345087,SID,0623,"275/80R22,5 PM DVUM3 B 226",Em Produção,05/09/2025,09/09/2025,
1532632,345087,SID,4823,"275/80R22,5 PM DVUM3 B 226",Em Produção,05/09/2025,09/09/2025,
1532633,345087,SID,4823a,"275/80R22,5 PM DVUM3 B 226",Em Produção,05/09/2025,09/09/2025,
1532634,345087,SID,4621,"275/80R22,5 PM DVUM3 B 234",Em Produção,05/09/2025,09/09/2025,
1532635,345087,SID,3322,"275/80R22,5 PM DVUM3 B 234",Em Produção,05/09/2025,09/09/2025,
1532636,345087,SID,3021,"275/80R22,5 PM VM530L 226",Em Produção,05/09/2025,09/09/2025,
1532638,345087,SID,4621b,"275/80R22,5 PM VM530L 234",Em Produção,05/09/2025,09/09/2025,
1532639,345087,SID,2520,"275/80R22,5 PM VM530L 226",Em Produção,05/09/2025,09/09/2025,
1532640,345087,SID,4621c,"275/80R22,5 PM VM530L 234",Em Produção,05/09/2025,09/09/2025,
1532678,345088,SID,0323,"275/80R22,5 PM DVUM3 B 234",Em Produção,05/09/2025,09/09/2025,
1532679,345088,SID,2922,"275/80R22,5 PM DVUM3 B 226",Em Produção,05/09/2025,09/09/2025,
1532680,345088,SID,3922,"275/80R22,5 PM DVUM3 B 226",Em Produção,05/09/2025,09/09/2025,
1532681,345088,SID,5123,"275/80R22,5 PM DVUM3 B 226",Em Produção,05/09/2025,09/09/2025,
1532682,345088,SID,4321,"275/80R22,5 PM VM530L 234",Recusado no Exame Inicial,05/09/2025,09/09/2025,
1532683,345088,SID,4621,"275/80R22,5 PM VM530L 234",Em Produção,05/09/2025,09/09/2025,
1532684,345088,SID,4621B,"275/80R22,5 PM VM530L 234",Em Produção,05/09/2025,09/09/2025,
1532685,345088,SID,3021,"275/80R22,5 PM VM530L 226",Em Produção,05/09/2025,09/09/2025,
1532686,345088,SID,4621C,"275/80R22,5 PM VM530L 234",Em Produção,05/09/2025,09/09/2025,
1532687,345088,SID,1421,"275/80R22,5 PM VM530L 226",Em Produção,05/09/2025,09/09/2025,
1532688,345088,SID,2921,"275/80R22,5 PM VM530L 226",Em Produção,05/09/2025,09/09/2025,
1532689,345088,SID,2122,"275/80R22,5 PM DVUM3 B 226",Em Produção,05/09/2025,09/09/2025,
1532690,345088,SID,3021,"275/80R22,5 PM VM530L 226",Em Produção,05/09/2025,09/09/2025,
1532691,345088,SID,5020,"275/80R22,5 PM VM530L 226",Em Produção,05/09/2025,09/09/2025,
1532692,345088,SID,3022,"275/80R22,5 PM DVUM3 B 226",Em Produção,05/09/2025,09/09/2025,
1532693,345088,SID,0422,"275/80R22,5 PM DVUM3 B 226",Em Produção,05/09/2025,09/09/2025,
1532694,345088,SID,2122,"275/80R22,5 PM DVUM3 B 226",Em Produção,05/09/2025,09/09/2025,
1532695,345088,SID,3021,"275/80R22,5 PM VM530L 226",Em Produção,05/09/2025,09/09/2025,
1532696,345088,SID,4322,"275/80R22,5 PM DVUM3 B 226",Em Produção,05/09/2025,09/09/2025,
1532697,345088,SID,1421,"275/80R22,5 PM VM530L 226",Em Produção,05/09/2025,09/09/2025,
1532698,345088,SID,2520,"275/80R22,5 PM VM530L 226",Em Produção,05/09/2025,09/09/2025,
1532699,345088,SID,2521,"275/80R22,5 PM VM530L 226",Em Produção,05/09/2025,09/09/2025,
1532700,345088,SID,3920,"275/80R22,5 PM VM530L 226",Em Produção,05/09/2025,09/09/2025,
1532701,345088,SID,4621,"275/80R22,5 PM VM530L 234",Em Produção,05/09/2025,09/09/2025,
1532702,345088,SID,4722,"275/80R22,5 PM DVUM3 B 226",Em Produção,05/09/2025,09/09/2025,
1532703,345088,SID,4722A,"275/80R22,5 PM DVUM3 B 226",Recusado no Exame Final,05/09/2025,09/09/2025,
1533692,345275,SID,3923,"295/80R22,5 PM VT120L 258",Em Produção,08/09/2025,10/09/2025,
1533693,345275,SID,3823,"295/80R22,5 PM VT120L 258",Em Produção,08/09/2025,10/09/2025,
1533694,345275,SID,3823a,"295/80R22,5 PM VT120L 258",Em Produção,08/09/2025,10/09/2025,
1533695,345275,SID,3823b,"295/80R22,5 PM VT120L 258",Em Produção,08/09/2025,10/09/2025,
1534112,345322,SID,1523,"295/80R22,5 PM VL110LA 234",Em Produção,09/09/2025,11/09/2025,
1534113,345322,SID,1523a,"295/80R22,5 PM VL110LA 234",Em Produção,09/09/2025,11/09/2025,
1534114,345322,SID,4422,"295/80R22,5 PM VL110LA 242",Em Produção,09/09/2025,11/09/2025,
1534115,345322,SID,3424,"295/80R22,5 PM VL110LA 250",Em Produção,09/09/2025,11/09/2025,
1534116,345322,SID,4423,"295/80R22,5 PM VL110LA 242",Em Produção,09/09/2025,11/09/2025,
1534117,345322,SID,4923,"295/80R22,5 PM VL110LA 226",Em Produção,09/09/2025,11/09/2025,
1534118,345322,SID,3223,"295/80R22,5 PM VL110LA 242",Em Produção,09/09/2025,11/09/2025,
1534119,345322,SID,1424,"295/80R22,5 PM VL110LA 242",Em Produção,09/09/2025,11/09/2025,
1534528,345419,SID,1523,"295/80R22,5 PM VL130 258",Em Produção,10/09/2025,12/09/2025,
1534529,345419,SID,1023,"295/80R22,5 PM VL130 258",Em Produção,10/09/2025,12/09/2025,
1534530,345419,SID,1023A,"295/80R22,5 PM VL130 242",Em Produção,10/09/2025,12/09/2025,
1534531,345419,SID,0923,"295/80R22,5 PM VL130 258",Recusado no Exame Inicial,10/09/2025,12/09/2025,
1535606,345435,SID,3922,"295/80R22,5 PM VLW 238",Em Produção,11/09/2025,15/09/2025,
1535607,345435,SID,2622,"295/80R22,5 PM VLW 238",Em Produção,11/09/2025,15/09/2025,
1535608,345435,SID,4922,"295/80R22,5 PM VLW 246",Em Produção,11/09/2025,15/09/2025,
1535609,345435,SID,3124,"295/80R22,5 PM VLW 246",Em Produção,11/09/2025,15/09/2025,
1535610,345435,SID,3124B,"295/80R22,5 PM VLW 246",Em Produção,11/09/2025,15/09/2025,
1535611,345435,SID,1724,"295/80R22,5 PM VLW 246",Em Produção,11/09/2025,15/09/2025,
1535612,345435,SID,3223,"295/80R22,5 PM VLW 246",Em Produção,11/09/2025,15/09/2025,
1535613,345435,SID,5223,"295/80R22,5 PM VLW 222",Em Produção,11/09/2025,15/09/2025,
1535614,345435,SID,1724A,"295/80R22,5 PM VLW 246",Em Produção,11/09/2025,15/09/2025,
1535615,345435,SID,0225,"295/80R22,5 PM VLW 238",Em Produção,11/09/2025,15/09/2025,
1535616,345435,SID,0324,"295/80R22,5 PM VLW 222",Em Produção,11/09/2025,15/09/2025,
1535617,345435,SID,3823,"295/80R22,5 PM VT120L 258",Em Produção,11/09/2025,15/09/2025,
1535618,345435,SID,3823A,"295/80R22,5 PM VT120L 258",Em Produção,11/09/2025,15/09/2025,
1535619,345435,SID,4023,"295/80R22,5 PM VT120L 258",Em Produção,11/09/2025,15/09/2025,
1535620,345435,SID,4023A,"295/80R22,5 PM VT120L 258",Em Produção,11/09/2025,15/09/2025,
1535621,345435,SID,3723,"295/80R22,5 PM VT120L 258",Em Produção,11/09/2025,15/09/2025,
1535622,345435,SID,1224,"295/80R22,5 PM VT120L 258",Em Produção,11/09/2025,15/09/2025,
1535623,345435,SID,2325,"295/80R22,5 PM VT120L 250",Em Produção,11/09/2025,15/09/2025,
1535624,345435,SID,2325A,"295/80R22,5 PM VT120L 250",Em Produção,11/09/2025,15/09/2025,
1535580,345567,SID,3822,"295/80R22,5 PM VL110LA 234",Em Produção,11/09/2025,15/09/2025,
1535581,345567,SID,3822a,"295/80R22,5 PM VL110LA 234",Em Produção,11/09/2025,15/09/2025,
1535582,345567,SID,0324,"295/80R22,5 PM VL110LA 242",Em Produção,11/09/2025,15/09/2025,
1535583,345567,SID,4123,"295/80R22,5 PM VL110LA 242",Em Produção,11/09/2025,15/09/2025,
1538825,346206,SID,3520,"275/80R22,5 PM VRT1 240",Em Produção,18/09/2025,22/09/2025,
1538826,346206,SID,4420,"275/80R22,5 PM VRT1 240",Em Produção,18/09/2025,22/09/2025,
1539338,346281,RENOVAR SANEAMENTO AMBIENTAL LTDA,22699,"275/80R22,5 PM VM530L 234",Em Produção,19/09/2025,22/09/2025,
1539339,346281,RENOVAR SANEAMENTO AMBIENTAL LTDA,23457,"275/80R22,5 PM VM530L 234",Em Produção,19/09/2025,22/09/2025,
1539345,346281,RENOVAR SANEAMENTO AMBIENTAL LTDA,221110,"275/80R22,5 PM VM530L 226",Em Produção,19/09/2025,22/09/2025,
1539350,346281,RENOVAR SANEAMENTO AMBIENTAL LTDA,241178,"275/80R22,5 PM VM530L 210",Em Produção,19/09/2025,22/09/2025,
1539352,346281,RENOVAR SANEAMENTO AMBIENTAL LTDA,241536,"295/80R22,5 RT RECAUCHUT. VL100",Em Produção,19/09/2025,22/09/2025,
1539353,346281,RENOVAR SANEAMENTO AMBIENTAL LTDA,241516,"295/80R22,5 RT RECAUCHUT. VL100",Em Produção,19/09/2025,22/09/2025,
1539354,346281,RENOVAR SANEAMENTO AMBIENTAL LTDA,241533,"295/80R22,5 PM VL110LA 234",Em Produção,19/09/2025,22/09/2025,
1539356,346281,RENOVAR SANEAMENTO AMBIENTAL LTDA,231371,"295/80R22,5 RT RECAUCHUT. VL100",Em Produção,19/09/2025,22/09/2025,
1539357,346282,RENOVAR SANEAMENTO AMBIENTAL LTDA,24489,"215/75R17,5 PM VZE-1 160",Em Produção,19/09/2025,22/09/2025,
1539273,346287,SID,1920,"275/80R22,5 PM VM530L 210",Em Produção,19/09/2025,23/09/2025,
1539274,346287,SID,4720,"275/80R22,5 PM VM530L 218",Em Produção,19/09/2025,23/09/2025,
1539275,346287,SID,0421R,"275/80R22,5 PM VM530L 234",Recusado no Exame Inicial,19/09/2025,23/09/2025,
1539276,346287,SID,0521,"275/80R22,5 PM VM530L 226",Em Produção,19/09/2025,23/09/2025,
1539277,346287,SID,0421,"275/80R22,5 PM VM530L 226",Em Produção,19/09/2025,23/09/2025,
1539278,346287,SID,3920R,"275/80R22,5 PM VM530L 234",Recusado no Exame Inicial,19/09/2025,23/09/2025,
1539279,346287,SID,3620,"275/80R22,5 PM VM530L 210",Em Produção,19/09/2025,23/09/2025,
1539280,346287,SID,4820,"275/80R22,5 PM VM530L 210",Em Produção,19/09/2025,23/09/2025,
1539281,346287,SID,3920R,"275/80R22,5 PM VM530L 234",Recusado no Exame Inicial,19/09/2025,23/09/2025,
1539282,346287,SID,3920R,"275/80R22,5 PM VM530L 234",Recusado no Exame Inicial,19/09/2025,23/09/2025,
1539283,346287,SID,2820,"275/80R22,5 PM VM530L 210",Em Produção,19/09/2025,23/09/2025,
1539284,346287,SID,3520,"275/80R22,5 PM VM530L 242",Em Produção,19/09/2025,23/09/2025,
1539285,346287,SID,0321,"275/80R22,5 PM VM530L 242",Em Produção,19/09/2025,23/09/2025,
1539286,346287,SID,1021,"275/80R22,5 PM VM530L 242",Em Produção,19/09/2025,23/09/2025,
1539287,346287,SID,0921,"275/80R22,5 PM VM530L 242",Em Produção,19/09/2025,23/09/2025,
1539288,346287,SID,4920,"275/80R22,5 PM VM530L 242",Em Produção,19/09/2025,23/09/2025,
1539289,346287,SID,0921A,"275/80R22,5 PM VM530L 242",Em Produção,19/09/2025,23/09/2025,
1539370,346300,SID,0324a,"295/80R22,5 PM VL110LA 242",Em Produção,19/09/2025,23/09/2025,
1539369,346300,SID,0324,"295/80R22,5 PM VL110LA 242",Em Produção,19/09/2025,23/09/2025,
1539371,346300,SID,0724,"295/80R22,5 PM VL110LA 226",Em Produção,19/09/2025,23/09/2025,
1539372,346300,SID,3124,"295/80R22,5 PM VL110LA 250",Em Produção,19/09/2025,23/09/2025,
1539373,346300,SID,0324b,"295/80R22,5 PM VL110LA 242",Em Produção,19/09/2025,23/09/2025,
1539374,346300,SID,3223,"295/80R22,5 PM VL110LA 242",Em Produção,19/09/2025,23/09/2025,
1539375,346300,SID,3422,"295/80R22,5 PM VL110LA 234",Em Produção,19/09/2025,23/09/2025,
1539376,346300,SID,0824,"295/80R22,5 PM VL110L 218",Em Produção,19/09/2025,23/09/2025,
1539377,346300,SID,3524,"295/80R22,5 PM VL110L 218",Em Produção,19/09/2025,23/09/2025,
1539378,346300,SID,0824a,"295/80R22,5 PM VL110L 218",Em Produção,19/09/2025,23/09/2025,
1539379,346300,SID,2024,"295/80R22,5 PM VL110L 218",Em Produção,19/09/2025,23/09/2025,
1539380,346300,SID,2524,"295/80R22,5 PM VL110L 218",Em Produção,19/09/2025,23/09/2025,
1539381,346300,SID,3524a,"295/80R22,5 PM VL110L 218",Em Produção,19/09/2025,23/09/2025,
1541398,346666,SID,2824,"295/80R22,5 PM VL110LA 242",Em Produção,24/09/2025,26/09/2025,
1542105,346796,SID,0624,"275/80R22,5 PM DVUM3 B 210",Em Produção,25/09/2025,29/09/2025,
1542106,346796,SID,0424,"275/80R22,5 PM DVUM3 B 210",Em Produção,25/09/2025,29/09/2025,
1542107,346796,SID,0924,"275/80R22,5 PM DVUM3 B 210",Em Produção,25/09/2025,29/09/2025,
1542108,346796,SID,4623,"275/80R22,5 PM DVUM3 B 210",Em Produção,25/09/2025,29/09/2025,
1542109,346796,SID,4623A,"275/80R22,5 PM DVUM3 B 210",Em Produção,25/09/2025,29/09/2025,
1542110,346796,SID,0424A,"275/80R22,5 PM DVUM3 B 210",Em Produção,25/09/2025,29/09/2025,
1542111,346796,SID,4623B,"275/80R22,5 PM DVUM3 B 210",Em Produção,25/09/2025,29/09/2025,
1542112,346796,SID,0524,"275/80R22,5 PM DVUM3 B 210",Em Produção,25/09/2025,29/09/2025,
1542113,346796,SID,0424B,"275/80R22,5 PM DVUM3 B 210",Em Produção,25/09/2025,29/09/2025,
1542114,346796,SID,3422,"275/80R22,5 PM DVUM3 B 242",Em Produção,25/09/2025,29/09/2025,
1542115,346796,SID,3422A,"275/80R22,5 PM DVUM3 B 242",Em Produção,25/09/2025,29/09/2025,
1544012,347134,SID,0824,"295/80R22,5 PM VM530L 218",Em Produção,30/09/2025,02/10/2025,
1544013,347134,SID,3924,"295/80R22,5 PM VM530L 218",Em Produção,30/09/2025,02/10/2025,
1544014,347134,SID,0824a,"295/80R22,5 PM VM530L 218",Em Produção,30/09/2025,02/10/2025,
1544015,347134,SID,0824b,"295/80R22,5 PM VM530L 218",Em Produção,30/09/2025,02/10/2025,
1544016,347134,SID,2824,"295/80R22,5 PM VT120L 250",Em Produção,30/09/2025,02/10/2025,
1544017,347134,SID,2824a,"295/80R22,5 PM VT120L 250",Em Produção,30/09/2025,02/10/2025,
1544027,347137,SID,3323A,"295/80R22,5 PM VL110LA 226",Em Produção,30/09/2025,02/10/2025,
1544020,347137,SID,4821,"295/80R22,5 PM VL110LA 218",Em Produção,30/09/2025,02/10/2025,
1544021,347137,SID,5121,"295/80R22,5 PM VL110LA 218",Em Produção,30/09/2025,02/10/2025,
1544022,347137,SID,4721,"295/80R22,5 PM VL110LA 218",Em Produção,30/09/2025,02/10/2025,
1544023,347137,SID,4721A,"295/80R22,5 PM VL110LA 218",Em Produção,30/09/2025,02/10/2025,
1544024,347137,SID,3123,"295/80R22,5 PM VL110LA 226",Em Produção,30/09/2025,02/10/2025,
1544025,347137,SID,3323,"295/80R22,5 PM VL110LA 226",Em Produção,30/09/2025,02/10/2025,
1544026,347137,SID,4223,"295/80R22,5 PM VL110LA 226",Em Produção,30/09/2025,02/10/2025,
1544028,347137,SID,4123,"295/80R22,5 PM VL110LA 226",Em Produção,30/09/2025,02/10/2025,
1545361,347384,SID,2923,"275/80R22,5 PM VM530L 210",Em Produção,02/10/2025,06/10/2025,
1545362,347384,SID,2923,"275/80R22,5 PM VM530L 210",Em Produção,02/10/2025,06/10/2025,
1545363,347384,SID,4821,"275/80R22,5 PM VM530L 234",Em Produção,02/10/2025,06/10/2025,
1545364,347384,SID,5122,"275/80R22,5 PM VM530L 234",Em Produção,02/10/2025,06/10/2025,
1545365,347384,SID,0122,"275/80R22,5 PM VM530L 234",Em Produção,02/10/2025,06/10/2025,
1545726,347453,SID,1522,"295/80R22,5 PM VL110LA 226",Em Produção,03/10/2025,07/10/2025,
1545727,347453,SID,1523,"295/80R22,5 PM VL110LA 226",Em Produção,03/10/2025,07/10/2025,
1545728,347453,SID,2822,"295/80R22,5 PM VL110LA 218",Em Produção,03/10/2025,07/10/2025,
1545729,347453,SID,3522,"295/80R22,5 PM VL110LA 218",Em Produção,03/10/2025,07/10/2025,
1592508,347540,DNP TERRAPLENAGEM E PAVIMENTADORA FLORESTO LTDA,11529,"12X16,5 PM DV-MTB 242",Em Produção,22/01/2026,10/10/2025,
1549104,348042,SID,1220,1400X24 RT RECAUCHUT.,Em Produção,10/10/2025,16/10/2025,
1556868,348447,PROAIR SERV AUX DE TRANSP AEREO LTDA,0000b,600X13 PM VI600 138,Em Produção,28/10/2025,17/10/2025,
1551775,348528,SID,0521,"275/80R22,5 PM DVUM3 B 210",Em Produção,16/10/2025,17/10/2025,
1552355,348640,SID,4119,"275/80R22,5 PM VM530L 234",Em Produção,17/10/2025,22/10/2025,
1552354,348640,SID,0521,"275/80R22,5 PM VM530L 218",Em Produção,17/10/2025,22/10/2025,
1552356,348640,SID,3520,"275/80R22,5 PM VM530L 218",Em Produção,17/10/2025,22/10/2025,
1552357,348640,SID,3019,"275/80R22,5 PM VM530L 218",Em Produção,17/10/2025,22/10/2025,
1552358,348640,SID,4720,"275/80R22,5 PM VM530L 218",Em Produção,17/10/2025,22/10/2025,
1552359,348640,SID,3920,"275/80R22,5 PM VM530L 218",Em Produção,17/10/2025,22/10/2025,
1552360,348640,SID,2421,"275/80R22,5 PM VM530L 218",Em Produção,17/10/2025,22/10/2025,
1552361,348640,SID,3620,"275/80R22,5 PM VM530L 218",Em Produção,17/10/2025,22/10/2025,
1552362,348640,SID,3920,"275/80R22,5 PM VM530L 218",Em Produção,17/10/2025,22/10/2025,
1552363,348640,SID,3920A,"275/80R22,5 PM VM530L 218",Em Produção,17/10/2025,22/10/2025,
1552364,348640,SID,3120,"275/80R22,5 PM VM530L 218",Em Produção,17/10/2025,22/10/2025,
1552440,348673,SID,0623,"295/80R22,5 PM VT120L 234",Em Produção,17/10/2025,21/10/2025,
1554206,348844,VIAÇÃO METROPOLE PAULISTA S/A - IMPERADOR,538424,"295/80R22,5 PM DVUM3 B 250",Em Produção,22/10/2025,28/10/2025,
1553718,348887,SID,4821,"275/80R22,5 PM VRT1 230",Em Produção,21/10/2025,23/10/2025,
1555764,349267,"JTP TRANSPORTES,SERVIÇOS,GERENCIAMENTO E RECURSOS HUMANO LTD",3922,"215/75R17,5 PM VZE-1 190",Em Produção,24/10/2025,29/10/2025,
1556732,349409,BRASPRESS TRANSPORTES URGENTES LTDA,054200,"295/80R22,5 PM VL110LA 242",Em Produção,28/10/2025,29/10/2025,
1557306,349483,CITY TRANSPORTES URBANO INTERMODAL LTDA,103145,"275/80R22,5 PM DVUM3 B 242",Em Produção,28/10/2025,30/10/2025,
1557307,349483,CITY TRANSPORTES URBANO INTERMODAL LTDA,102878,"275/80R22,5 PM DVUM3 B 234",Em Produção,28/10/2025,30/10/2025,
1558126,349635,SID,3720,"275/80R22,5 PM PBA64-S 235",Em Produção,30/10/2025,30/10/2025,
1558128,349635,SID,4421,"275/80R22,5 PM PBA64-S 215",Em Produção,30/10/2025,30/10/2025,
1558139,349635,SID,2123 A,"275/80R22,5 PM VRT1 205",Em Produção,30/10/2025,30/10/2025,
1558125,349635,SID,0122,"275/80R22,5 PM VRT1 205",Em Produção,30/10/2025,30/10/2025,
1558127,349635,SID,3823,"275/80R22,5 PM VRT1 220",Em Produção,30/10/2025,30/10/2025,
1558129,349635,SID,2923,"275/80R22,5 PM VRT1 205",Em Produção,30/10/2025,30/10/2025,
1558130,349635,SID,1624,"275/80R22,5 PM VRT1 220",Em Produção,30/10/2025,30/10/2025,
1558131,349635,SID,1424,"275/80R22,5 PM PBA64-S 225",Em Produção,30/10/2025,30/10/2025,
1558132,349635,SID,3022,"275/80R22,5 PM VRT1 220",Em Produção,30/10/2025,30/10/2025,
1558133,349635,SID,4323,"275/80R22,5 PM VRT1 230",Em Produção,30/10/2025,30/10/2025,
1558134,349635,SID,2123,"275/80R22,5 PM VRT1 205",Em Produção,30/10/2025,30/10/2025,
1558135,349635,SID,3720,"275/80R22,5 PM PBA64-S 225",Em Produção,30/10/2025,30/10/2025,
1558136,349635,SID,2123 A,"275/80R22,5 PM PBA64-S 215",Em Produção,30/10/2025,30/10/2025,
1558137,349635,SID,0823,"275/80R22,5 PM VRT1 220",Em Produção,30/10/2025,30/10/2025,
1558138,349635,SID,2123,"275/80R22,5 PM VRT1 205",Em Produção,30/10/2025,30/10/2025,
1558234,349658,SID,4720,"275/80R22,5 PM PBA64-S 215",Em Produção,30/10/2025,31/10/2025,
1558235,349658,SID,4920,"275/80R22,5 PM PBA64-S 215",Em Produção,30/10/2025,31/10/2025,
1558236,349658,SID,0421,"275/80R22,5 PM PBA64-S 215",Em Produção,30/10/2025,31/10/2025,
1558237,349658,SID,4720A,"275/80R22,5 PM PBA64-S 215",Em Produção,30/10/2025,31/10/2025,
1558238,349658,SID,3620,"275/80R22,5 PM PBA64-S 215",Em Produção,30/10/2025,31/10/2025,
1558557,349699,CITY TRANSPORTES URBANO INTERMODAL LTDA,cit103867,"275/80R22,5 PM DVUM3 B 242",Em Produção,30/10/2025,05/11/2025,
1558558,349699,CITY TRANSPORTES URBANO INTERMODAL LTDA,cit103572,"275/80R22,5 PM DVUM3 B 234",Em Produção,30/10/2025,05/11/2025,
1558560,349699,CITY TRANSPORTES URBANO INTERMODAL LTDA,cit103070,"275/80R22,5 PM DVUM3 B 234",Em Produção,30/10/2025,05/11/2025,
1559117,349839,SID,3822,"275/80R22,5 PM VM530L 234",Em Produção,31/10/2025,04/11/2025,
1559114,349839,SID,2421,"275/80R22,5 PM VM530L 210",Em Produção,31/10/2025,04/11/2025,
1559115,349839,SID,0521,"275/80R22,5 PM VM530L 210",Em Produção,31/10/2025,04/11/2025,
1559116,349839,SID,3620,"275/80R22,5 PM VM530L 210",Em Produção,31/10/2025,04/11/2025,
1559118,349839,SID,1423,"275/80R22,5 PM VM530L 234",Em Produção,31/10/2025,04/11/2025,
1559119,349839,SID,4923,"275/80R22,5 PM VM530L 226",Em Produção,31/10/2025,04/11/2025,
1559626,349909,SID,0224a,"275/80R22,5 PM VRT1 230",Em Produção,03/11/2025,06/11/2025,
1559621,349909,SID,1924,"275/80R22,5 PM VRT1 230",Em Produção,03/11/2025,06/11/2025,
1559622,349909,SID,0224,"275/80R22,5 PM VRT1 230",Em Produção,03/11/2025,06/11/2025,
1559623,349909,SID,4523,"275/80R22,5 PM VRT1 230",Em Produção,03/11/2025,06/11/2025,
1559624,349909,SID,1924a,"275/80R22,5 PM VRT1 230",Em Produção,03/11/2025,06/11/2025,
1559625,349909,SID,0924,"275/80R22,5 PM VRT1 230",Em Produção,03/11/2025,06/11/2025,
1559660,349915,SID,2123,"295/80R22,5 PM DVRM 250",Em Produção,03/11/2025,05/11/2025,
1559661,349916,SID,1424,"295/80R22,5 PM VT120L 250",Em Produção,03/11/2025,05/11/2025,
1559662,349916,SID,1724,"295/80R22,5 PM VT120L 258",Em Produção,03/11/2025,05/11/2025,
1559652,349917,SID,1324,"275/80R22,5 PM VM530L 234",Em Produção,03/11/2025,05/11/2025,
1559653,349917,SID,3124a,"275/80R22,5 PM VM530L 234",Em Produção,03/11/2025,05/11/2025,
1559654,349917,SID,3124,"275/80R22,5 PM VM530L 234",Em Produção,03/11/2025,05/11/2025,
1559655,349917,SID,3224,"275/80R22,5 PM VM530L 234",Em Produção,03/11/2025,05/11/2025,
1559656,349917,SID,1824,"275/80R22,5 PM VM530L 226",Em Produção,03/11/2025,05/11/2025,
1559657,349917,SID,0424,"275/80R22,5 PM VM530L 226",Em Produção,03/11/2025,05/11/2025,
1559658,349917,SID,0423a,"275/80R22,5 PM VM530L 242",Em Produção,03/11/2025,05/11/2025,
1559659,349917,SID,0423,"275/80R22,5 PM VM530L 242",Em Produção,03/11/2025,05/11/2025,
1559980,349967,SID,3124,"275/80R22,5 PM VM530L 234",Em Produção,04/11/2025,07/11/2025,
1559981,349967,SID,5023,"275/80R22,5 PM VM530L 210",Em Produção,04/11/2025,07/11/2025,
1559982,349967,SID,0424,"275/80R22,5 PM VM530L 210",Em Produção,04/11/2025,07/11/2025,
1559983,349967,SID,0424a,"275/80R22,5 PM VM530L 210",Em Produção,04/11/2025,07/11/2025,
1559984,349967,SID,1225,"275/80R22,5 PM VM530L 242",Em Produção,04/11/2025,07/11/2025,
1560024,349982,SID,2921,"295/80R22,5 PM VL130 226",Em Produção,04/11/2025,06/11/2025,
1560025,349982,SID,3921,"295/80R22,5 PM VL130 218",Em Produção,04/11/2025,06/11/2025,
1560026,349982,SID,2821,"295/80R22,5 PM VL130 226",Em Produção,04/11/2025,06/11/2025,
1560027,349982,SID,2921A,"295/80R22,5 PM VL130 218",Em Produção,04/11/2025,06/11/2025,
1560028,349982,SID,2821A,"295/80R22,5 PM VL130 226",Em Produção,04/11/2025,06/11/2025,
1560029,349982,SID,2421,"295/80R22,5 PM VL130 226",Em Produção,04/11/2025,06/11/2025,
1560030,349982,SID,2921,"295/80R22,5 PM VL130 226",Em Produção,04/11/2025,06/11/2025,
1560031,349982,SID,2821B,"295/80R22,5 PM VL130 218",Em Produção,04/11/2025,06/11/2025,
1560035,349984,SID,1621a,"295/80R22,5 PM VL110LA 242",Em Produção,04/11/2025,06/11/2025,
1560032,349984,SID,1621,"295/80R22,5 PM VL110LA 242",Em Produção,04/11/2025,06/11/2025,
1560033,349984,SID,3622,"295/80R22,5 PM VL110LA 226",Em Produção,04/11/2025,06/11/2025,
1560034,349984,SID,3622a,"295/80R22,5 PM VL110LA 226",Em Produção,04/11/2025,06/11/2025,
1560036,349984,SID,0521,"295/80R22,5 PM VL110LA 226",Em Produção,04/11/2025,06/11/2025,
1560037,349984,SID,2823,"295/80R22,5 PM VL110LA 218",Em Produção,04/11/2025,06/11/2025,
1560038,349984,SID,0821,"295/80R22,5 PM VL110LA 242",Em Produção,04/11/2025,06/11/2025,
1560039,349984,SID,0722,"295/80R22,5 PM VL110LA 226",Em Produção,04/11/2025,06/11/2025,
1560040,349985,SID,3521,"275/80R22,5 PM PBA64-S 235",Em Produção,04/11/2025,06/11/2025,
1560041,349985,SID,1423,"275/80R22,5 PM VT120L 234",Em Produção,04/11/2025,06/11/2025,
1560042,349985,SID,0523,"275/80R22,5 PM PBA64-S 225",Em Produção,04/11/2025,06/11/2025,
1560043,349985,SID,4321,"275/80R22,5 PM PBA64-S 215",Em Produção,04/11/2025,06/11/2025,
1560044,349986,SID,4221,"275/80R22,5 PM PBA64-S 215",Em Produção,04/11/2025,06/11/2025,
1560045,349986,SID,4321,"275/80R22,5 PM PBA64-S 215",Em Produção,04/11/2025,06/11/2025,
1560046,349986,SID,3421,"275/80R22,5 PM PBA64-S 215",Em Produção,04/11/2025,06/11/2025,
1560047,349987,SID,2722,"295/80R22,5 PM VL110LA 250",Em Produção,04/11/2025,06/11/2025,
1560048,349987,SID,3321,"295/80R22,5 PM VL130 210",Em Produção,04/11/2025,06/11/2025,
1560368,350056,CITY TRANSPORTES URBANO INTERMODAL LTDA,cit103632,"275/80R22,5 PM DVUM3 B 242",Em Produção,04/11/2025,06/11/2025,
1560369,350056,CITY TRANSPORTES URBANO INTERMODAL LTDA,cit102734,"275/80R22,5 PM DVUM3 B 234",Em Produção,04/11/2025,06/11/2025,
1560370,350056,CITY TRANSPORTES URBANO INTERMODAL LTDA,cit103656,"275/80R22,5 PM DVUM3 B 242",Em Produção,04/11/2025,06/11/2025,
1560371,350056,CITY TRANSPORTES URBANO INTERMODAL LTDA,cit103640,"275/80R22,5 PM DVUM3 B 242",Em Produção,04/11/2025,06/11/2025,
1562588,350178,EMPILHADEIRAS NOBRE COM. DE MAQUINAS E SERVIÇOS EIRELI EPP,64695,650X10 PM VI 600 162 MACICO,Em Produção,10/11/2025,13/02/2026,
1562589,350178,EMPILHADEIRAS NOBRE COM. DE MAQUINAS E SERVIÇOS EIRELI EPP,1821,650X10 PM VI600 154 MACIÇO,Em Produção,10/11/2025,13/02/2026,
1562585,350178,EMPILHADEIRAS NOBRE COM. DE MAQUINAS E SERVIÇOS EIRELI EPP,238438,700X12 PM VI600 162,Em Produção,10/11/2025,13/02/2026,
1562586,350178,EMPILHADEIRAS NOBRE COM. DE MAQUINAS E SERVIÇOS EIRELI EPP,88241,700X12 PM VI600 162,Em Produção,10/11/2025,13/02/2026,
1562595,350178,EMPILHADEIRAS NOBRE COM. DE MAQUINAS E SERVIÇOS EIRELI EPP,38049,500X08 PM VI600 122 MACIÇO,Em Produção,10/11/2025,13/02/2026,
1562596,350178,EMPILHADEIRAS NOBRE COM. DE MAQUINAS E SERVIÇOS EIRELI EPP,38043,500X08 PM VI600 122 MACIÇO,Em Produção,10/11/2025,13/02/2026,
1562587,350178,EMPILHADEIRAS NOBRE COM. DE MAQUINAS E SERVIÇOS EIRELI EPP,57874,650X10 PM VI 600 162 MACICO,Em Produção,10/11/2025,13/02/2026,
1564040,350699,SID,4320,"275/80R22,5 PM VM530L 226",Em Produção,12/11/2025,14/11/2025,
1564041,350699,SID,2921,"275/80R22,5 PM VM530L 226",Em Produção,12/11/2025,14/11/2025,
1564043,350699,SID,4221,"275/80R22,5 PM VM530L 226",Em Produção,12/11/2025,14/11/2025,
1564044,350699,SID,4520a,"275/80R22,5 PM VM530L 226",Em Produção,12/11/2025,14/11/2025,
1564045,350699,SID,3120,"275/80R22,5 PM VM530L 226",Em Produção,12/11/2025,14/11/2025,
1564046,350699,SID,0821,"275/80R22,5 PM VM530L 226",Em Produção,12/11/2025,14/11/2025,
1564047,350699,SID,4520b,"275/80R22,5 PM VM530L 226",Em Produção,12/11/2025,14/11/2025,
1564444,350699,SID,2223,"275/80R22,5 PM VM530L 226",Em Produção,13/11/2025,14/11/2025,
1564407,350766,SID,3318,"275/80R22,5 PM PBA64-S 225",Em Produção,13/11/2025,18/11/2025,
1564408,350766,SID,0519,"275/80R22,5 PM PBA64-S 225",Em Produção,13/11/2025,18/11/2025,
1564409,350766,SID,3821,"275/80R22,5 PM PBA64-S 225",Em Produção,13/11/2025,18/11/2025,
1564410,350766,SID,2921,"275/80R22,5 PM PBA64-S 225",Em Produção,13/11/2025,18/11/2025,
1564411,350766,SID,2921a,"275/80R22,5 PM PBA64-S 225",Em Produção,13/11/2025,18/11/2025,
1564412,350766,SID,2420,"275/80R22,5 PM PBA64-S 225",Em Produção,13/11/2025,18/11/2025,
1564413,350766,SID,0220,"275/80R22,5 PM PBA64-S 225",Em Produção,13/11/2025,18/11/2025,
1564414,350766,SID,3517,"275/80R22,5 PM PBA64-S 225",Em Produção,13/11/2025,18/11/2025,
1564415,350766,SID,3620,"275/80R22,5 PM PBA64-S 225",Em Produção,13/11/2025,18/11/2025,
1564416,350766,SID,3021,"275/80R22,5 PM PBA64-S 225",Em Produção,13/11/2025,18/11/2025,
1564417,350766,SID,1221,"275/80R22,5 PM PBA64-S 225",Em Produção,13/11/2025,18/11/2025,
1564418,350766,SID,3621,"275/80R22,5 PM PBA64-S 225",Em Produção,13/11/2025,18/11/2025,
1564419,350766,SID,0519,"275/80R22,5 PM PBA64-S 225",Em Produção,13/11/2025,18/11/2025,
1564420,350766,SID,2620,"275/80R22,5 PM PBA64-S 225",Em Produção,13/11/2025,18/11/2025,
1564421,350766,SID,3021a,"275/80R22,5 PM PBA64-S 225",Em Produção,13/11/2025,18/11/2025,
1565149,350840,SHIFT MOBILIDADE LTDA,0053,"275/80R22,5 PM DVRM 242",Em Produção,14/11/2025,13/11/2025,
1565841,350995,SID,1423,"275/80R22,5 PM PBA64-S 225",Em Produção,17/11/2025,19/11/2025,
1565842,350995,SID,4320,"275/80R22,5 PM PBA64-S 225",Em Produção,17/11/2025,19/11/2025,
1565843,350995,SID,2820,"275/80R22,5 PM PBA64-S 225",Em Produção,17/11/2025,19/11/2025,
1565844,350995,SID,5120,"275/80R22,5 PM PBA64-S 225",Em Produção,17/11/2025,19/11/2025,
1565845,350995,SID,5120a,"275/80R22,5 PM PBA64-S 225",Em Produção,17/11/2025,19/11/2025,
1565846,350995,SID,3821,"275/80R22,5 PM PBA64-S 225",Em Produção,17/11/2025,19/11/2025,
1565847,350995,SID,3021,"275/80R22,5 PM PBA64-S 225",Em Produção,17/11/2025,19/11/2025,
1565848,350995,SID,0821,"275/80R22,5 PM PBA64-S 225",Em Produção,17/11/2025,19/11/2025,
1565849,350995,SID,1323,"275/80R22,5 PM PBA64-S 225",Em Produção,17/11/2025,19/11/2025,
1565850,350995,SID,1321,"275/80R22,5 PM PBA64-S 225",Em Produção,17/11/2025,19/11/2025,
1565851,350995,SID,3821a,"275/80R22,5 PM PBA64-S 225",Em Produção,17/11/2025,19/11/2025,
1565852,350995,SID,4822,"275/80R22,5 PM PBA64-S 225",Em Produção,17/11/2025,19/11/2025,
1565853,350995,SID,3221,"275/80R22,5 PM PBA64-S 225",Em Produção,17/11/2025,19/11/2025,
1565854,350995,SID,3620,"275/80R22,5 PM PBA64-S 225",Em Produção,17/11/2025,19/11/2025,
1565855,350995,SID,3121,"275/80R22,5 PM PBA64-S 225",Em Produção,17/11/2025,19/11/2025,
1565856,350995,SID,3020,"275/80R22,5 PM PBA64-S 225",Em Produção,17/11/2025,19/11/2025,
1565857,350995,SID,3520,"275/80R22,5 PM PBA64-S 225",Em Produção,17/11/2025,19/11/2025,
1565858,350995,SID,0821b,"275/80R22,5 PM PBA64-S 225",Em Produção,17/11/2025,19/11/2025,
1565859,350995,SID,2420,"275/80R22,5 PM PBA64-S 225",Em Produção,17/11/2025,19/11/2025,
1565860,350995,SID,2921,"275/80R22,5 PM PBA64-S 225",Em Produção,17/11/2025,19/11/2025,
1565880,351005,SID,4622,"275/80R22,5 PM DVUM3 B 226",Em Produção,17/11/2025,21/11/2025,
1565881,351005,SID,3021,"275/80R22,5 PM DVUM3 B 226",Em Produção,17/11/2025,21/11/2025,
1565882,351005,SID,4121,"275/80R22,5 PM DVUM3 B 226",Em Produção,17/11/2025,21/11/2025,
1565883,351005,SID,1421,"275/80R22,5 PM DVUM3 B 226",Em Produção,17/11/2025,21/11/2025,
1565884,351005,SID,3121,"275/80R22,5 PM DVUM3 B 226",Em Produção,17/11/2025,21/11/2025,
1565885,351005,SID,0721,"275/80R22,5 PM DVUM3 B 226",Em Produção,17/11/2025,21/11/2025,
1565886,351005,SID,3121,"275/80R22,5 PM DVUM3 B 226",Em Produção,17/11/2025,21/11/2025,
1565887,351005,SID,3221,"275/80R22,5 PM DVUM3 B 226",Em Produção,17/11/2025,21/11/2025,
1565888,351005,SID,3221,"275/80R22,5 PM DVUM3 B 226",Em Produção,17/11/2025,21/11/2025,
1565889,351005,SID,3020,"275/80R22,5 PM DVUM3 B 226",Em Produção,17/11/2025,21/11/2025,
1565890,351005,SID,2221,"275/80R22,5 PM DVUM3 B 226",Em Produção,17/11/2025,21/11/2025,
1565891,351005,SID,4520,"275/80R22,5 PM DVUM3 B 226",Em Produção,17/11/2025,21/11/2025,
1565892,351005,SID,3821,"275/80R22,5 PM DVUM3 B 226",Em Produção,17/11/2025,21/11/2025,
1565893,351005,SID,2620,"275/80R22,5 PM DVUM3 B 226",Em Produção,17/11/2025,21/11/2025,
1565894,351005,SID,3821,"275/80R22,5 PM DVUM3 B 226",Em Produção,17/11/2025,21/11/2025,
1567024,351229,RENOVAR SANEAMENTO AMBIENTAL LTDA,25013,"295/80R22,5 PM VL110LA 218",Em Produção,19/11/2025,21/11/2025,
1567025,351229,RENOVAR SANEAMENTO AMBIENTAL LTDA,241552,"295/80R22,5 PM VL110LA 218",Em Produção,19/11/2025,21/11/2025,
1567026,351229,RENOVAR SANEAMENTO AMBIENTAL LTDA,250005,"295/80R22,5 PM VL110LA 218 *5G*",Em Produção,19/11/2025,21/11/2025,
1567027,351229,RENOVAR SANEAMENTO AMBIENTAL LTDA,241551,"295/80R22,5 PM VL110LA 218",Em Produção,19/11/2025,21/11/2025,
1567028,351229,RENOVAR SANEAMENTO AMBIENTAL LTDA,231390,"295/80R22,5 PM VL110LA 226",Em Produção,19/11/2025,21/11/2025,
1567029,351229,RENOVAR SANEAMENTO AMBIENTAL LTDA,241541,"295/80R22,5 PM VL110LA 242",Em Produção,19/11/2025,21/11/2025,
1567031,351229,RENOVAR SANEAMENTO AMBIENTAL LTDA,241538,"295/80R22,5 PM VL110LA 234",Em Produção,19/11/2025,21/11/2025,
1567035,351229,RENOVAR SANEAMENTO AMBIENTAL LTDA,241243,"275/80R22,5 PM VM530L 210",Em Produção,19/11/2025,21/11/2025,
1567037,351229,RENOVAR SANEAMENTO AMBIENTAL LTDA,250100,"275/80R22,5 PM VM530L 210",Em Produção,19/11/2025,21/11/2025,
1567050,351231,RENOVAR SANEAMENTO AMBIENTAL LTDA,231458,"295/80R22,5 REPARO VULC",Em Produção,19/11/2025,21/11/2025,
1567047,351231,RENOVAR SANEAMENTO AMBIENTAL LTDA,241185,"275/80R22,5 REPARO VULC",Em Produção,19/11/2025,21/11/2025,
1567048,351231,RENOVAR SANEAMENTO AMBIENTAL LTDA,241224,"295/80R22,5 REPARO VULC",Em Produção,19/11/2025,21/11/2025,
1567049,351231,RENOVAR SANEAMENTO AMBIENTAL LTDA,241531,"295/80R22,5 REPARO VULC",Em Produção,19/11/2025,21/11/2025,
1566917,351232,SID,1624b,"295/80R22,5 PM VL130 218",Em Produção,19/11/2025,21/11/2025,
1566918,351232,SID,4023,"295/80R22,5 PM VL130 226",Em Produção,19/11/2025,21/11/2025,
1566928,351232,SID,2024,"295/80R22,5 PM VL130 218",Em Produção,19/11/2025,21/11/2025,
1566906,351232,SID,3722,"295/80R22,5 PM VL130 242",Em Produção,19/11/2025,21/11/2025,
1566907,351232,SID,2424,"295/80R22,5 PM VL130 218",Em Produção,19/11/2025,21/11/2025,
1566908,351232,SID,1924,"295/80R22,5 PM VL130 218",Em Produção,19/11/2025,21/11/2025,
1566909,351232,SID,4323,"295/80R22,5 PM VL130 218",Em Produção,19/11/2025,21/11/2025,
1566910,351232,SID,4923,"295/80R22,5 PM VL130 218",Em Produção,19/11/2025,21/11/2025,
1566911,351232,SID,4323a,"295/80R22,5 PM VL130 218",Em Produção,19/11/2025,21/11/2025,
1566912,351232,SID,4423,"295/80R22,5 PM VL130 218",Em Produção,19/11/2025,21/11/2025,
1566913,351232,SID,0824,"295/80R22,5 PM VL130 218",Em Produção,19/11/2025,21/11/2025,
1566914,351232,SID,1624,"295/80R22,5 PM VL130 218",Em Produção,19/11/2025,21/11/2025,
1566915,351232,SID,1624a,"295/80R22,5 PM VL130 218",Em Produção,19/11/2025,21/11/2025,
1566916,351232,SID,2424,"295/80R22,5 PM VL130 218",Em Produção,19/11/2025,21/11/2025,
1566919,351232,SID,4223,"295/80R22,5 PM VL130 226",Em Produção,19/11/2025,21/11/2025,
1566920,351232,SID,3423,"295/80R22,5 PM VL130 226",Em Produção,19/11/2025,21/11/2025,
1566921,351232,SID,1723,"295/80R22,5 PM VL130 226",Em Produção,19/11/2025,21/11/2025,
1566922,351232,SID,3323,"295/80R22,5 PM VL130 226",Em Produção,19/11/2025,21/11/2025,
1566923,351232,SID,4223,"295/80R22,5 PM VL130 226",Em Produção,19/11/2025,21/11/2025,
1566924,351232,SID,0724,"295/80R22,5 PM VL130 226",Em Produção,19/11/2025,21/11/2025,
1566925,351232,SID,0724,"295/80R22,5 PM VL130 226",Em Produção,19/11/2025,21/11/2025,
1566926,351232,SID,3224,"295/80R22,5 PM VL130 226",Em Produção,19/11/2025,21/11/2025,
1566927,351232,SID,3224a,"295/80R22,5 PM VL130 226",Em Produção,19/11/2025,21/11/2025,
1566929,351232,SID,2424,"295/80R22,5 PM VL130 218",Em Produção,19/11/2025,21/11/2025,
1566930,351232,SID,2424a,"295/80R22,5 PM VL130 226",Em Produção,19/11/2025,21/11/2025,
1566931,351232,SID,1524,"295/80R22,5 PM VL130 218",Em Produção,19/11/2025,21/11/2025,
1567573,351339,SID,5120,"275/80R22,5 PM PBA64-S 225",Em Produção,21/11/2025,25/11/2025,
1567574,351339,SID,1623,"275/80R22,5 PM PBA64-S 225",Em Produção,21/11/2025,25/11/2025,
1569331,351606,SID,1423,"275/80R22,5 PM DVUM3 B 226",Em Produção,25/11/2025,28/11/2025,
1569332,351606,SID,1623,"275/80R22,5 PM DVUM3 B 226",Em Produção,25/11/2025,28/11/2025,
1569333,351606,SID,4822,"275/80R22,5 PM DVUM3 B 226",Em Produção,25/11/2025,28/11/2025,
1569334,351606,SID,1523,"275/80R22,5 PM DVUM3 B 226",Em Produção,25/11/2025,28/11/2025,
1569335,351606,SID,1523,"275/80R22,5 PM DVUM3 B 226",Em Produção,25/11/2025,28/11/2025,
1569336,351606,SID,2423,"275/80R22,5 PM DVUM3 B 226",Em Produção,25/11/2025,28/11/2025,
1569337,351606,SID,0821,"275/80R22,5 PM DVUM3 B 226",Em Produção,25/11/2025,28/11/2025,
1569338,351606,SID,4520,"275/80R22,5 PM DVUM3 B 226",Em Produção,25/11/2025,28/11/2025,
1569339,351606,SID,1423,"275/80R22,5 PM DVUM3 B 226",Em Produção,25/11/2025,28/11/2025,
1569340,351606,SID,4722,"275/80R22,5 PM DVUM3 B 226",Em Produção,25/11/2025,28/11/2025,
1569341,351606,SID,2221,"275/80R22,5 PM DVUM3 B 226",Em Produção,25/11/2025,28/11/2025,
1569342,351606,SID,1423,"275/80R22,5 PM DVUM3 B 226",Em Produção,25/11/2025,28/11/2025,
1569343,351606,SID,2223,"275/80R22,5 PM DVUM3 B 226",Em Produção,25/11/2025,28/11/2025,
1569344,351606,SID,4520,"275/80R22,5 PM DVUM3 B 226",Em Produção,25/11/2025,28/11/2025,
1569345,351606,SID,1523,"275/80R22,5 PM DVUM3 B 226",Em Produção,25/11/2025,28/11/2025,
1570534,351797,SID,3021,"275/80R22,5 PM VM530L 226",Em Produção,27/11/2025,01/12/2025,
1570535,351797,SID,4320,"275/80R22,5 PM VM530L 226",Em Produção,27/11/2025,01/12/2025,
1570536,351797,SID,2423,"275/80R22,5 PM VM530L 226",Em Produção,27/11/2025,01/12/2025,
1571350,351913,SID,0519,"275/80R22,5 PM PBA64-S 225",Em Produção,28/11/2025,03/12/2025,
1571351,351913,SID,1423,"275/80R22,5 PM PBA64-S 225",Em Produção,28/11/2025,03/12/2025,
1571352,351913,SID,1418,"275/80R22,5 PM PBA64-S 225",Em Produção,28/11/2025,03/12/2025,
1571353,351913,SID,2420,"275/80R22,5 PM PBA64-S 225",Em Produção,28/11/2025,03/12/2025,
1571354,351913,SID,1921,"275/80R22,5 PM PBA64-S 235",Em Produção,28/11/2025,03/12/2025,
1571355,351913,SID,2420,"275/80R22,5 PM PBA64-S 235",Em Produção,28/11/2025,03/12/2025,
1571356,351913,SID,4522,"275/80R22,5 PM PBA64-S 235",Em Produção,28/11/2025,03/12/2025,
1571357,351913,SID,0523,"275/80R22,5 PM PBA64-S 225",Em Produção,28/11/2025,03/12/2025,
1571358,351913,SID,2320,"275/80R22,5 PM PBA64-S 225",Em Produção,28/11/2025,03/12/2025,
1571359,351913,SID,2620,"275/80R22,5 PM PBA64-S 225",Em Produção,28/11/2025,03/12/2025,
1571654,351983,BLUE ANGELS SEG.PRIVADA E TRANSP. VALORES LTDA,1024,"215/75R17,5 PM VZE-1 180",Em Produção,28/11/2025,02/12/2025,
1571656,351983,BLUE ANGELS SEG.PRIVADA E TRANSP. VALORES LTDA,4718,"215/75R17,5 PM VZE-1 160",Em Produção,28/11/2025,02/12/2025,
1571657,351983,BLUE ANGELS SEG.PRIVADA E TRANSP. VALORES LTDA,2421,"215/75R17,5 PM VZE-1 180",Em Produção,28/11/2025,02/12/2025,
1574029,352237,SID,5022,"215/75R17,5 PM VZE-1 160",Em Produção,04/12/2025,05/12/2025,
1574030,352237,SID,1523,"215/75R17,5 PM VZE-1 160 *5G*",Em Produção,04/12/2025,05/12/2025,
1573254,352250,SID,1523,"235/75R17,5 PM DVRM 198",Em Produção,03/12/2025,05/12/2025,
1573255,352250,SID,2623,"235/75R17,5 PM DVRM 198",Em Produção,03/12/2025,05/12/2025,
1573256,352250,SID,2623A,"235/75R17,5 PM DVRM 198",Em Produção,03/12/2025,05/12/2025,
1573257,352250,SID,2723,"235/75R17,5 PM DVRM 198",Em Produção,03/12/2025,05/12/2025,
1573264,352257,SID,2123,"275/80R22,5 PM VM530L 226",Em Produção,03/12/2025,05/12/2025,
1573265,352257,SID,1423,"275/80R22,5 PM VM530L 226",Em Produção,03/12/2025,05/12/2025,
1573266,352257,SID,2223,"275/80R22,5 PM VM530L 226",Em Produção,03/12/2025,05/12/2025,
1573267,352257,SID,1623,"275/80R22,5 PM VM530L 226",Em Produção,03/12/2025,05/12/2025,
1573268,352257,SID,1523,"275/80R22,5 PM VM530L 226",Em Produção,03/12/2025,05/12/2025,
1573269,352257,SID,1423A,"275/80R22,5 PM VM530L 226",Em Produção,03/12/2025,05/12/2025,
1573270,352257,SID,1523A,"275/80R22,5 PM VM530L 226",Em Produção,03/12/2025,05/12/2025,
1573271,352257,SID,2023,"275/80R22,5 PM VM530L 226",Em Produção,03/12/2025,05/12/2025,
1573348,352283,SID,3421,"295/80R22,5 PM VL110LA 242",Em Produção,03/12/2025,05/12/2025,
1573349,352283,SID,5020,"295/80R22,5 PM VL110LA 242",Em Produção,03/12/2025,05/12/2025,
1573350,352283,SID,1022,"295/80R22,5 PM VL110LA 242",Em Produção,03/12/2025,05/12/2025,
1573351,352283,SID,3923,"295/80R22,5 PM VL110LA 218",Em Produção,03/12/2025,05/12/2025,
1573352,352283,SID,2923,"295/80R22,5 PM VL110LA 218",Em Produção,03/12/2025,05/12/2025,
1573353,352283,SID,3621,"295/80R22,5 PM VL110LA 234",Em Produção,03/12/2025,05/12/2025,
1573354,352283,SID,3821,"295/80R22,5 PM VL110LA 234",Em Produção,03/12/2025,05/12/2025,
1573939,352376,SID,3621,650X10 PM VI600 162,Em Produção,04/12/2025,10/12/2025,
1573940,352376,SID,0221,650X10 PM VI600 154,Em Produção,04/12/2025,10/12/2025,
1573941,352376,SID,15026,600X09 PM VI600 138,Em Produção,04/12/2025,10/12/2025,
1573942,352376,SID,200302KW,600X09 PM VI600 122,Em Produção,04/12/2025,10/12/2025,
1573943,352376,SID,11014,700X12 PM VI600 162,Em Produção,04/12/2025,10/12/2025,
1573944,352376,SID,11013,700X12 PM VI600 162,Em Produção,04/12/2025,10/12/2025,
1574131,352412,"VAMOS LOCAÇÃO DE CAMINHÕES, MAQ E EQUIP S.A",2037296,"275/80R22,5 PM VL110LA 226",Em Produção,04/12/2025,08/12/2025,
1574132,352412,"VAMOS LOCAÇÃO DE CAMINHÕES, MAQ E EQUIP S.A",2037298,"275/80R22,5 PM VL110LA 226",Em Produção,04/12/2025,08/12/2025,
1574133,352412,"VAMOS LOCAÇÃO DE CAMINHÕES, MAQ E EQUIP S.A",2037297,"275/80R22,5 PM VL110LA 226",Em Produção,04/12/2025,08/12/2025,
1574134,352413,LM TRANSPORTES INTERESTADUAIS SERVIÇOS E COMERCIO S A,3722,"11R22,5 PM VL110L 210",Em Produção,04/12/2025,08/12/2025,
1574041,352420,SID,3022,"215/75R17,5 PM VZE-1 190",Em Produção,04/12/2025,09/12/2025,
1574042,352420,SID,3022A,"215/75R17,5 PM VZE-1 190",Em Produção,04/12/2025,09/12/2025,
1574043,352420,SID,2124,"215/75R17,5 PM VZE-1 190",Em Produção,04/12/2025,09/12/2025,
1574044,352420,SID,0423,"215/75R17,5 PM VZE-1 180",Em Produção,04/12/2025,09/12/2025,
1574045,352420,SID,0823,"215/75R17,5 PM VZE-1 180",Em Produção,04/12/2025,09/12/2025,
1574046,352420,SID,4722,"215/75R17,5 PM VZE-1 180",Em Produção,04/12/2025,09/12/2025,
1575702,352715,SID,2621,"275/80R22,5 PM PBA64-S 235",Em Produção,09/12/2025,12/12/2025,
1575695,352715,SID,4824,"275/80R22,5 PM PBA64-S 235",Em Produção,09/12/2025,12/12/2025,
1575696,352715,SID,4421,"275/80R22,5 PM PBA64-S 235",Em Produção,09/12/2025,12/12/2025,
1575697,352715,SID,1623,"275/80R22,5 PM PBA64-S 215",Em Produção,09/12/2025,12/12/2025,
1575698,352715,SID,2621,"275/80R22,5 PM PBA64-S 225",Em Produção,09/12/2025,12/12/2025,
1575699,352715,SID,3021,"275/80R22,5 PM PBA64-S 225",Em Produção,09/12/2025,12/12/2025,
1575700,352715,SID,0425,"275/80R22,5 PM PBA64-S 225",Em Produção,09/12/2025,12/12/2025,
1575701,352715,SID,4623,"275/80R22,5 PM PBA64-S 235",Em Produção,09/12/2025,12/12/2025,
1575703,352715,SID,1123,"275/80R22,5 PM PBA64-S 215",Em Produção,09/12/2025,12/12/2025,
1575704,352715,SID,4322,"275/80R22,5 PM PBA64-S 215",Em Produção,09/12/2025,12/12/2025,
1575924,352728,TRANSPORTADORA VERBA LTDA,6511,"295/80R22,5 PM VL110LA 226",Em Produção,09/12/2025,11/12/2025,
1576290,352831,SID,2921,"295/80R22,5 PM VM530L 234",Em Produção,10/12/2025,12/12/2025,
1576291,352831,SID,4421,"295/80R22,5 PM VM530L 234",Em Produção,10/12/2025,12/12/2025,
1576292,352831,SID,0321,"295/80R22,5 PM VM530L 242",Em Produção,10/12/2025,12/12/2025,
1576293,352831,SID,4022,"295/80R22,5 PM VM530L 258",Em Produção,10/12/2025,12/12/2025,
1576294,352831,SID,1723,"295/80R22,5 PM VM530L 234",Em Produção,10/12/2025,12/12/2025,
1576295,352831,SID,2824,"295/80R22,5 PM VM530L 242",Em Produção,10/12/2025,12/12/2025,
1577008,352970,SID,5022,"275/80R22,5 PM DVUM3 B 226",Em Produção,11/12/2025,12/12/2025,
1578024,353139,SID,0224,"235/75R17,5 PM DVRM 198",Em Produção,15/12/2025,,
1578025,353139,SID,0224a,"235/75R17,5 PM DVRM 198",Em Produção,15/12/2025,,
1578270,353182,SID,1623,"275/80R22,5 PM DVUM3 B 242",Recusado no Exame Inicial,15/12/2025,17/12/2025,
1578708,353254,LM TRANSPORTES INTERESTADUAIS SERVIÇOS E COMERCIO S A,3822,"11R22,5 PM VL110L 218",Em Produção,16/12/2025,18/12/2025,
1578709,353254,LM TRANSPORTES INTERESTADUAIS SERVIÇOS E COMERCIO S A,3822a,"11R22,5 PM VL110L 218",Em Produção,16/12/2025,18/12/2025,
1578710,353254,LM TRANSPORTES INTERESTADUAIS SERVIÇOS E COMERCIO S A,3822b,"11R22,5 PM VL110L 218",Em Produção,16/12/2025,18/12/2025,
1578711,353254,LM TRANSPORTES INTERESTADUAIS SERVIÇOS E COMERCIO S A,3822c,"11R22,5 PM VL110L 218",Em Produção,16/12/2025,18/12/2025,
1579145,353344,VIGENT CONSTRUCOES LTDA,2309260094,"17,5X25 REPARO VULC",Em Produção,17/12/2025,24/12/2025,
1579147,353345,VIGENT CONSTRUCOES LTDA,4524,1000R20 PM VL110L 210,Em Produção,17/12/2025,24/12/2025,
1579961,353500,SID,0323,175/70R13 RT RECAUCHUT. GPS,Em Produção,18/12/2025,19/12/2025,
1579962,353500,SID,0323,175/70R13 RT RECAUCHUT. GPS,Em Produção,18/12/2025,19/12/2025,
1579992,353503,SID,0624,"235/75R17,5 REPARO VULC",Em Produção,18/12/2025,19/12/2025,
1583029,353633,SID,1423,"215/75R17,5 PM VZE-1 160",Em Produção,30/12/2025,31/12/2025,
1583030,353633,SID,1423,"215/75R17,5 PM VZE-1 160",Em Produção,30/12/2025,31/12/2025,
1583031,353633,SID,1523,"215/75R17,5 PM VZE-1 160",Em Produção,30/12/2025,31/12/2025,
1583208,354017,PHL SOLUCOES LOGISTICA LTDA,4322,"295/80R22,5 PM VL110LA 242",Recusado no Exame Final,30/12/2025,06/01/2026,
1583209,354017,PHL SOLUCOES LOGISTICA LTDA,0923,"295/80R22,5 PM VL110LA 242",Em Produção,30/12/2025,06/01/2026,
1583172,354031,SID,3819,"275/80R22,5 REPARO VULC",Em Produção,30/12/2025,05/01/2026,
1584422,354211,SID,4822a,"275/80R22,5 PM VRT1 220",Em Produção,06/01/2026,08/01/2026,
1584423,354211,SID,4722,"275/80R22,5 PM VRT1 220",Em Produção,06/01/2026,08/01/2026,
1584424,354211,SID,4822b,"275/80R22,5 PM VRT1 220",Em Produção,06/01/2026,08/01/2026,
1584425,354211,SID,1518,"275/80R22,5 PM VRT1 240",Em Produção,06/01/2026,08/01/2026,
1584426,354211,SID,4722a,"275/80R22,5 PM VRT1 220",Em Produção,06/01/2026,08/01/2026,
1584427,354211,SID,3021,"275/80R22,5 PM VRT1 220",Em Produção,06/01/2026,08/01/2026,
1584428,354211,SID,4522,"275/80R22,5 PM VRT1 240",Em Produção,06/01/2026,08/01/2026,
1584429,354211,SID,4822c,"275/80R22,5 PM VRT1 230",Em Produção,06/01/2026,08/01/2026,
1584430,354211,SID,4822d,"275/80R22,5 PM VRT1 230",Em Produção,06/01/2026,08/01/2026,
1584431,354211,SID,4824,"275/80R22,5 PM VRT1 230",Em Produção,06/01/2026,08/01/2026,
1584432,354211,SID,1417,"275/80R22,5 PM VRT1 240",Em Produção,06/01/2026,08/01/2026,
1584433,354211,SID,3522,"275/80R22,5 PM VRT1 240",Em Produção,06/01/2026,08/01/2026,
1584434,354211,SID,3722,"275/80R22,5 PM VRT1 240",Em Produção,06/01/2026,08/01/2026,
1584435,354211,SID,3322,"275/80R22,5 PM VRT1 230",Em Produção,06/01/2026,08/01/2026,
1584436,354211,SID,3322a,"275/80R22,5 PM VRT1 230",Em Produção,06/01/2026,08/01/2026,
1584437,354211,SID,3322b,"275/80R22,5 PM VRT1 230",Em Produção,06/01/2026,08/01/2026,
1584438,354211,SID,3221,"275/80R22,5 PM VRT1 220",Em Produção,06/01/2026,08/01/2026,
1584439,354211,SID,4322,"275/80R22,5 PM VRT1 230",Em Produção,06/01/2026,08/01/2026,
1584440,354211,SID,3222,"275/80R22,5 PM VRT1 230",Em Produção,06/01/2026,08/01/2026,
1585093,354319,SID,4622,"295/80R22,5 PM VL110LA 234",Em Produção,07/01/2026,09/01/2026,
1585094,354319,SID,4820,"295/80R22,5 PM VL110LA 242",Em Produção,07/01/2026,09/01/2026,
1585095,354319,SID,0221,"295/80R22,5 PM VL110LA 242",Em Produção,07/01/2026,09/01/2026,
1585645,354429,SID,0424,"295/80R22,5 PM VM530L 234",Em Produção,08/01/2026,12/01/2026,
1585646,354429,SID,0119,"295/80R22,5 PM VM530L 250",Em Produção,08/01/2026,12/01/2026,
1585647,354429,SID,2722,"295/80R22,5 PM VM530L 234",Em Produção,08/01/2026,12/01/2026,
1585648,354429,SID,4023,"295/80R22,5 PM VM530L 242",Em Produção,08/01/2026,12/01/2026,
1585649,354430,SID,3221,"275/80R22,5 PM DVUM3 B 226",Em Produção,08/01/2026,12/01/2026,
1585650,354430,SID,1122,"275/80R22,5 PM DVUM3 B 234",Em Produção,08/01/2026,12/01/2026,
1585651,354430,SID,3322,"275/80R22,5 PM DVUM3 B 234",Em Produção,08/01/2026,12/01/2026,
1585652,354430,SID,0122,"275/80R22,5 PM DVUM3 B 242",Em Produção,08/01/2026,12/01/2026,
1585653,354430,SID,3424,"275/80R22,5 PM DVUM3 B 218",Em Produção,08/01/2026,12/01/2026,
1585654,354430,SID,3424,"275/80R22,5 PM DVUM3 B 218",Em Produção,08/01/2026,12/01/2026,
1585655,354430,SID,3421,"275/80R22,5 PM DVUM3 B 242",Em Produção,08/01/2026,12/01/2026,
1585656,354430,SID,3524b,"275/80R22,5 PM DVUM3 B 218",Em Produção,08/01/2026,12/01/2026,
1585657,354430,SID,0823,"275/80R22,5 PM DVUM3 B 226",Em Produção,08/01/2026,12/01/2026,
1585658,354430,SID,1423,"275/80R22,5 PM DVUM3 B 226",Em Produção,08/01/2026,12/01/2026,
1585659,354430,SID,1623,"275/80R22,5 PM DVUM3 B 234",Em Produção,08/01/2026,12/01/2026,
1585660,354430,SID,1523,"275/80R22,5 PM DVUM3 B 226",Em Produção,08/01/2026,12/01/2026,
1585661,354430,SID,3322,"275/80R22,5 PM DVUM3 B 234",Em Produção,08/01/2026,12/01/2026,
1585662,354430,SID,0524,"275/80R22,5 PM DVUM3 B 242",Em Produção,08/01/2026,12/01/2026,
1585663,354430,SID,4424,"275/80R22,5 PM DVUM3 B 234",Em Produção,08/01/2026,12/01/2026,
1585664,354430,SID,3424,"275/80R22,5 PM DVUM3 B 218",Em Produção,08/01/2026,12/01/2026,
1585665,354430,SID,3322,"275/80R22,5 PM DVUM3 B 234",Em Produção,08/01/2026,12/01/2026,
1585666,354430,SID,2424,"275/80R22,5 PM DVUM3 B 218",Em Produção,08/01/2026,12/01/2026,
1585667,354430,SID,2424,"275/80R22,5 PM DVUM3 B 218",Em Produção,08/01/2026,12/01/2026,
1585668,354430,SID,0821,"275/80R22,5 PM DVUM3 B 226",Em Produção,08/01/2026,12/01/2026,
1586095,354507,BRASPRESS TRANSPORTES URGENTES LTDA,037982,"295/80R22,5 PM VL110LA 234",Em Produção,08/01/2026,12/01/2026,
1588978,355000,SID,2817,"275/80R22,5 PM VRT1 220",Em Produção,15/01/2026,19/01/2026,
1588979,355000,SID,2917,"275/80R22,5 PM VRT1 220",Em Produção,15/01/2026,19/01/2026,
1595855,356217,SID,3424a,225/75R16 PM VP430L 195,Em Produção,29/01/2026,,
1595854,356217,SID,3424,225/75R16 PM VP430L 195,Em Produção,29/01/2026,,
1595856,356217,SID,4223,225/75R16 PM VP430L 195,Em Produção,29/01/2026,,
1595857,356217,SID,3324,225/75R16 PM VP430L 195,Em Produção,29/01/2026,,
1596013,356267,SID,0323,"275/80R22,5 PM DVUM3 B 226",Em Produção,29/01/2026,30/01/2026,
1598998,356767,SID,2923,"235/75R17,5 PM VL110L 200",Em Produção,05/02/2026,10/02/2026,
1598999,356767,SID,4922,"235/75R17,5 PM VL110L 200",Em Produção,05/02/2026,10/02/2026,
1599000,356767,SID,2321,"235/75R17,5 PM VL110L 200",Recusado no Exame Inicial,05/02/2026,10/02/2026,
1599001,356767,SID,1722,"235/75R17,5 PM VZE-1 190",Em Produção,05/02/2026,10/02/2026,
1599002,356767,SID,1922,"235/75R17,5 PM VZE-1 190",Em Produção,05/02/2026,10/02/2026,
1599003,356767,SID,1722a,"235/75R17,5 PM VZE-1 190",Em Produção,05/02/2026,10/02/2026,
1599004,356767,SID,2321,"235/75R17,5 PM VL110L 200",Em Produção,05/02/2026,10/02/2026,
1599005,356767,SID,1922,"235/75R17,5 PM VZE-1 190",Em Produção,05/02/2026,10/02/2026,
1599006,356767,SID,4822,"235/75R17,5 PM VL110L 200",Recusado no Exame Inicial,05/02/2026,10/02/2026,
1599007,356767,SID,4822a,"235/75R17,5 PM VL110L 200",Recusado no Exame Inicial,05/02/2026,10/02/2026,
1599014,356767,SID,1021,"235/75R17,5 PM VL110L 200",Em Produção,05/02/2026,10/02/2026,
1599015,356767,SID,1021a,"235/75R17,5 PM VL110L 200",Em Produção,05/02/2026,10/02/2026,
1599018,356767,SID,2921,"235/75R17,5 PM VL110L 200",Em Produção,05/02/2026,10/02/2026,
1599020,356767,SID,4822,"235/75R17,5 PM VL110L 200",Em Produção,05/02/2026,10/02/2026,
1599008,356767,SID,3823,"235/75R17,5 PM VL110L 200",Em Produção,05/02/2026,10/02/2026,
1599009,356767,SID,3623a,"235/75R17,5 PM VL110L 200",Em Produção,05/02/2026,10/02/2026,
1599010,356767,SID,3623,"235/75R17,5 PM VL110L 200",Em Produção,05/02/2026,10/02/2026,
1599011,356767,SID,3823a,"235/75R17,5 PM VL110L 200",Em Produção,05/02/2026,10/02/2026,
1599012,356767,SID,1623,"235/75R17,5 PM VL110L 200",Em Produção,05/02/2026,10/02/2026,
1599013,356767,SID,3623b,"235/75R17,5 PM VL110L 200",Em Produção,05/02/2026,10/02/2026,
1599016,356767,SID,0722,"235/75R17,5 PM VZE-1 190",Em Produção,05/02/2026,10/02/2026,
1599017,356767,SID,0722a,"235/75R17,5 PM VZE-1 190",Em Produção,05/02/2026,10/02/2026,
1599019,356767,SID,4817,"235/75R17,5 PM VL110L 200",Em Produção,05/02/2026,10/02/2026,
1599054,356782,SID,2321,"215/75R17,5 PM VZE-1 160",Em Produção,05/02/2026,09/02/2026,
1599055,356782,SID,5021,"215/75R17,5 PM VZE-1 160 *5G*",Em Produção,05/02/2026,09/02/2026,
1599056,356782,SID,5021A,"215/75R17,5 PM VZE-1 160",Em Produção,05/02/2026,09/02/2026,
1599057,356782,SID,3422,"215/75R17,5 PM VZE-1 190",Em Produção,05/02/2026,09/02/2026,
1599058,356782,SID,0123,"215/75R17,5 PM VZE-1 180",Em Produção,05/02/2026,09/02/2026,
1599059,356782,SID,0321,"215/75R17,5 PM VZE-1 160",Em Produção,05/02/2026,09/02/2026,
1599060,356782,SID,4623,"215/75R17,5 PM VZE-1 190",Em Produção,05/02/2026,09/02/2026,
1615078,356906,FORT TRANSPORTE E DISTRIBUIÇÃO EIRELI ME,5917,"295/80R22,5 PM VL110LA 242",Em Produção,12/03/2026,10/02/2026,
1615079,356906,FORT TRANSPORTE E DISTRIBUIÇÃO EIRELI ME,5918,"295/80R22,5 PM VL110LA 242",Em Produção,12/03/2026,10/02/2026,
1599839,356909,SID,4622,"275/80R22,5 PM DVUM3 B 234",Em Produção,06/02/2026,10/02/2026,
1599840,356909,SID,0622,"275/80R22,5 PM DVUM3 B 234",Em Produção,06/02/2026,10/02/2026,
1599841,356909,SID,1223,"275/80R22,5 PM DVUM3 B 226",Em Produção,06/02/2026,10/02/2026,
1599842,356909,SID,0823,"275/80R22,5 PM DVUM3 B 226",Em Produção,06/02/2026,10/02/2026,
1599813,356909,SID,2223,"275/80R22,5 PM DVUM3 B 226",Em Produção,06/02/2026,10/02/2026,
1599817,356909,SID,0722,"275/80R22,5 PM DVUM3 B 234",Em Produção,06/02/2026,10/02/2026,
1599837,356909,SID,3422A,"275/80R22,5 PM DVUM3 B 242",Em Produção,06/02/2026,10/02/2026,
1599814,356909,SID,0922,"275/80R22,5 PM DVUM3 B 234",Em Produção,06/02/2026,10/02/2026,
1599815,356909,SID,4423,"275/80R22,5 PM DVUM3 B 242",Em Produção,06/02/2026,10/02/2026,
1599816,356909,SID,4822,"275/80R22,5 PM DVUM3 B 234",Em Produção,06/02/2026,10/02/2026,
1599818,356909,SID,0323,"275/80R22,5 PM DVUM3 B 226",Em Produção,06/02/2026,10/02/2026,
1599819,356909,SID,3422,"275/80R22,5 PM DVUM3 B 234",Em Produção,06/02/2026,10/02/2026,
1599820,356909,SID,3822,"275/80R22,5 PM DVUM3 B 234",Em Produção,06/02/2026,10/02/2026,
1599821,356909,SID,1122,"275/80R22,5 PM DVUM3 B 234",Em Produção,06/02/2026,10/02/2026,
1599822,356909,SID,0823,"275/80R22,5 PM DVUM3 B 226",Em Produção,06/02/2026,10/02/2026,
1599823,356909,SID,4722,"275/80R22,5 PM DVUM3 B 226",Em Produção,06/02/2026,10/02/2026,
1599824,356909,SID,0323,"275/80R22,5 PM DVUM3 B 226",Em Produção,06/02/2026,10/02/2026,
1599825,356909,SID,0823,"275/80R22,5 PM DVUM3 B 226",Em Produção,06/02/2026,10/02/2026,
1599826,356909,SID,4522,"275/80R22,5 PM DVUM3 B 234",Em Produção,06/02/2026,10/02/2026,
1599827,356909,SID,1523,"275/80R22,5 PM DVUM3 B 226",Em Produção,06/02/2026,10/02/2026,
1599828,356909,SID,1122,"275/80R22,5 PM DVUM3 B 234",Em Produção,06/02/2026,10/02/2026,
1599829,356909,SID,3422,"275/80R22,5 PM DVUM3 B 234",Em Produção,06/02/2026,10/02/2026,
1599830,356909,SID,0323a,"275/80R22,5 PM DVUM3 B 226",Em Produção,06/02/2026,10/02/2026,
1599831,356909,SID,3522,"275/80R22,5 PM DVUM3 B 242",Em Produção,06/02/2026,10/02/2026,
1599832,356909,SID,2922,"275/80R22,5 PM DVUM3 B 218",Em Produção,06/02/2026,10/02/2026,
1599833,356909,SID,0323B,"275/80R22,5 PM DVUM3 B 226",Em Produção,06/02/2026,10/02/2026,
1599834,356909,SID,4522,"275/80R22,5 PM DVUM3 B 226",Em Produção,06/02/2026,10/02/2026,
1599835,356909,SID,3422,"275/80R22,5 PM DVUM3 B 234",Em Produção,06/02/2026,10/02/2026,
1599836,356909,SID,4522,"275/80R22,5 PM DVUM3 B 242",Em Produção,06/02/2026,10/02/2026,
1599838,356909,SID,4522,"275/80R22,5 PM DVUM3 B 234",Em Produção,06/02/2026,10/02/2026,
1600953,357112,SID,3622,"275/80R22,5 PM DVUM3 B 234",Em Produção,10/02/2026,12/02/2026,
1600954,357112,SID,4423,"275/80R22,5 PM DVUM3 B 234",Em Produção,10/02/2026,12/02/2026,
1600955,357112,SID,4622,"275/80R22,5 PM DVUM3 B 234",Em Produção,10/02/2026,12/02/2026,
1600956,357112,SID,0923,"275/80R22,5 PM DVUM3 B 226",Em Produção,10/02/2026,12/02/2026,
1600957,357112,SID,1323,"275/80R22,5 PM DVUM3 B 226",Em Produção,10/02/2026,12/02/2026,
1600958,357112,SID,0723,"275/80R22,5 PM DVUM3 B 226",Em Produção,10/02/2026,12/02/2026,
1600959,357112,SID,4422,"275/80R22,5 PM DVUM3 B 226",Em Produção,10/02/2026,12/02/2026,
1600960,357112,SID,4722,"275/80R22,5 PM DVUM3 B 234",Em Produção,10/02/2026,12/02/2026,
1600961,357112,SID,0422,"275/80R22,5 PM DVUM3 B 242",Em Produção,10/02/2026,12/02/2026,
1600962,357112,SID,4822,"275/80R22,5 PM DVUM3 B 226",Em Produção,10/02/2026,12/02/2026,
1600963,357112,SID,4823,"275/80R22,5 PM DVUM3 B 242",Em Produção,10/02/2026,12/02/2026,
1600964,357112,SID,4522,"275/80R22,5 PM DVUM3 B 242",Em Produção,10/02/2026,12/02/2026,
1600965,357112,SID,4822,"275/80R22,5 PM DVUM3 B 234",Em Produção,10/02/2026,12/02/2026,
1600966,357112,SID,0422,"275/80R22,5 PM DVUM3 B 234",Em Produção,10/02/2026,12/02/2026,
1600967,357112,SID,4824,"275/80R22,5 PM DVUM3 B 234",Em Produção,10/02/2026,12/02/2026,
1600968,357112,SID,4422,"275/80R22,5 PM DVUM3 B 234",Em Produção,10/02/2026,12/02/2026,
1600969,357112,SID,4923,"275/80R22,5 PM DVUM3 B 226",Em Produção,10/02/2026,12/02/2026,
1600970,357112,SID,2223,"275/80R22,5 PM DVUM3 B 226",Em Produção,10/02/2026,12/02/2026,
1600971,357112,SID,0323,"275/80R22,5 PM DVUM3 B 226",Em Produção,10/02/2026,12/02/2026,
1600972,357112,SID,1723,"275/80R22,5 PM DVUM3 B 234",Em Produção,10/02/2026,12/02/2026,
1600973,357112,SID,1222,"275/80R22,5 PM DVUM3 B 234",Em Produção,10/02/2026,12/02/2026,
1600974,357112,SID,0323,"275/80R22,5 PM DVUM3 B 234",Em Produção,10/02/2026,12/02/2026,
1600975,357112,SID,4322,"275/80R22,5 PM DVUM3 B 234",Em Produção,10/02/2026,12/02/2026,
1600976,357112,SID,1523,"275/80R22,5 PM DVUM3 B 234",Em Produção,10/02/2026,12/02/2026,
1601023,357131,SID,3522,"295/80R22,5 PM VL110LA 234",Em Produção,10/02/2026,11/02/2026,
1603548,357533,SID,3223,700X16 PM VL10L 148,Em Produção,16/02/2026,,
1603549,357533,SID,3223,700X16 PM VL10L 148,Em Produção,16/02/2026,,
1603550,357533,SID,3917,700X16 PM VL10L 148,Em Produção,16/02/2026,,
1603551,357533,SID,1024,700X16 PM VL10L 148,Em Produção,16/02/2026,,
1604169,357659,SID,3424,"275/80R22,5 PM VL110LA 218",Em Produção,18/02/2026,20/02/2026,
1604170,357659,SID,3424a,"275/80R22,5 PM VL110LA 218",Em Produção,18/02/2026,20/02/2026,
1604171,357659,SID,3424b,"275/80R22,5 PM VL110LA 218",Em Produção,18/02/2026,20/02/2026,
1604172,357659,SID,2424,"275/80R22,5 PM VL110LA 218",Em Produção,18/02/2026,20/02/2026,
1604173,357659,SID,0724,"275/80R22,5 PM VL110LA 226 *5G*",Em Produção,18/02/2026,20/02/2026,
1604174,357659,SID,0524,"275/80R22,5 PM VL110LA 226",Em Produção,18/02/2026,20/02/2026,
1604175,357659,SID,1423,"275/80R22,5 PM VL110LA 226 *5G*",Em Produção,18/02/2026,20/02/2026,
1604176,357659,SID,0524a,"275/80R22,5 PM VL110LA 226 *5G*",Em Produção,18/02/2026,20/02/2026,
1605674,357947,VIGENT CONSTRUCOES LTDA,4524,1000R20 PM VL110L 210,Em Produção,20/02/2026,25/02/2026,
1605675,357947,VIGENT CONSTRUCOES LTDA,4524,1000R20 PM VL110L 210,Em Produção,20/02/2026,25/02/2026,
1605676,357947,VIGENT CONSTRUCOES LTDA,4524,1000R20 PM VL110L 210,Em Produção,20/02/2026,25/02/2026,
1605677,357947,VIGENT CONSTRUCOES LTDA,4524,1000R20 PM VL110L 210,Em Produção,20/02/2026,25/02/2026,
1605682,357949,VIGENT CONSTRUCOES LTDA,1522,"17,5X25 RT RECAUCHUT SGG",Em Produção,20/02/2026,27/02/2026,
1605683,357949,VIGENT CONSTRUCOES LTDA,0522,"17,5X25 RT RECAUCHUT SGG",Em Produção,20/02/2026,27/02/2026,
1605684,357949,VIGENT CONSTRUCOES LTDA,00000300824,"17,5X25 RT RECAUCHUT SGG",Em Produção,20/02/2026,27/02/2026,
1605689,357955,VIGENT CONSTRUCOES LTDA,0522,"17,5X25 REPARO VULC",Em Produção,20/02/2026,27/02/2026,
1606258,358042,SID,3522,"235/75R17,5 PM VL110L 200",Em Produção,23/02/2026,25/02/2026,
1606259,358042,SID,4224,"235/75R17,5 PM VL110L 200",Em Produção,23/02/2026,25/02/2026,
1606260,358042,SID,4324,"235/75R17,5 PM VZE-1 190",Em Produção,23/02/2026,25/02/2026,
1606261,358042,SID,4324A,"235/75R17,5 PM VZE-1 190",Em Produção,23/02/2026,25/02/2026,
1607658,358291,SID,4322,"275/80R22,5 PM DVRM 242",Em Produção,25/02/2026,27/02/2026,
1608012,358355,PROAIR SERV AUX DE TRANSP AEREO LTDA,proair 0000,900X20 RT RECAUCHUT. LISO G8,Em Produção,25/02/2026,01/03/2026,
1614618,358468,TSA LOGISTICA LTDA,tsa6597,"295/80R22,5 PM VL110LA 250",Em Produção,11/03/2026,01/03/2026,
1609570,358655,SID,3322,"275/80R22,5 PM VRT1 230",Em Produção,02/03/2026,04/03/2026,
1610946,358680,SID,4819,"275/80R22,5 PM PBA64-S 235",Em Produção,04/03/2026,05/03/2026,
1610947,358680,SID,4021a,"275/80R22,5 PM PBA64-S 225",Em Produção,04/03/2026,05/03/2026,
1610948,358680,SID,4021b,"275/80R22,5 PM PBA64-S 225",Em Produção,04/03/2026,05/03/2026,
1610949,358680,SID,4021c,"275/80R22,5 PM PBA64-S 225",Em Produção,04/03/2026,05/03/2026,
1610950,358680,SID,2321,"275/80R22,5 PM PBA64-S 225",Em Produção,04/03/2026,05/03/2026,
1610951,358680,SID,3321,"275/80R22,5 PM PBA64-S 215",Em Produção,04/03/2026,05/03/2026,
1610952,358680,SID,1720,"275/80R22,5 PM PBA64-S 235",Em Produção,04/03/2026,05/03/2026,
1610953,358680,SID,1117,"275/80R22,5 PM PBA64-S 235",Em Produção,04/03/2026,05/03/2026,
1610286,358819,SID,4621b,"275/80R22,5 PM VM530L 234",Em Produção,03/03/2026,05/03/2026,
1610273,358819,SID,4121,"275/80R22,5 PM VM530L 234",Em Produção,03/03/2026,05/03/2026,
1610274,358819,SID,4121,"275/80R22,5 PM VM530L 234",Em Produção,03/03/2026,05/03/2026,
1610275,358819,SID,4121b,"275/80R22,5 PM VM530L 234",Em Produção,03/03/2026,05/03/2026,
1610276,358819,SID,4021b,"275/80R22,5 PM VM530L 234",Em Produção,03/03/2026,05/03/2026,
1610277,358819,SID,4021c,"275/80R22,5 PM VM530L 234",Em Produção,03/03/2026,05/03/2026,
1610278,358819,SID,4121c,"275/80R22,5 PM VM530L 234",Em Produção,03/03/2026,05/03/2026,
1610279,358819,SID,4121d,"275/80R22,5 PM VM530L 234",Em Produção,03/03/2026,05/03/2026,
1610280,358819,SID,2620,"275/80R22,5 PM VM530L 226",Em Produção,03/03/2026,05/03/2026,
1610281,358819,SID,4021f,"275/80R22,5 PM VM530L 234",Em Produção,03/03/2026,05/03/2026,
1610282,358819,SID,4621,"275/80R22,5 PM VM530L 234",Em Produção,03/03/2026,05/03/2026,
1610283,358819,SID,4621a,"275/80R22,5 PM VM530L 242",Em Produção,03/03/2026,05/03/2026,
1610284,358819,SID,4721,"275/80R22,5 PM VM530L 234",Em Produção,03/03/2026,05/03/2026,
1610285,358819,SID,4721a,"275/80R22,5 PM VM530L 234",Em Produção,03/03/2026,05/03/2026,
1610287,358819,SID,4721,"275/80R22,5 PM VM530L 234",Em Produção,03/03/2026,05/03/2026,
1611734,359092,CITY TRANSPORTES URBANO INTERMODAL LTDA,103185,"275/80R22,5 PM DVUM3 B 234",Em Produção,05/03/2026,10/03/2026,
1611733,359092,CITY TRANSPORTES URBANO INTERMODAL LTDA,103971,"275/80R22,5 PM DVUM3 B 250",Em Produção,05/03/2026,10/03/2026,
1611735,359092,CITY TRANSPORTES URBANO INTERMODAL LTDA,102805,"275/80R22,5 PM DVUM3 B 250",Em Produção,05/03/2026,10/03/2026,
1611736,359092,CITY TRANSPORTES URBANO INTERMODAL LTDA,104089,"275/80R22,5 PM DVUM3 B 250",Em Produção,05/03/2026,10/03/2026,
1611737,359092,CITY TRANSPORTES URBANO INTERMODAL LTDA,103981,"275/80R22,5 PM DVUM3 B 250",Em Produção,05/03/2026,10/03/2026,
1611738,359092,CITY TRANSPORTES URBANO INTERMODAL LTDA,103850,"275/80R22,5 PM DVUM3 B 250",Em Produção,05/03/2026,10/03/2026,
1611739,359092,CITY TRANSPORTES URBANO INTERMODAL LTDA,103209,"275/80R22,5 PM DVUM3 B 250",Em Produção,05/03/2026,10/03/2026,
1611740,359092,CITY TRANSPORTES URBANO INTERMODAL LTDA,103773,"275/80R22,5 PM DVUM3 B 250",Em Produção,05/03/2026,10/03/2026,
1611741,359092,CITY TRANSPORTES URBANO INTERMODAL LTDA,103442,"275/80R22,5 PM DVUM3 B 250",Em Produção,05/03/2026,10/03/2026,
1611742,359092,CITY TRANSPORTES URBANO INTERMODAL LTDA,103242,"275/80R22,5 PM DVUM3 B 250",Em Produção,05/03/2026,10/03/2026,
1612501,359165,VIGENT CONSTRUCOES LTDA,sn,"10X16,5 PM DV-MTB 234",Em Produção,06/03/2026,12/03/2026,
1612500,359165,VIGENT CONSTRUCOES LTDA,137409,"10X16,5 PM DV-MTB 234",Em Produção,06/03/2026,12/03/2026,
1612528,359199,TRANSPORTES E TURISMO CORAL LTDA,1273,"275/80R22,5 PM DVUM3 B 242",Em Produção,06/03/2026,06/03/2026,
1612529,359199,TRANSPORTES E TURISMO CORAL LTDA,1235,"275/80R22,5 PM DVUM3 B 242",Em Produção,06/03/2026,06/03/2026,
1613402,359358,LOGMAM TRANSPORTES LTDA,4925,"295/80R22,5 REPARO VULC",Em Produção,09/03/2026,11/03/2026,
1614072,359481,CITY TRANSPORTES URBANO INTERMODAL LTDA,103114,"275/80R22,5 PM DVUM3 B 234",Em Produção,10/03/2026,12/03/2026,
1614070,359481,CITY TRANSPORTES URBANO INTERMODAL LTDA,104004,"275/80R22,5 PM DVUM3 B 250",Em Produção,10/03/2026,12/03/2026,
1614071,359481,CITY TRANSPORTES URBANO INTERMODAL LTDA,103198,"275/80R22,5 PM DVUM3 B 250",Em Produção,10/03/2026,12/03/2026,
1614073,359481,CITY TRANSPORTES URBANO INTERMODAL LTDA,102859,"275/80R22,5 PM DVUM3 B 250",Em Produção,10/03/2026,12/03/2026,
1614074,359481,CITY TRANSPORTES URBANO INTERMODAL LTDA,102291,"275/80R22,5 PM DVUM3 B 250",Em Produção,10/03/2026,12/03/2026,
1614075,359481,CITY TRANSPORTES URBANO INTERMODAL LTDA,102754,"275/80R22,5 PM DVUM3 B 250",Em Produção,10/03/2026,12/03/2026,
1614076,359481,CITY TRANSPORTES URBANO INTERMODAL LTDA,103696,"275/80R22,5 PM DVUM3 B 250",Em Produção,10/03/2026,12/03/2026,
1614077,359481,CITY TRANSPORTES URBANO INTERMODAL LTDA,103652,"275/80R22,5 PM DVUM3 B 250",Em Produção,10/03/2026,12/03/2026,
1615227,359668,SUPERGASBRAS ENERGIA LTDA,19022,"275/80R22,5 PM VL110LA 218",Recusado no Exame Final,12/03/2026,16/03/2026,
1615229,359669,LM TRANSPORTES INTERESTADUAIS SERVIÇOS E COMERCIO S A,15181,"275/80R22,5 PM VL110LA 234",Em Produção,12/03/2026,16/03/2026,
1615133,359684,CONCRESERV SUDESTE S/A.,41106,20.5X25 RECAUCHUT HRL LAGARTA (35),Em Produção,12/03/2026,18/03/2026,
1615135,359684,CONCRESERV SUDESTE S/A.,41103,20.5X25 RECAUCHUT HRL LAGARTA (35),Em Produção,12/03/2026,18/03/2026,
1617326,360071,SMART LOG GROUP LTDA,0319,"215/75R17,5 PM DVRM 190",Em Produção,17/03/2026,20/03/2026,
1617343,360085,KCAMBOX DISK ENTULHO LTDA,1914,"295/80R22,5 PM VL130 226",Em Produção,17/03/2026,20/03/2026,
1617929,360226,SID,0521,"295/80R22,5 PM PBA64-S 235",Em Produção,18/03/2026,20/03/2026,
1617930,360226,SID,2323,"295/80R22,5 PM PBA64-S 235",Em Produção,18/03/2026,20/03/2026,
1617931,360226,SID,2323a,"295/80R22,5 PM PBA64-S 235",Em Produção,18/03/2026,20/03/2026,
1617932,360226,SID,1822,"295/80R22,5 PM PBA64-S 235",Em Produção,18/03/2026,20/03/2026,
1617933,360226,SID,1722,"295/80R22,5 PM PBA64-S 235",Em Produção,18/03/2026,20/03/2026,
1617934,360226,SID,2923,"295/80R22,5 PM PBA64-S 235",Em Produção,18/03/2026,20/03/2026,
1617935,360226,SID,0723,"295/80R22,5 PM PBA64-S 235",Em Produção,18/03/2026,20/03/2026,
1617936,360226,SID,0723,"295/80R22,5 PM PBA64-S 235",Em Produção,18/03/2026,20/03/2026,
1617937,360226,SID,4323,"295/80R22,5 PM VM530L 258",Em Produção,18/03/2026,20/03/2026,
1617938,360226,SID,1823,"295/80R22,5 PM PBA64-S 235",Em Produção,18/03/2026,20/03/2026,
1618357,360260,REGIN RECUPERADORA E COM DE PNEUS LTDA,exp38,"10X16,5 PM DV-MTB 258",Em Produção,19/03/2026,25/03/2026,
1618358,360260,REGIN RECUPERADORA E COM DE PNEUS LTDA,exp20169,"10X16,5 PM DV-MTB 258",Em Produção,19/03/2026,25/03/2026,
1618372,360281,SID,0623,"295/80R22,5 PM VL110L 218",Em Produção,19/03/2026,23/03/2026,
1618373,360281,SID,2823,"295/80R22,5 PM VL110LA 226",Em Produção,19/03/2026,23/03/2026,
1618374,360281,SID,0424,"295/80R22,5 PM VL110LA 226",Em Produção,19/03/2026,23/03/2026,
1618375,360281,SID,2724,"295/80R22,5 PM VL110LA 226",Em Produção,19/03/2026,23/03/2026,
1618376,360281,SID,0423,"295/80R22,5 PM VL110LA 226",Em Produção,19/03/2026,23/03/2026,
1618377,360281,SID,2922,"295/80R22,5 PM VL110LA 234",Em Produção,19/03/2026,23/03/2026,
1618378,360281,SID,0724,"295/80R22,5 PM VL110LA 242",Em Produção,19/03/2026,23/03/2026,
1618379,360281,SID,3021,"295/80R22,5 PM VL110LA 226",Em Produção,19/03/2026,23/03/2026,
1618380,360281,SID,3423,"295/80R22,5 PM VL110LA 226",Em Produção,19/03/2026,23/03/2026,
1618370,360281,SID,0323,"295/80R22,5 PM VL110LA 226",Em Produção,19/03/2026,23/03/2026,
1618371,360281,SID,0423,"295/80R22,5 PM VL110LA 226",Em Produção,19/03/2026,23/03/2026,
1618646,360299,LM TRANSPORTES INTERESTADUAIS SERVIÇOS E COMERCIO S A,1524,"275/80R22,5 PM VL110LA 218",Em Produção,19/03/2026,23/03/2026,
1618648,360299,LM TRANSPORTES INTERESTADUAIS SERVIÇOS E COMERCIO S A,0425,"275/80R22,5 PM VL110LA 218",Em Produção,19/03/2026,23/03/2026,
1618686,360333,SID,2424,"295/80R22,5 PM VL110LA 226",Em Produção,19/03/2026,23/03/2026,
1618687,360333,SID,2824,"295/80R22,5 PM VL110LA 226",Em Produção,19/03/2026,23/03/2026,
1618688,360333,SID,2624,"295/80R22,5 PM VL110LA 226",Em Produção,19/03/2026,23/03/2026,
1618689,360333,SID,2624,"295/80R22,5 PM VL110LA 226",Em Produção,19/03/2026,23/03/2026,
1618690,360333,SID,2424,"295/80R22,5 PM VL110LA 226",Em Produção,19/03/2026,23/03/2026,
1618691,360333,SID,2524,"295/80R22,5 PM VL110LA 226",Em Produção,19/03/2026,23/03/2026,
1618692,360333,SID,2424,"295/80R22,5 PM VL110LA 226",Em Produção,19/03/2026,23/03/2026,
1618693,360333,SID,2424,"295/80R22,5 PM VL110LA 226",Em Produção,19/03/2026,23/03/2026,
1618694,360333,SID,1324,"295/80R22,5 PM VL110LA 226",Em Produção,19/03/2026,23/03/2026,
1618695,360333,SID,1524,"295/80R22,5 PM VL110LA 226",Em Produção,19/03/2026,23/03/2026,
1618696,360333,SID,1524,"295/80R22,5 PM VL110LA 226",Em Produção,19/03/2026,23/03/2026,
1618697,360333,SID,1524,"295/80R22,5 PM VL110LA 226",Em Produção,19/03/2026,23/03/2026,
1618698,360333,SID,1524,"295/80R22,5 PM VL110LA 226",Em Produção,19/03/2026,23/03/2026,
1618699,360333,SID,1724,"295/80R22,5 PM VL110LA 226",Em Produção,19/03/2026,23/03/2026,
1618700,360333,SID,1724,"295/80R22,5 PM VL110LA 226",Em Produção,19/03/2026,23/03/2026,
1618701,360333,SID,1724,"295/80R22,5 PM VL110LA 226",Em Produção,19/03/2026,23/03/2026,
1618702,360333,SID,1724,"295/80R22,5 PM VL110LA 226",Em Produção,19/03/2026,23/03/2026,
1618703,360333,SID,1724,"295/80R22,5 PM VL110LA 226 *5G*",Em Produção,19/03/2026,23/03/2026,
1619092,360385,SID,0821,"275/80R22,5 PM VL110LA 226",Em Produção,20/03/2026,24/03/2026,
1619106,360387,SID,1321,"275/80R22,5 PM VM530L 226",Em Produção,20/03/2026,24/03/2026,
1619107,360387,SID,1121,"275/80R22,5 PM VM530L 226",Em Produção,20/03/2026,24/03/2026,
1619108,360387,SID,1321,"275/80R22,5 PM VM530L 226",Em Produção,20/03/2026,24/03/2026,
1619109,360387,SID,1221,"275/80R22,5 PM VM530L 226",Em Produção,20/03/2026,24/03/2026,
1619110,360387,SID,1221,"275/80R22,5 PM VM530L 226",Em Produção,20/03/2026,24/03/2026,
1619111,360387,SID,1321,"275/80R22,5 PM VM530L 226",Em Produção,20/03/2026,24/03/2026,
1619112,360387,SID,1121,"275/80R22,5 PM VM530L 226 *5G*",Em Produção,20/03/2026,24/03/2026,
1619113,360387,SID,0823,"275/80R22,5 PM VM530L 226",Em Produção,20/03/2026,24/03/2026,
1619264,360393,VALEBETON CONCRETO EIRELI,0323y10714,"17,5X25 RT RECAUCHUT SGG",Em Produção,20/03/2026,24/03/2026,
1619265,360393,VALEBETON CONCRETO EIRELI,0323y10560,"17,5X25 RT RECAUCHUT SGG",Em Produção,20/03/2026,24/03/2026,
1619446,360466,SID,3222,"275/80R22,5 PM DVUM3 B 234",Em Produção,23/03/2026,25/03/2026,
1619497,360475,SID,1623,"295/80R22,5 PM DV-RMB 234",Em Produção,23/03/2026,25/03/2026,
1619498,360475,SID,4724,"295/80R22,5 PM DV-RMB 226",Em Produção,23/03/2026,25/03/2026,
1619499,360475,SID,3523,"295/80R22,5 PM DV-RMB 234",Em Produção,23/03/2026,25/03/2026,
1619500,360475,SID,2023,"295/80R22,5 PM DV-RMB 226",Em Produção,23/03/2026,25/03/2026,
1619501,360475,SID,3022,"295/80R22,5 PM DV-RMB 250",Em Produção,23/03/2026,25/03/2026,
1619502,360475,SID,4522,"295/80R22,5 PM DV-RMB 250",Em Produção,23/03/2026,25/03/2026,
1619503,360475,SID,0423,"295/80R22,5 PM DV-RMB 242",Em Produção,23/03/2026,25/03/2026,
1619504,360475,SID,0124,"295/80R22,5 PM DV-RMB 234",Em Produção,23/03/2026,25/03/2026,
1619505,360475,SID,0124,"295/80R22,5 PM DV-RMB 226",Em Produção,23/03/2026,25/03/2026,
1619506,360475,SID,2524,"295/80R22,5 PM DV-RMB 242",Em Produção,23/03/2026,25/03/2026,
1619976,360516,SCHUNCK TERRAPLENAGEM E TRANSPORTES - EIRELI,16530,12.5/80X18 DUPLAGEM,Em Produção,23/03/2026,24/03/2026,
1619977,360516,SCHUNCK TERRAPLENAGEM E TRANSPORTES - EIRELI,16531,12.5/80X18 DUPLAGEM,Em Produção,23/03/2026,24/03/2026,
1622673,360609,FERMIX IND E COM LTDA,1N047784,650X10 PM VI600 138,Em Produção,27/03/2026,30/03/2026,
1622674,360609,FERMIX IND E COM LTDA,1N068041,650X10 PM VI600 138,Em Produção,27/03/2026,30/03/2026,
1620613,360633,LM TRANSPORTES INTERESTADUAIS SERVIÇOS E COMERCIO S A,3123,"275/80R22,5 PM VL110LA 226 *5G*",Em Produção,24/03/2026,26/03/2026,
1620606,360650,SID,3222b,"275/80R22,5 PM PBA64-S 235",Em Produção,24/03/2026,26/03/2026,
1620597,360650,SID,3722,"275/80R22,5 PM PBA64-S 235",Em Produção,24/03/2026,26/03/2026,
1620598,360650,SID,4522,"275/80R22,5 PM PBA64-S 225",Em Produção,24/03/2026,26/03/2026,
1620599,360650,SID,0222,"275/80R22,5 PM PBA64-S 235",Em Produção,24/03/2026,26/03/2026,
1620600,360650,SID,1822,"275/80R22,5 PM PBA64-S 235",Em Produção,24/03/2026,26/03/2026,
1620601,360650,SID,4522,"275/80R22,5 PM PBA64-S 235",Em Produção,24/03/2026,26/03/2026,
1620602,360650,SID,3219,"275/80R22,5 PM PBA64-S 235",Em Produção,24/03/2026,26/03/2026,
1620603,360650,SID,3219,"275/80R22,5 PM PBA64-S 235",Em Produção,24/03/2026,26/03/2026,
1620604,360650,SID,3922,"275/80R22,5 PM PBA64-S 235",Em Produção,24/03/2026,26/03/2026,
1620605,360650,SID,3222,"275/80R22,5 PM PBA64-S 235",Em Produção,24/03/2026,26/03/2026,
1620730,360659,CITY TRANSPORTES URBANO INTERMODAL LTDA,104099,"275/80R22,5 PM DVUM3 B 242",Em Produção,24/03/2026,26/03/2026,
1620731,360659,CITY TRANSPORTES URBANO INTERMODAL LTDA,300923,"275/80R22,5 PM DVUM3 B 234",Recusado no Exame Final,24/03/2026,26/03/2026,
1620728,360659,CITY TRANSPORTES URBANO INTERMODAL LTDA,303660,"275/80R22,5 PM DVUM3 B 250",Em Produção,24/03/2026,26/03/2026,
1620729,360659,CITY TRANSPORTES URBANO INTERMODAL LTDA,103925,"275/80R22,5 PM DVUM3 B 250",Em Produção,24/03/2026,26/03/2026,
1620732,360659,CITY TRANSPORTES URBANO INTERMODAL LTDA,103853,"275/80R22,5 PM DVUM3 B 250",Em Produção,24/03/2026,26/03/2026,
1620733,360659,CITY TRANSPORTES URBANO INTERMODAL LTDA,102425,"275/80R22,5 PM DVUM3 B 250",Em Produção,24/03/2026,26/03/2026,
1620734,360659,CITY TRANSPORTES URBANO INTERMODAL LTDA,200606,"275/80R22,5 PM DVUM3 B 250",Em Produção,24/03/2026,26/03/2026,
1620735,360659,CITY TRANSPORTES URBANO INTERMODAL LTDA,103941,"275/80R22,5 PM DVUM3 B 250",Em Produção,24/03/2026,26/03/2026,
1620736,360659,CITY TRANSPORTES URBANO INTERMODAL LTDA,103942,"275/80R22,5 PM DVUM3 B 250",Em Produção,24/03/2026,26/03/2026,
1630083,360714,VIAÇÃO METROPOLE PAULISTA S/A - IMPERADOR,539616,"295/80R22,5 PM DVUM3 B 250",Em Produção,15/04/2026,31/03/2026,
1630072,360714,VIAÇÃO METROPOLE PAULISTA S/A - IMPERADOR,542071,"295/80R22,5 PM DVUM3 B 250",Em Produção,15/04/2026,31/03/2026,
1630073,360714,VIAÇÃO METROPOLE PAULISTA S/A - IMPERADOR,542095,"295/80R22,5 PM DVUM3 B 250",Em Produção,15/04/2026,31/03/2026,
1630074,360714,VIAÇÃO METROPOLE PAULISTA S/A - IMPERADOR,541986,"295/80R22,5 PM DVUM3 B 250",Em Produção,15/04/2026,31/03/2026,
1630075,360714,VIAÇÃO METROPOLE PAULISTA S/A - IMPERADOR,541482,"295/80R22,5 PM DVUM3 B 250",Em Produção,15/04/2026,31/03/2026,
1630076,360714,VIAÇÃO METROPOLE PAULISTA S/A - IMPERADOR,542085,"295/80R22,5 PM DVUM3 B 250",Em Produção,15/04/2026,31/03/2026,
1630077,360714,VIAÇÃO METROPOLE PAULISTA S/A - IMPERADOR,542108,"295/80R22,5 PM DVUM3 B 250",Em Produção,15/04/2026,31/03/2026,
1630078,360714,VIAÇÃO METROPOLE PAULISTA S/A - IMPERADOR,542131,"295/80R22,5 PM DVUM3 B 250",Em Produção,15/04/2026,31/03/2026,
1630079,360714,VIAÇÃO METROPOLE PAULISTA S/A - IMPERADOR,541719,"295/80R22,5 PM DVUM3 B 250",Em Produção,15/04/2026,31/03/2026,
1630080,360714,VIAÇÃO METROPOLE PAULISTA S/A - IMPERADOR,542192,"295/80R22,5 PM DVUM3 B 250",Em Produção,15/04/2026,31/03/2026,
1630081,360714,VIAÇÃO METROPOLE PAULISTA S/A - IMPERADOR,541502,"295/80R22,5 PM DVUM3 B 250",Em Produção,15/04/2026,31/03/2026,
1630082,360714,VIAÇÃO METROPOLE PAULISTA S/A - IMPERADOR,541191,"295/80R22,5 PM DVUM3 B 250",Em Produção,15/04/2026,31/03/2026,
1630084,360714,VIAÇÃO METROPOLE PAULISTA S/A - IMPERADOR,539994,"295/80R22,5 PM DVUM3 B 250",Em Produção,15/04/2026,31/03/2026,
1630085,360714,VIAÇÃO METROPOLE PAULISTA S/A - IMPERADOR,540802,"295/80R22,5 PM DVUM3 B 250",Em Produção,15/04/2026,31/03/2026,
1630086,360714,VIAÇÃO METROPOLE PAULISTA S/A - IMPERADOR,540568,"295/80R22,5 PM DVUM3 B 250",Em Produção,15/04/2026,31/03/2026,
1630087,360714,VIAÇÃO METROPOLE PAULISTA S/A - IMPERADOR,539934,"295/80R22,5 PM DVUM3 B 250",Em Produção,15/04/2026,31/03/2026,
1630088,360714,VIAÇÃO METROPOLE PAULISTA S/A - IMPERADOR,539675,"295/80R22,5 PM DVUM3 B 250",Em Produção,15/04/2026,31/03/2026,
1630089,360714,VIAÇÃO METROPOLE PAULISTA S/A - IMPERADOR,541268,"295/80R22,5 PM DVUM3 B 250",Em Produção,15/04/2026,31/03/2026,
1630090,360714,VIAÇÃO METROPOLE PAULISTA S/A - IMPERADOR,539040,"295/80R22,5 PM DVUM3 B 250",Em Produção,15/04/2026,31/03/2026,
1630091,360714,VIAÇÃO METROPOLE PAULISTA S/A - IMPERADOR,540782,"295/80R22,5 PM DVUM3 B 250",Em Produção,15/04/2026,31/03/2026,
1621156,360750,SID,0000,700X12 PM VI600 154,Em Produção,25/03/2026,27/03/2026,
1621157,360750,SID,0000a,700X12 PM VI600 154,Em Produção,25/03/2026,27/03/2026,
1621158,360750,SID,0000,600X09 PM VI600 154  MACIÇO,Em Produção,25/03/2026,27/03/2026,
1621159,360750,SID,0000a,600X09 PM VI600 154  MACIÇO,Em Produção,25/03/2026,27/03/2026,
1621264,360770,SID,4423,"295/80R22,5 PM DV-RMB 250",Em Produção,25/03/2026,27/03/2026,
1621570,360852,SID,4522,"275/80R22,5 PM PBA64-S 225",Em Produção,26/03/2026,27/03/2026,
1621571,360852,SID,0323,"275/80R22,5 PM PBA64-S 225",Em Produção,26/03/2026,27/03/2026,
1621572,360852,SID,4522a,"275/80R22,5 PM PBA64-S 225",Em Produção,26/03/2026,27/03/2026,
1622041,360903,SUPERGASBRAS ENERGIA LTDA,1723,"275/80R22,5 PM VL110LA 218",Em Produção,26/03/2026,30/03/2026,
1622582,361012,SID,0822,"275/80R22,5 PM DV-RMB 234",Em Produção,27/03/2026,30/03/2026,
1623840,361238,SCHUNCK TERRAPLENAGEM E TRANSPORTES - EIRELI,16315,12.5/80X18 RECAUCHUT SGG,Em Produção,31/03/2026,02/04/2026,
1623841,361238,SCHUNCK TERRAPLENAGEM E TRANSPORTES - EIRELI,16314,12.5/80X18 RECAUCHUT SGG,Em Produção,31/03/2026,02/04/2026,
1623788,361263,LM TRANSPORTES INTERESTADUAIS SERVIÇOS E COMERCIO S A,3722,"11R22,5 PM VL110L 218",Em Produção,31/03/2026,02/04/2026,
1623789,361263,LM TRANSPORTES INTERESTADUAIS SERVIÇOS E COMERCIO S A,2035817,"275/80R22,5 PM VL110LA 226",Em Produção,31/03/2026,02/04/2026,
1624239,361291,VIAÇÃO METROPOLE PAULISTA S/A - IMPERADOR,539143,"295/80R22,5 PM DVUM3 B 250",Em Produção,01/04/2026,07/04/2026,
1624240,361291,VIAÇÃO METROPOLE PAULISTA S/A - IMPERADOR,540138,"295/80R22,5 PM DVUM3 B 250",Em Produção,01/04/2026,07/04/2026,
1624241,361291,VIAÇÃO METROPOLE PAULISTA S/A - IMPERADOR,539736,"295/80R22,5 PM DVUM3 B 250",Em Produção,01/04/2026,07/04/2026,
1624242,361291,VIAÇÃO METROPOLE PAULISTA S/A - IMPERADOR,541068,"295/80R22,5 PM DVUM3 B 250",Em Produção,01/04/2026,07/04/2026,
1624243,361291,VIAÇÃO METROPOLE PAULISTA S/A - IMPERADOR,541247,"295/80R22,5 PM DVUM3 B 250",Em Produção,01/04/2026,07/04/2026,
1624244,361291,VIAÇÃO METROPOLE PAULISTA S/A - IMPERADOR,541589,"295/80R22,5 PM DVUM3 B 250",Em Produção,01/04/2026,07/04/2026,
1624245,361291,VIAÇÃO METROPOLE PAULISTA S/A - IMPERADOR,541584,"295/80R22,5 PM DVUM3 B 250",Em Produção,01/04/2026,07/04/2026,
1624247,361291,VIAÇÃO METROPOLE PAULISTA S/A - IMPERADOR,540715,"295/80R22,5 PM DVUM3 B 250",Em Produção,01/04/2026,07/04/2026,
1624248,361291,VIAÇÃO METROPOLE PAULISTA S/A - IMPERADOR,540915,"295/80R22,5 PM DVUM3 B 250",Em Produção,01/04/2026,07/04/2026,
1624249,361291,VIAÇÃO METROPOLE PAULISTA S/A - IMPERADOR,541390,"295/80R22,5 PM DVUM3 B 250",Em Produção,01/04/2026,07/04/2026,
1624250,361291,VIAÇÃO METROPOLE PAULISTA S/A - IMPERADOR,542034,"295/80R22,5 PM DVUM3 B 250",Em Produção,01/04/2026,07/04/2026,
1624246,361291,VIAÇÃO METROPOLE PAULISTA S/A - IMPERADOR,541614,"295/80R22,5 PM DVUM3 B 250",Em Produção,01/04/2026,07/04/2026,
1624276,361331,VIGENT CONSTRUCOES LTDA,4223,"275/80R22,5 PM DV-MTB 218",Em Produção,01/04/2026,07/04/2026,
1624277,361331,VIGENT CONSTRUCOES LTDA,0622,"275/80R22,5 PM DV-MTB 226",Em Produção,01/04/2026,07/04/2026,
1624278,361331,VIGENT CONSTRUCOES LTDA,0222,"275/80R22,5 PM DV-MTB 226",Em Produção,01/04/2026,07/04/2026,
1624279,361331,VIGENT CONSTRUCOES LTDA,0622,"275/80R22,5 PM DV-MTB 226",Em Produção,01/04/2026,07/04/2026,
1624274,361331,VIGENT CONSTRUCOES LTDA,4223,"275/80R22,5 PM DV-MTB 218",Em Produção,01/04/2026,07/04/2026,
1624275,361331,VIGENT CONSTRUCOES LTDA,0222,"275/80R22,5 PM DV-MTB 226",Em Produção,01/04/2026,07/04/2026,
1624307,361365,SID,3222,"275/80R22,5 PM VM530L 234",Em Produção,01/04/2026,03/04/2026,
1624308,361365,SID,0122,"275/80R22,5 PM VM530L 234",Em Produção,01/04/2026,03/04/2026,
1624310,361365,SID,3221,"275/80R22,5 PM VM530L 242",Em Produção,01/04/2026,03/04/2026,
1624311,361365,SID,4121,"275/80R22,5 PM VM530L 226",Em Produção,01/04/2026,03/04/2026,
1624313,361365,SID,5122,"275/80R22,5 PM VM530L 234",Em Produção,01/04/2026,03/04/2026,
1624314,361365,SID,4423,"275/80R22,5 PM VM530L 234",Em Produção,01/04/2026,03/04/2026,
1624317,361365,SID,2921,"275/80R22,5 PM VM530L 226",Em Produção,01/04/2026,03/04/2026,
1624318,361365,SID,1021,"275/80R22,5 PM VM530L 234",Em Produção,01/04/2026,03/04/2026,
1624319,361365,SID,5221,"275/80R22,5 PM VM530L 242",Em Produção,01/04/2026,03/04/2026,
1624320,361365,SID,1022,"275/80R22,5 PM VM530L 234",Em Produção,01/04/2026,03/04/2026,
1624321,361365,SID,3422,"275/80R22,5 PM VM530L 242",Em Produção,01/04/2026,03/04/2026,
1624309,361365,SID,3723,"275/80R22,5 PM VM530L 234",Em Produção,01/04/2026,03/04/2026,
1624312,361365,SID,0225,"275/80R22,5 PM VM530L 242",Em Produção,01/04/2026,03/04/2026,
1624315,361365,SID,2325,"275/80R22,5 PM VM530L 234",Em Produção,01/04/2026,03/04/2026,
1624316,361365,SID,4724,"275/80R22,5 PM VM530L 226",Em Produção,01/04/2026,03/04/2026,
1624799,361449,SID,3921P,"275/80R22,5 PM VM530L 226",Em Produção,02/04/2026,08/04/2026,
1624800,361449,SID,1020P,"275/80R22,5 PM VM530L 234",Em Produção,02/04/2026,08/04/2026,
1624790,361449,SID,2821,"275/80R22,5 PM VM530L 226",Em Produção,02/04/2026,08/04/2026,
1624791,361449,SID,3421,"275/80R22,5 PM VM530L 234",Em Produção,02/04/2026,08/04/2026,
1624792,361449,SID,0922,"275/80R22,5 PM VM530L 226",Em Produção,02/04/2026,08/04/2026,
1624793,361449,SID,2424P,"275/80R22,5 PM VM530L 234",Em Produção,02/04/2026,08/04/2026,
1624794,361449,SID,4122,"275/80R22,5 PM VM530L 234",Em Produção,02/04/2026,08/04/2026,
1624795,361449,SID,0821,"275/80R22,5 PM VM530L 234",Em Produção,02/04/2026,08/04/2026,
1624796,361449,SID,2723,"275/80R22,5 PM VM530L 226",Em Produção,02/04/2026,08/04/2026,
1624797,361449,SID,2622,"275/80R22,5 PM VM530L 234",Em Produção,02/04/2026,08/04/2026,
1624798,361449,SID,3822,"275/80R22,5 PM VM530L 242",Em Produção,02/04/2026,08/04/2026,
1624801,361449,SID,0720,"275/80R22,5 PM VM530L 234",Em Produção,02/04/2026,08/04/2026,
1624802,361449,SID,3420P,"275/80R22,5 PM VM530L 242",Em Produção,02/04/2026,08/04/2026,
1624803,361449,SID,2120p,"275/80R22,5 PM VM530L 242",Em Produção,02/04/2026,08/04/2026,
1624804,361449,SID,3420P,"275/80R22,5 PM VM530L 226",Em Produção,02/04/2026,08/04/2026,
1624899,361470,TRANSWOLFF TRANSPORTES E TURISMO LTDA,42711 FILIAL,"275/80R22,5 PM DVUM3 B 242",Em Produção,02/04/2026,07/04/2026,
1624982,361487,SID,3422b,"275/80R22,5 PM DVUM3 B 234",Em Produção,02/04/2026,07/04/2026,
1624977,361487,SID,1323,"275/80R22,5 PM DVUM3 B 242",Em Produção,02/04/2026,07/04/2026,
1624978,361487,SID,4822,"275/80R22,5 PM DVUM3 B 226",Em Produção,02/04/2026,07/04/2026,
1624979,361487,SID,4722,"275/80R22,5 PM DVUM3 B 234",Em Produção,02/04/2026,07/04/2026,
1624980,361487,SID,3422,"275/80R22,5 PM DVUM3 B 234",Em Produção,02/04/2026,07/04/2026,
1624981,361487,SID,4922,"275/80R22,5 PM DVUM3 B 234",Em Produção,02/04/2026,07/04/2026,
1624983,361487,SID,4822,"275/80R22,5 PM DVUM3 B 226",Em Produção,02/04/2026,07/04/2026,
1624984,361487,SID,4522,"275/80R22,5 PM DVUM3 B 234",Em Produção,02/04/2026,07/04/2026,
1624985,361487,SID,1223,"275/80R22,5 PM DVUM3 B 226",Em Produção,02/04/2026,07/04/2026,
1624986,361487,SID,0822,"275/80R22,5 PM DVUM3 B 234",Em Produção,02/04/2026,07/04/2026,
1624988,361487,SID,5122,"275/80R22,5 PM DVUM3 B 234",Em Produção,02/04/2026,07/04/2026,
1624989,361487,SID,4522,"275/80R22,5 PM DVUM3 B 234",Em Produção,02/04/2026,07/04/2026,
1624990,361487,SID,3222,"275/80R22,5 PM DVUM3 B 234",Em Produção,02/04/2026,07/04/2026,
1624992,361487,SID,4522,"275/80R22,5 PM DVUM3 B 234",Em Produção,02/04/2026,07/04/2026,
1624993,361487,SID,2823,"275/80R22,5 PM DVUM3 B 234",Em Produção,02/04/2026,07/04/2026,
1624994,361487,SID,4423,"275/80R22,5 PM DVUM3 B 234",Em Produção,02/04/2026,07/04/2026,
1628016,361487,SID,0224,"275/80R22,5 PM DVUM3 B 234",Em Produção,10/04/2026,07/04/2026,
1625073,361494,SMART LOG GROUP LTDA,cl0021,"215/75R17,5 PM VZE-1 190",Em Produção,02/04/2026,07/04/2026,
1625074,361494,SMART LOG GROUP LTDA,cl0143,"215/75R17,5 PM VZE-1 190",Em Produção,02/04/2026,07/04/2026,
1625075,361494,SMART LOG GROUP LTDA,0521,"215/75R17,5 PM VZE-1 160 *5G*",Em Produção,02/04/2026,07/04/2026,
1625077,361494,SMART LOG GROUP LTDA,cl0310,"215/75R17,5 PM VZE-1 190",Em Produção,02/04/2026,07/04/2026,
1625078,361494,SMART LOG GROUP LTDA,289,"215/75R17,5 PM VZE-1 160 *5G*",Em Produção,02/04/2026,07/04/2026,
1625079,361494,SMART LOG GROUP LTDA,4222,"235/75R17,5 PM DVRM 190",Em Produção,02/04/2026,07/04/2026,
1625710,361614,DNP TERRAPLENAGEM E PAVIMENTADORA FLORESTO LTDA,9925,1200R24 PM DV-MTB 250,Em Produção,06/04/2026,09/04/2026,
1625626,361624,VALEBETON CONCRETO EIREILI EPP,3122,"275/80R22,5 RT RECAUCHUT VSELB",Em Produção,06/04/2026,08/04/2026,
1625627,361624,VALEBETON CONCRETO EIREILI EPP,4622,"275/80R22,5 PM PBA64-S 225",Em Produção,06/04/2026,08/04/2026,
1625628,361624,VALEBETON CONCRETO EIREILI EPP,1421,"275/80R22,5 PM PBA64-S 225",Em Produção,06/04/2026,08/04/2026,
1625629,361624,VALEBETON CONCRETO EIREILI EPP,2523,"275/80R22,5 PM PBA64-S 225",Em Produção,06/04/2026,08/04/2026,
1625630,361624,VALEBETON CONCRETO EIREILI EPP,4622,"275/80R22,5 PM PBA64-S 225",Em Produção,06/04/2026,08/04/2026,
1626067,361684,SID,3220,"235/75R17,5 PM VL130 202",Em Produção,07/04/2026,09/04/2026,
1626068,361684,SID,0524,"235/75R17,5 PM VL130 202",Em Produção,07/04/2026,09/04/2026,
1626069,361684,SID,1824,"235/75R17,5 PM DVRM 198",Em Produção,07/04/2026,09/04/2026,
1626070,361684,SID,4923,"235/75R17,5 PM DVRM 190",Em Produção,07/04/2026,09/04/2026,
1626071,361684,SID,4823,"235/75R17,5 PM DVRM 190",Em Produção,07/04/2026,09/04/2026,
1626316,361748,CITY TRANSPORTES URBANO INTERMODAL LTDA,103401,"275/80R22,5 PM DVUM3 B 250",Em Produção,07/04/2026,09/04/2026,
1626317,361748,CITY TRANSPORTES URBANO INTERMODAL LTDA,102858,"275/80R22,5 PM DVUM3 B 250",Em Produção,07/04/2026,09/04/2026,
1626318,361748,CITY TRANSPORTES URBANO INTERMODAL LTDA,102912,"275/80R22,5 PM DVUM3 B 250",Em Produção,07/04/2026,09/04/2026,
1626319,361748,CITY TRANSPORTES URBANO INTERMODAL LTDA,103405,"275/80R22,5 PM DVUM3 B 250",Em Produção,07/04/2026,09/04/2026,
1626569,361759,VIAÇÃO METROPOLE PAULISTA S/A - IMPERADOR,538468,"295/80R22,5 PM DVUM3 B 250",Em Produção,08/04/2026,14/04/2026,
1626570,361759,VIAÇÃO METROPOLE PAULISTA S/A - IMPERADOR,540671,"295/80R22,5 PM DVUM3 B 250",Em Produção,08/04/2026,14/04/2026,
1626571,361759,VIAÇÃO METROPOLE PAULISTA S/A - IMPERADOR,537673,"295/80R22,5 PM DVUM3 B 250",Em Produção,08/04/2026,14/04/2026,
1626572,361759,VIAÇÃO METROPOLE PAULISTA S/A - IMPERADOR,540208,"295/80R22,5 PM DVUM3 B 250",Em Produção,08/04/2026,14/04/2026,
1626573,361759,VIAÇÃO METROPOLE PAULISTA S/A - IMPERADOR,539645,"295/80R22,5 PM DVUM3 B 250",Em Produção,08/04/2026,14/04/2026,
1626574,361759,VIAÇÃO METROPOLE PAULISTA S/A - IMPERADOR,540689,"295/80R22,5 PM DVUM3 B 250",Em Produção,08/04/2026,14/04/2026,
1626575,361759,VIAÇÃO METROPOLE PAULISTA S/A - IMPERADOR,540788,"295/80R22,5 PM DVUM3 B 250",Em Produção,08/04/2026,14/04/2026,
1626576,361759,VIAÇÃO METROPOLE PAULISTA S/A - IMPERADOR,538084,"295/80R22,5 PM DVUM3 B 250",Em Produção,08/04/2026,14/04/2026,
1626577,361759,VIAÇÃO METROPOLE PAULISTA S/A - IMPERADOR,539364,"295/80R22,5 PM DVUM3 B 250",Em Produção,08/04/2026,14/04/2026,
1626578,361759,VIAÇÃO METROPOLE PAULISTA S/A - IMPERADOR,540810,"295/80R22,5 PM DVUM3 B 250",Em Produção,08/04/2026,14/04/2026,
1632554,361853,GLASSER PISOS E PRE-MOLDADOS LTDA.,15172,825X15 PM DV-MTB 218,Recusado no Exame Inicial,22/04/2026,16/04/2026,
1632556,361853,GLASSER PISOS E PRE-MOLDADOS LTDA.,544,825X15 PM DV-MTB 218,Recusado no Exame Inicial,22/04/2026,16/04/2026,
1632557,361853,GLASSER PISOS E PRE-MOLDADOS LTDA.,555,825X15 PM DV-MTB 218,Recusado no Exame Inicial,22/04/2026,16/04/2026,
1632558,361853,GLASSER PISOS E PRE-MOLDADOS LTDA.,583,700X12 PM VI600 154,Em Produção,22/04/2026,16/04/2026,
1632555,361853,GLASSER PISOS E PRE-MOLDADOS LTDA.,553,825X15 PM DV-MTB 218,Em Produção,22/04/2026,16/04/2026,
1626944,361878,COLETECH TECNOLOGIA AMBIENTAL LTDA,4221,"275/80R22,5 PM PBA64-S 235",Em Produção,08/04/2026,10/04/2026,
1626951,361879,COLETECH TECNOLOGIA AMBIENTAL LTDA,0000,1400X24 RT RECAUCHUT.,Em Produção,08/04/2026,15/04/2026,
1626952,361879,COLETECH TECNOLOGIA AMBIENTAL LTDA,0000,1400X24 RT RECAUCHUT.,Em Produção,08/04/2026,15/04/2026,
1627168,361897,BRUNO NOMELINI MATOSO,0619,"33X12,5R15 PM VJ910 230",Em Produção,08/04/2026,13/04/2026,
1627169,361897,BRUNO NOMELINI MATOSO,0619A,"33X12,5R15 PM VJ910 230",Em Produção,08/04/2026,13/04/2026,
1627170,361897,BRUNO NOMELINI MATOSO,0619B,"33X12,5R15 PM VJ910 230",Em Produção,08/04/2026,13/04/2026,
1627171,361897,BRUNO NOMELINI MATOSO,0619C,"33X12,5R15 PM VJ910 230",Em Produção,08/04/2026,13/04/2026,
1632008,361951,EMPREITEIRA PAULISTANA ENGENHARIA E CONSTRUÇÃO LTDA,1027,"12X16,5 RT RECAUCHUT SGG",Em Produção,20/04/2026,11/04/2026,
1627707,361964,LM TRANSPORTES INTERESTADUAIS SERVIÇOS E COMERCIO S A,3523,"275/80R22,5 PM VL110LA 226",Em Produção,09/04/2026,13/04/2026,
1627712,361965,SUPERGASBRAS ENERGIA LTDA,4424,"275/80R22,5 PM VM530L 226",Em Produção,09/04/2026,13/04/2026,
1627713,361965,SUPERGASBRAS ENERGIA LTDA,0525,"275/80R22,5 PM VM530L 234",Em Produção,09/04/2026,13/04/2026,
1627714,361965,SUPERGASBRAS ENERGIA LTDA,19041,"275/80R22,5 PM VM530L 210",Em Produção,09/04/2026,13/04/2026,
1627715,361965,SUPERGASBRAS ENERGIA LTDA,19040,"275/80R22,5 PM VM530L 210",Em Produção,09/04/2026,13/04/2026,
1627716,361965,SUPERGASBRAS ENERGIA LTDA,19042,"275/80R22,5 PM VM530L 210",Em Produção,09/04/2026,13/04/2026,
1627798,361991,"ARMAC LOCACAO, LOGISTICA E SERVICOS S.A.",46627,12.5/80X18 RECAUCHUT SGG,Em Produção,09/04/2026,17/04/2026,
1627795,361991,"ARMAC LOCACAO, LOGISTICA E SERVICOS S.A.",52613,12.5/80X18 RECAUCHUT SGG,Em Produção,09/04/2026,17/04/2026,
1627796,361991,"ARMAC LOCACAO, LOGISTICA E SERVICOS S.A.",52612,12.5/80X18 RECAUCHUT SGG,Em Produção,09/04/2026,17/04/2026,
1627856,362006,PROTEGE S/A PROTEÇÃO E TRANSPORTE DE VALORES,4324,"235/75R17,5 PM DVRM 190",Em Produção,09/04/2026,14/04/2026,
1627855,362006,PROTEGE S/A PROTEÇÃO E TRANSPORTE DE VALORES,2024,"235/75R17,5 PM DVRM 234",Em Produção,09/04/2026,14/04/2026,
1627882,362025,SID,2620,"275/80R22,5 PM VRT1 230",Em Produção,10/04/2026,13/04/2026,
1628766,362100,GR DAUDT TRANSPORTES LTDA,4557,"275/80R22,5 PM VL110L 218",Em Produção,13/04/2026,15/04/2026,
1628768,362100,GR DAUDT TRANSPORTES LTDA,4729,"275/80R22,5 PM VL110L 218",Em Produção,13/04/2026,15/04/2026,
1629473,362308,VIGENT CONSTRUCOES LTDA,j13281,"17,5X25 RT RECAUCHUT SGG",Em Produção,14/04/2026,21/04/2026,
1629292,362412,SID,1623,"275/80R22,5 PM DVUM3 B 234",Em Produção,14/04/2026,16/04/2026,
1629288,362412,SID,4022,"275/80R22,5 PM DVUM3 B 234",Em Produção,14/04/2026,16/04/2026,
1629289,362412,SID,3522,"275/80R22,5 PM DVUM3 B 234",Em Produção,14/04/2026,16/04/2026,
1629290,362412,SID,3422,"275/80R22,5 PM DVUM3 B 234",Em Produção,14/04/2026,16/04/2026,
1629291,362412,SID,3722,"275/80R22,5 PM DVUM3 B 234",Em Produção,14/04/2026,16/04/2026,
1629293,362412,SID,0323,"275/80R22,5 PM DVUM3 B 226",Em Produção,14/04/2026,16/04/2026,
1629294,362412,SID,0823,"275/80R22,5 PM DVUM3 B 226",Em Produção,14/04/2026,16/04/2026,
1629295,362412,SID,0222,"275/80R22,5 PM DVUM3 B 234",Em Produção,14/04/2026,16/04/2026,
1629296,362412,SID,3722,"275/80R22,5 PM DVUM3 B 234",Em Produção,14/04/2026,16/04/2026,
1629297,362412,SID,3422,"275/80R22,5 PM DVUM3 B 234",Em Produção,14/04/2026,16/04/2026,
1629298,362412,SID,3822,"275/80R22,5 PM DVUM3 B 234",Em Produção,14/04/2026,16/04/2026,
1629299,362412,SID,2923,"275/80R22,5 PM DVUM3 B 234",Em Produção,14/04/2026,16/04/2026,
1629300,362412,SID,1423,"275/80R22,5 PM DVUM3 B 226",Em Produção,14/04/2026,16/04/2026,
1629301,362412,SID,2623,"275/80R22,5 PM DVUM3 B 234",Em Produção,14/04/2026,16/04/2026,
1629302,362412,SID,2823,"275/80R22,5 PM DVUM3 B 234",Em Produção,14/04/2026,16/04/2026,
1629303,362412,SID,1523,"275/80R22,5 PM DVUM3 B 226",Em Produção,14/04/2026,16/04/2026,
1629304,362412,SID,3422,"275/80R22,5 PM DVUM3 B 234",Em Produção,14/04/2026,16/04/2026,
1629305,362412,SID,4722,"275/80R22,5 PM DVUM3 B 226",Em Produção,14/04/2026,16/04/2026,
1629306,362412,SID,0923,"275/80R22,5 PM DVUM3 B 226",Em Produção,14/04/2026,16/04/2026,
1629307,362412,SID,4722,"275/80R22,5 PM DVUM3 B 226",Em Produção,14/04/2026,16/04/2026,
1629308,362412,SID,4923,"275/80R22,5 PM DVUM3 B 226",Em Produção,14/04/2026,16/04/2026,
1629276,362412,SID,1423,"275/80R22,5 PM DVUM3 B 226",Em Produção,14/04/2026,16/04/2026,
1629277,362412,SID,1423,"275/80R22,5 PM DVUM3 B 226",Em Produção,14/04/2026,16/04/2026,
1629278,362412,SID,1823,"275/80R22,5 PM DVUM3 B 226",Em Produção,14/04/2026,16/04/2026,
1629279,362412,SID,1523,"275/80R22,5 PM DVUM3 B 226",Em Produção,14/04/2026,16/04/2026,
1629280,362412,SID,4822,"275/80R22,5 PM DVUM3 B 226",Em Produção,14/04/2026,16/04/2026,
1629281,362412,SID,3322,"275/80R22,5 PM DVUM3 B 234",Em Produção,14/04/2026,16/04/2026,
1629282,362412,SID,3222,"275/80R22,5 PM DVUM3 B 242",Em Produção,14/04/2026,16/04/2026,
1629283,362412,SID,0422,"275/80R22,5 PM DVUM3 B 234",Em Produção,14/04/2026,16/04/2026,
1629284,362412,SID,3422,"275/80R22,5 PM DVUM3 B 242",Em Produção,14/04/2026,16/04/2026,
1629285,362412,SID,3822,"275/80R22,5 PM DVUM3 B 234",Em Produção,14/04/2026,16/04/2026,
1629286,362412,SID,3622,"275/80R22,5 PM DVUM3 B 234",Em Produção,14/04/2026,16/04/2026,
1629287,362412,SID,4222,"275/80R22,5 PM DVUM3 B 234",Em Produção,14/04/2026,16/04/2026,
1629579,362434,SUPERGASBRAS ENERGIA LTDA,1824,"275/80R22,5 PM VL110LA 226",Em Produção,14/04/2026,16/04/2026,
1629580,362434,SUPERGASBRAS ENERGIA LTDA,19059,"295/80R22,5 PM VL110LA 234",Em Produção,14/04/2026,16/04/2026,
1629581,362434,SUPERGASBRAS ENERGIA LTDA,19058,"295/80R22,5 PM VL110LA 226",Em Produção,14/04/2026,16/04/2026,
1629671,362437,CITY TRANSPORTES URBANO INTERMODAL LTDA,104005,"275/80R22,5 PM DVUM3 B 250",Em Produção,14/04/2026,16/04/2026,
1629672,362437,CITY TRANSPORTES URBANO INTERMODAL LTDA,104016,"275/80R22,5 PM DVUM3 B 250",Em Produção,14/04/2026,16/04/2026,
1629673,362437,CITY TRANSPORTES URBANO INTERMODAL LTDA,103987,"275/80R22,5 PM DVUM3 B 250",Em Produção,14/04/2026,16/04/2026,
1629674,362437,CITY TRANSPORTES URBANO INTERMODAL LTDA,103988,"275/80R22,5 PM DVUM3 B 250",Em Produção,14/04/2026,16/04/2026,
1629675,362437,CITY TRANSPORTES URBANO INTERMODAL LTDA,104087,"275/80R22,5 PM DVUM3 B 250",Em Produção,14/04/2026,16/04/2026,
1629676,362437,CITY TRANSPORTES URBANO INTERMODAL LTDA,104095,"275/80R22,5 PM DVUM3 B 250",Em Produção,14/04/2026,16/04/2026,
1633012,362446,VIAÇÃO METROPOLE PAULISTA S/A - IMPERADOR,538093,"295/80R22,5 PM DVUM3 B 250",Em Produção,22/04/2026,22/04/2026,
1633013,362446,VIAÇÃO METROPOLE PAULISTA S/A - IMPERADOR,540580,"295/80R22,5 PM DVUM3 B 250",Em Produção,22/04/2026,22/04/2026,
1633014,362446,VIAÇÃO METROPOLE PAULISTA S/A - IMPERADOR,541316,"295/80R22,5 PM DVUM3 B 250",Em Produção,22/04/2026,22/04/2026,
1633015,362446,VIAÇÃO METROPOLE PAULISTA S/A - IMPERADOR,541663,"295/80R22,5 PM DVUM3 B 250",Em Produção,22/04/2026,22/04/2026,
1633016,362446,VIAÇÃO METROPOLE PAULISTA S/A - IMPERADOR,88447,"295/80R22,5 PM DVUM3 B 250",Em Produção,22/04/2026,22/04/2026,
1633017,362446,VIAÇÃO METROPOLE PAULISTA S/A - IMPERADOR,539114,"295/80R22,5 PM DVUM3 B 250",Em Produção,22/04/2026,22/04/2026,
1633018,362446,VIAÇÃO METROPOLE PAULISTA S/A - IMPERADOR,302954,"295/80R22,5 PM DVUM3 B 250",Em Produção,22/04/2026,22/04/2026,
1633019,362446,VIAÇÃO METROPOLE PAULISTA S/A - IMPERADOR,540108,"295/80R22,5 PM DVUM3 B 250",Em Produção,22/04/2026,22/04/2026,
1644589,362447,ETC EMPREENDIMENTOS E TECN EM CONSTRUCOES LTDA,13230,"295/80R22,5 REPARO VULC",Em Produção,19/05/2026,17/04/2026,
1629791,362479,"ARMAC LOCACAO, LOGISTICA E SERVICOS S.A.",44719,"295/80R22,5 PM DV-MT 258",Em Produção,14/04/2026,17/04/2026,
1629966,362545,SID,0523,"275/80R22,5 PM VL110LA 218",Em Produção,15/04/2026,17/04/2026,
1632560,362680,ROBSON ARTOLLI DE OLIVEIRA,0823,"295/80R22,5 PM VL130 226",Em Produção,22/04/2026,17/04/2026,
1632561,362680,ROBSON ARTOLLI DE OLIVEIRA,2523,"295/80R22,5 PM VL130 226",Em Produção,22/04/2026,17/04/2026,
1632562,362681,FLORIDA TRANSPORTADORA TURISTICA LTDA,34256,"285/70R19,5 PM VL110LA 234",Em Produção,22/04/2026,22/04/2026,
1631070,362711,BIOMIX IND E COM DE INSUMOS ORGANICOS LTDA,4722,"17,5X25 RT RECAUCHUT SGG",Em Produção,16/04/2026,27/04/2026,
1631071,362711,BIOMIX IND E COM DE INSUMOS ORGANICOS LTDA,4722A,"17,5X25 RT RECAUCHUT SGG",Em Produção,16/04/2026,27/04/2026,
1630898,362740,SUPERGASBRAS ENERGIA LTDA,4623,"215/75R17,5 PM VM530L 190",Em Produção,16/04/2026,20/04/2026,
1630899,362740,SUPERGASBRAS ENERGIA LTDA,4923,"215/75R17,5 PM VM530L 190",Em Produção,16/04/2026,20/04/2026,
1630900,362740,SUPERGASBRAS ENERGIA LTDA,4923a,"215/75R17,5 PM VM530L 190",Em Produção,16/04/2026,20/04/2026,
1630901,362740,SUPERGASBRAS ENERGIA LTDA,4923b,"215/75R17,5 PM VM530L 190",Em Produção,16/04/2026,20/04/2026,
1630789,362752,SID,0524,"275/80R22,5 PM DVUM3 B 242",Em Produção,16/04/2026,20/04/2026,
1630790,362752,SID,2423,"275/80R22,5 PM DVUM3 B 226",Em Produção,16/04/2026,20/04/2026,
1630791,362752,SID,0823,"275/80R22,5 PM DVUM3 B 226",Em Produção,16/04/2026,20/04/2026,
1630792,362752,SID,2923,"275/80R22,5 PM DVUM3 B 242",Em Produção,16/04/2026,20/04/2026,
1630793,362752,SID,2823,"275/80R22,5 PM DVUM3 B 234",Em Produção,16/04/2026,20/04/2026,
1630794,362752,SID,0923,"275/80R22,5 PM DVUM3 B 226",Em Produção,16/04/2026,20/04/2026,
1630795,362752,SID,1223,"275/80R22,5 PM DVUM3 B 226",Em Produção,16/04/2026,20/04/2026,
1630796,362752,SID,2823,"275/80R22,5 PM DVUM3 B 234",Em Produção,16/04/2026,20/04/2026,
1630797,362752,SID,0923,"275/80R22,5 PM DVUM3 B 226",Em Produção,16/04/2026,20/04/2026,
1630798,362752,SID,1223,"275/80R22,5 PM DVUM3 B 226",Em Produção,16/04/2026,20/04/2026,
1630799,362752,SID,3222,"275/80R22,5 PM DVUM3 B 234",Em Produção,16/04/2026,20/04/2026,
1630800,362752,SID,1722,"275/80R22,5 PM DVUM3 B 242",Em Produção,16/04/2026,20/04/2026,
1630801,362752,SID,1024,"275/80R22,5 PM DVUM3 B 242",Em Produção,16/04/2026,20/04/2026,
1630802,362752,SID,3422,"275/80R22,5 PM DVUM3 B 234",Em Produção,16/04/2026,20/04/2026,
1630803,362752,SID,3422,"275/80R22,5 PM DVUM3 B 234",Em Produção,16/04/2026,20/04/2026,
1630804,362752,SID,1423,"275/80R22,5 PM DVUM3 B 242",Em Produção,16/04/2026,20/04/2026,
1630805,362752,SID,4322,"275/80R22,5 PM DVUM3 B 234",Em Produção,16/04/2026,20/04/2026,
1630806,362752,SID,2823,"275/80R22,5 PM DVUM3 B 234",Em Produção,16/04/2026,20/04/2026,
1630807,362752,SID,2923,"275/80R22,5 PM DVUM3 B 234",Em Produção,16/04/2026,20/04/2026,
1630808,362752,SID,2923,"275/80R22,5 PM DVUM3 B 234",Em Produção,16/04/2026,20/04/2026,
1630809,362752,SID,1523,"275/80R22,5 PM DVUM3 B 226",Em Produção,16/04/2026,20/04/2026,
1630810,362752,SID,0823,"275/80R22,5 PM DVUM3 B 226",Em Produção,16/04/2026,20/04/2026,
1630811,362752,SID,1523,"275/80R22,5 PM DVUM3 B 226",Em Produção,16/04/2026,20/04/2026,
1630812,362752,SID,2923,"275/80R22,5 PM DVUM3 B 234",Em Produção,16/04/2026,20/04/2026,
1630813,362752,SID,3222,"275/80R22,5 PM DVUM3 B 234",Em Produção,16/04/2026,20/04/2026,
1630814,362752,SID,3422,"275/80R22,5 PM DVUM3 B 234",Em Produção,16/04/2026,20/04/2026,
1630815,362752,SID,3422,"275/80R22,5 PM DVUM3 B 234",Em Produção,16/04/2026,20/04/2026,
1630816,362752,SID,3724,"275/80R22,5 PM DVUM3 B 234",Em Produção,16/04/2026,20/04/2026,
1630817,362752,SID,1223,"275/80R22,5 PM DVUM3 B 226",Em Produção,16/04/2026,20/04/2026,
1630818,362752,SID,0923,"275/80R22,5 PM DVUM3 B 226",Em Produção,16/04/2026,20/04/2026,
1630819,362752,SID,3222,"275/80R22,5 PM DVUM3 B 234",Em Produção,16/04/2026,20/04/2026,
1630820,362752,SID,3524,"275/80R22,5 PM DVUM3 B 234",Em Produção,16/04/2026,20/04/2026,
1631404,362774,ALTO TIETE TRANSPORTES LTDA,072,"275/80R22,5 PM VM530L 210",Em Produção,17/04/2026,23/04/2026,
1631985,362818,ANTONIO MARINACCI JUNIOR PNEUS LTDA,APARAS,"10X16,5 PM VRT1 205",Em Produção,20/04/2026,24/04/2026,
1631572,362826,VALEBETON CONCRETO EIREILI EPP,4917,"17,5X25 RT RECAUCHUT SGG",Em Produção,17/04/2026,27/04/2026,
1631986,362863,ANTONIO MARINACCI JUNIOR PNEUS LTDA,APARAS,"10X16,5 PM VRT1 205",Em Produção,20/04/2026,24/04/2026,
1631594,362876,SID,3422,"275/80R22,5 PM DVUM3 B 234",Em Produção,17/04/2026,22/04/2026,
1631595,362876,SID,4322,"275/80R22,5 PM DVUM3 B 234",Em Produção,17/04/2026,22/04/2026,
1631596,362876,SID,0523,"275/80R22,5 PM DVUM3 B 234",Em Produção,17/04/2026,22/04/2026,
1631597,362876,SID,1723,"275/80R22,5 PM DVUM3 B 226",Em Produção,17/04/2026,22/04/2026,
1631598,362876,SID,3722,"275/80R22,5 PM DVUM3 B 226",Em Produção,17/04/2026,22/04/2026,
1631599,362876,SID,1423,"275/80R22,5 PM DVUM3 B 234",Em Produção,17/04/2026,22/04/2026,
1631600,362876,SID,1423,"275/80R22,5 PM DVUM3 B 226",Em Produção,17/04/2026,22/04/2026,
1631601,362876,SID,3322,"275/80R22,5 PM DVUM3 B 234",Em Produção,17/04/2026,22/04/2026,
1631602,362876,SID,0224,"275/80R22,5 PM DVUM3 B 242",Em Produção,17/04/2026,22/04/2026,
1631603,362876,SID,3422,"275/80R22,5 PM DVUM3 B 242",Em Produção,17/04/2026,22/04/2026,
1631604,362876,SID,4622,"275/80R22,5 PM DVUM3 B 242",Em Produção,17/04/2026,22/04/2026,
1631605,362876,SID,4322,"275/80R22,5 PM DVUM3 B 258",Em Produção,17/04/2026,22/04/2026,
1631606,362876,SID,1623,"275/80R22,5 PM DVUM3 B 226",Em Produção,17/04/2026,22/04/2026,
1631607,362876,SID,1523,"275/80R22,5 PM DVUM3 B 226",Em Produção,17/04/2026,22/04/2026,
1631608,362876,SID,1822,"275/80R22,5 PM DVUM3 B 242",Em Produção,17/04/2026,22/04/2026,
1631609,362876,SID,5123,"275/80R22,5 PM DVUM3 B 226",Em Produção,17/04/2026,22/04/2026,
1631610,362876,SID,0524,"275/80R22,5 PM DVUM3 B 242",Em Produção,17/04/2026,22/04/2026,
1631611,362876,SID,0323,"275/80R22,5 PM DVUM3 B 226",Em Produção,17/04/2026,22/04/2026,
1631846,362891,SID,1223,"275/80R22,5 PM VL110LA 218",Em Produção,17/04/2026,,
1631847,362891,SID,1423,"275/80R22,5 PM VL110LA 226",Em Produção,17/04/2026,,
1631848,362891,SID,2223,"275/80R22,5 PM VL110LA 218",Em Produção,17/04/2026,,
1631849,362891,SID,0323,"275/80R22,5 PM VL110LA 218",Em Produção,17/04/2026,,
1631850,362891,SID,2823,"275/80R22,5 PM VL110LA 226",Em Produção,17/04/2026,,
1631851,362891,SID,0524,"275/80R22,5 PM VL110LA 226",Em Produção,17/04/2026,,
1631852,362891,SID,0523,"275/80R22,5 PM VL110LA 218",Em Produção,17/04/2026,,
1631853,362891,SID,0523,"275/80R22,5 PM VL110LA 226 *5G*",Em Produção,17/04/2026,,
1631854,362891,SID,1024,"275/80R22,5 PM VL110LA 226",Em Produção,17/04/2026,,
1631855,362891,SID,1223,"275/80R22,5 PM VL110LA 218",Em Produção,17/04/2026,,
1631856,362891,SID,0423,"275/80R22,5 PM VL110LA 218",Em Produção,17/04/2026,,
1631857,362891,SID,1623,"275/80R22,5 PM VL110LA 218",Em Produção,17/04/2026,,
1632299,362893,SID,4422,"275/80R22,5 PM VT120L 242",Em Produção,20/04/2026,,
1632300,362893,SID,4422,"275/80R22,5 PM VT120L 242",Em Produção,20/04/2026,,
1632565,362903,FERMIX IND E COM LTDA,11023,8.25X15 PM VI600 154,Em Produção,22/04/2026,24/04/2026,
1632637,362940,LAURIMAR TRANSPORTES GERAIS LTDA,0717,1000X20 RT RECAUCHUT. G8 LISO,Em Produção,22/04/2026,24/04/2026,
1632638,362940,LAURIMAR TRANSPORTES GERAIS LTDA,5011,1000X20 RT RECAUCHUT. G8 LISO,Em Produção,22/04/2026,24/04/2026,
1632639,362940,LAURIMAR TRANSPORTES GERAIS LTDA,4711,1000X20 RT RECAUCHUT. G8 LISO,Em Produção,22/04/2026,24/04/2026,
1632640,362940,LAURIMAR TRANSPORTES GERAIS LTDA,5211,1000X20 RT RECAUCHUT. G8 LISO,Em Produção,22/04/2026,24/04/2026,
1632662,362949,TWINGLASS VIDROS LTDA,26477,700X12 RT RECAUCHUT. VI600,Em Produção,22/04/2026,27/04/2026,
1632663,362949,TWINGLASS VIDROS LTDA,14726,600X09 RT RECAUCHUTADO VI600,Em Produção,22/04/2026,27/04/2026,
1632664,362949,TWINGLASS VIDROS LTDA,22665,600X09 RT RECAUCHUTADO VI600,Em Produção,22/04/2026,27/04/2026,
1632365,362973,DNP TERRAPLENAGEM E PAVIMENTADORA FLORESTO LTDA,12466,1300X24 RT RECAUCHUT. SGG,Em Produção,20/04/2026,30/04/2026,
1632293,362987,SUPERGASBRAS ENERGIA LTDA,15169,"275/80R22,5 PM VL110LA 226",Em Produção,20/04/2026,23/04/2026,
1632294,362987,SUPERGASBRAS ENERGIA LTDA,4324,"275/80R22,5 PM VL110LA 218",Em Produção,20/04/2026,23/04/2026,
1633084,363072,VIAÇÃO METROPOLE PAULISTA S/A - IMPERADOR,541286,"295/80R22,5 PM DVUM3 B 250",Em Produção,22/04/2026,29/04/2026,
1633080,363072,VIAÇÃO METROPOLE PAULISTA S/A - IMPERADOR,539644,"295/80R22,5 PM DVUM3 B 250",Em Produção,22/04/2026,29/04/2026,
1633081,363072,VIAÇÃO METROPOLE PAULISTA S/A - IMPERADOR,541864,"295/80R22,5 PM DVUM3 B 250",Em Produção,22/04/2026,29/04/2026,
1633082,363072,VIAÇÃO METROPOLE PAULISTA S/A - IMPERADOR,542014,"295/80R22,5 PM DVUM3 B 250",Em Produção,22/04/2026,29/04/2026,
1633083,363072,VIAÇÃO METROPOLE PAULISTA S/A - IMPERADOR,540989,"295/80R22,5 PM DVUM3 B 250",Em Produção,22/04/2026,29/04/2026,
1633123,363116,DNP TERRAPLENAGEM E PAVIMENTADORA FLORESTO LTDA,11521,"12X16,5 PM DV-MTB 250",Em Produção,22/04/2026,01/05/2026,
1633133,363117,DNP TERRAPLENAGEM E PAVIMENTADORA FLORESTO LTDA,1077,"10X16,5 PM DV-MTB 250",Em Produção,22/04/2026,30/04/2026,
1633134,363117,DNP TERRAPLENAGEM E PAVIMENTADORA FLORESTO LTDA,13158,"10X16,5 PM DV-MTB 250",Em Produção,22/04/2026,30/04/2026,
1633136,363118,DNP TERRAPLENAGEM E PAVIMENTADORA FLORESTO LTDA,0000,600X09 PM VI600 194,Em Produção,22/04/2026,30/04/2026,
1633137,363118,DNP TERRAPLENAGEM E PAVIMENTADORA FLORESTO LTDA,0000A,600X09 PM VI600 194,Em Produção,22/04/2026,30/04/2026,
1633138,363119,DNP TERRAPLENAGEM E PAVIMENTADORA FLORESTO LTDA,10,650X10 PM VI600 186,Em Produção,22/04/2026,30/04/2026,
1633142,363120,DNP TERRAPLENAGEM E PAVIMENTADORA FLORESTO LTDA,1264,28.9X15 PM VI600 186,Recusado no Exame Inicial,22/04/2026,30/04/2026,
1633139,363120,DNP TERRAPLENAGEM E PAVIMENTADORA FLORESTO LTDA,9844,28.9X15 PM VI600 186,Em Produção,22/04/2026,30/04/2026,
1633140,363120,DNP TERRAPLENAGEM E PAVIMENTADORA FLORESTO LTDA,11625,28.9X15 PM VI600 186,Em Produção,22/04/2026,30/04/2026,
1633141,363120,DNP TERRAPLENAGEM E PAVIMENTADORA FLORESTO LTDA,1146,28.9X15 PM VI600 186,Em Produção,22/04/2026,30/04/2026,
1633150,363123,DNP TERRAPLENAGEM E PAVIMENTADORA FLORESTO LTDA,13109,1300X24 RT RECAUCHUT.,Em Produção,22/04/2026,30/04/2026,
1633738,363163,CORPUS SANEAMENTO E OBRAS LTDA,21030,"275/80R22,5 PM PBA64-S 245",Em Produção,23/04/2026,28/04/2026,
1636499,363164,CORPUS SANEAMENTO E OBRAS LTDA,25511,"275/80R22,5 PM PBA64-S 245",Em Produção,30/04/2026,28/04/2026,
1633661,363169,CITY TRANSPORTES URBANO INTERMODAL LTDA,9212,"275/80R22,5 PM DVUM3 B 234",Em Produção,23/04/2026,28/04/2026,
1633662,363169,CITY TRANSPORTES URBANO INTERMODAL LTDA,102626,"275/80R22,5 PM DVUM3 B 250",Recusado no Exame Inicial,23/04/2026,28/04/2026,
1633663,363169,CITY TRANSPORTES URBANO INTERMODAL LTDA,101254,"275/80R22,5 PM DVUM3 B 250",Em Produção,23/04/2026,28/04/2026,
1633664,363169,CITY TRANSPORTES URBANO INTERMODAL LTDA,103952,"275/80R22,5 PM DVUM3 B 250",Em Produção,23/04/2026,28/04/2026,
1633665,363169,CITY TRANSPORTES URBANO INTERMODAL LTDA,102697,"275/80R22,5 PM DVUM3 B 250",Em Produção,23/04/2026,28/04/2026,
1633667,363169,CITY TRANSPORTES URBANO INTERMODAL LTDA,103076,"275/80R22,5 PM DVUM3 B 250",Em Produção,23/04/2026,28/04/2026,
1633666,363169,CITY TRANSPORTES URBANO INTERMODAL LTDA,103058,"275/80R22,5 PM DVUM3 B 250",Em Produção,23/04/2026,28/04/2026,
1633515,363194,SUPERGASBRAS ENERGIA LTDA,467,"295/80R22,5 PM VL110LA 234",Em Produção,23/04/2026,27/04/2026,
1633516,363194,SUPERGASBRAS ENERGIA LTDA,3424,"275/80R22,5 PM VL110LA 218",Em Produção,23/04/2026,27/04/2026,
1634755,363207,JOSE PEREIRA ROSA,2317,1000X20 RT RECAUCHUT. 315 TRAÇÃO,Em Produção,27/04/2026,30/04/2026,
1633820,363254,"ARMAC LOCACAO, LOGISTICA E SERVICOS S.A.",35002,"10X16,5 RT RECAUCHUT SGG",Em Produção,23/04/2026,04/05/2026,
1633822,363254,"ARMAC LOCACAO, LOGISTICA E SERVICOS S.A.",7969,"10X16,5 RT RECAUCHUT SGG",Em Produção,23/04/2026,04/05/2026,
1633821,363254,"ARMAC LOCACAO, LOGISTICA E SERVICOS S.A.",5223,"10X16,5 RT RECAUCHUT SGG",Em Produção,23/04/2026,04/05/2026,
1634727,363271,FBF CONSTRUCOES E SERVICOS LTDA,354,"12X16,5 PM DV-MTB 258",Em Produção,27/04/2026,30/04/2026,
1634728,363271,FBF CONSTRUCOES E SERVICOS LTDA,1521,"12X16,5 PM DV-MTB 258",Em Produção,27/04/2026,30/04/2026,
1634729,363271,FBF CONSTRUCOES E SERVICOS LTDA,221204,"12X16,5 PM DV-MTB 258",Em Produção,27/04/2026,30/04/2026,
1634730,363272,FBF CONSTRUCOES E SERVICOS LTDA,062639,"19,5X24 RT RECAUCHUT SGG",Em Produção,27/04/2026,30/04/2026,
1634731,363272,FBF CONSTRUCOES E SERVICOS LTDA,062640,"19,5X24 RT RECAUCHUT SGG",Em Produção,27/04/2026,30/04/2026,
1634299,363297,MARAJA TRANSP. E LOGISTICA LTDA,200702,600X09 PM VI600 154,Em Produção,24/04/2026,27/04/2026,
1634300,363297,MARAJA TRANSP. E LOGISTICA LTDA,200702a,600X09 PM VI600 154,Em Produção,24/04/2026,27/04/2026,
1634266,363343,CORPUS SANEAMENTO E OBRAS LTDA,24268,"275/80R22,5 RT RECAUCHUT VSELB",Em Produção,24/04/2026,28/04/2026,
1634267,363343,CORPUS SANEAMENTO E OBRAS LTDA,21458,"275/80R22,5 RT RECAUCHUT VSELB",Em Produção,24/04/2026,28/04/2026,
1634268,363343,CORPUS SANEAMENTO E OBRAS LTDA,23358,"275/80R22,5 RT RECAUCHUT VSELB",Em Produção,24/04/2026,28/04/2026,
1634270,363343,CORPUS SANEAMENTO E OBRAS LTDA,23685,"275/80R22,5 RT RECAUCHUT VSELB",Em Produção,24/04/2026,28/04/2026,
1634198,363369,SID,1523,"275/80R22,5 PM VRT1 220",Em Produção,24/04/2026,27/04/2026,
1634199,363369,SID,1024,"275/80R22,5 PM VRT1 220",Em Produção,24/04/2026,27/04/2026,
1634200,363369,SID,1723,"275/80R22,5 PM VRT1 230",Em Produção,24/04/2026,27/04/2026,
1634201,363369,SID,4722,"275/80R22,5 PM VRT1 220",Em Produção,24/04/2026,27/04/2026,
1634746,363387,CONSORCIO ESTUDA PARNAIBA,4623,"215/75R17,5 PM VZE-1 180",Em Produção,27/04/2026,,
1634747,363387,CONSORCIO ESTUDA PARNAIBA,5023,"215/75R17,5 PM VZE-1 180",Em Produção,27/04/2026,,
1634748,363426,CERSAN LAMINADOS PLASTICOS LTDA,30233538,700X12 PM VI600 138,Em Produção,27/04/2026,01/05/2026,
1634749,363426,CERSAN LAMINADOS PLASTICOS LTDA,1212y,600X09 PM VI600 138,Em Produção,27/04/2026,01/05/2026,
1634750,363426,CERSAN LAMINADOS PLASTICOS LTDA,3812,600X09 PM VI600 138,Em Produção,27/04/2026,01/05/2026,
1634556,363427,SID,0421,"215/75R17,5 PM VZE-1 190",Em Produção,27/04/2026,30/04/2026,
1634557,363427,SID,3321,"215/75R17,5 PM VZE-1 190",Em Produção,27/04/2026,30/04/2026,
1634558,363427,SID,4920,"215/75R17,5 PM VZE-1 180",Em Produção,27/04/2026,30/04/2026,
1634559,363427,SID,0221,"215/75R17,5 PM VZE-1 160 *5G*",Em Produção,27/04/2026,30/04/2026,
1635242,363526,ALTO TIETE TRANSPORTES LTDA,177,"275/80R22,5 PM DVUM3 B 242",Em Produção,28/04/2026,29/04/2026,
1635243,363526,ALTO TIETE TRANSPORTES LTDA,735,"275/80R22,5 PM DVUM3 B 242",Em Produção,28/04/2026,29/04/2026,
1635244,363526,ALTO TIETE TRANSPORTES LTDA,803,"275/80R22,5 PM DVUM3 B 242",Em Produção,28/04/2026,29/04/2026,
1635245,363526,ALTO TIETE TRANSPORTES LTDA,736,"275/80R22,5 PM DVUM3 B 242",Em Produção,28/04/2026,29/04/2026,
1635246,363526,ALTO TIETE TRANSPORTES LTDA,180,"275/80R22,5 PM DVUM3 B 242",Em Produção,28/04/2026,29/04/2026,
1638627,363570,GLASSER PISOS E PRE-MOLDADOS LTDA.,3524,8.25X15 PM VI600 154,Recusado no Exame Inicial,06/05/2026,30/04/2026,
1638624,363570,GLASSER PISOS E PRE-MOLDADOS LTDA.,2425,8.25X15 PM VI600 154,Em Produção,06/05/2026,30/04/2026,
1638625,363570,GLASSER PISOS E PRE-MOLDADOS LTDA.,618,8.25X15 PM VI600 154,Em Produção,06/05/2026,30/04/2026,
1638626,363570,GLASSER PISOS E PRE-MOLDADOS LTDA.,3425,8.25X15 PM VI600 154,Em Produção,06/05/2026,30/04/2026,
1638628,363570,GLASSER PISOS E PRE-MOLDADOS LTDA.,4525,700X12 PM VI600 154,Em Produção,06/05/2026,30/04/2026,
1635163,363575,PROAIR SERV AUX DE TRANSP AEREO LTDA,2824,650X16 PM VHW 138,Em Produção,27/04/2026,30/04/2026,
1635162,363575,PROAIR SERV AUX DE TRANSP AEREO LTDA,0029,650X16 PM VHW 148,Em Produção,27/04/2026,30/04/2026,
1635167,363575,PROAIR SERV AUX DE TRANSP AEREO LTDA,0425,650X16 PM VHW 148,Em Produção,27/04/2026,30/04/2026,
1635184,363579,PROAIR SERV AUX DE TRANSP AEREO LTDA,0069,650X10 PM VI600 162,Em Produção,27/04/2026,02/05/2026,
1635185,363579,PROAIR SERV AUX DE TRANSP AEREO LTDA,0000,600X09 PM VI600 194,Em Produção,27/04/2026,02/05/2026,
1635534,363649,CITY TRANSPORTES URBANO INTERMODAL LTDA,103291,"275/80R22,5 PM DVUM3 B 250",Em Produção,28/04/2026,30/04/2026,
1635535,363649,CITY TRANSPORTES URBANO INTERMODAL LTDA,102890,"275/80R22,5 PM DVUM3 B 250",Em Produção,28/04/2026,30/04/2026,
1635536,363649,CITY TRANSPORTES URBANO INTERMODAL LTDA,103772,"275/80R22,5 PM DVUM3 B 250",Em Produção,28/04/2026,30/04/2026,
1635537,363649,CITY TRANSPORTES URBANO INTERMODAL LTDA,103048,"275/80R22,5 PM DVUM3 B 250",Em Produção,28/04/2026,30/04/2026,
1635538,363649,CITY TRANSPORTES URBANO INTERMODAL LTDA,103296,"275/80R22,5 PM DVUM3 B 250",Em Produção,28/04/2026,30/04/2026,
1635539,363649,CITY TRANSPORTES URBANO INTERMODAL LTDA,102582,"275/80R22,5 PM DVUM3 B 250",Em Produção,28/04/2026,30/04/2026,
1635921,363650,ETC EMPREENDIMENTOS E TECN EM CONSTRUCOES LTDA,10847,"295/80R22,5 REPARO VULC",Em Produção,29/04/2026,04/05/2026,
1635922,363650,ETC EMPREENDIMENTOS E TECN EM CONSTRUCOES LTDA,10569,"295/80R22,5 REPARO VULC",Em Produção,29/04/2026,04/05/2026,
1635928,363650,ETC EMPREENDIMENTOS E TECN EM CONSTRUCOES LTDA,13053,"295/80R22,5 REPARO VULC",Em Produção,29/04/2026,04/05/2026,
1635929,363650,ETC EMPREENDIMENTOS E TECN EM CONSTRUCOES LTDA,13831,"275/80R22,5 REPARO VULC",Em Produção,29/04/2026,04/05/2026,
1637186,363695,DNP TERRAPLENAGEM E PAVIMENTADORA FLORESTO LTDA,13757,"17,5X25 REPARO VULC",Em Produção,04/05/2026,09/05/2026,
1635669,363696,DNP TERRAPLENAGEM E PAVIMENTADORA FLORESTO LTDA,10486,1300X24 RT RECAUCHUT.,Em Produção,28/04/2026,09/05/2026,
1639248,363705,VIAÇÃO METROPOLE PAULISTA S/A - PINEDO,10500,"295/80R22,5 REPARO VULC",Em Produção,07/05/2026,30/04/2026,
1635948,363725,"QUIMICA ARAGUAYA INDUSTRIA, COMERCIO, IMPORTACAO E EXPORTACA",1314,"235/75R17,5 PM VL110L 200",Em Produção,29/04/2026,30/04/2026,
1635947,363725,"QUIMICA ARAGUAYA INDUSTRIA, COMERCIO, IMPORTACAO E EXPORTACA",1424,"235/75R17,5 PM VL110L 200",Em Produção,29/04/2026,30/04/2026,
1636012,363739,CORPUS SANEAMENTO E OBRAS LTDA,27514,"275/80R22,5 REPARO VULC",Em Produção,29/04/2026,05/05/2026,
1636652,363803,ALTO TIETE TRANSPORTES LTDA,820,"275/80R22,5 PM DVUM3 B 242",Em Produção,30/04/2026,06/05/2026,
1636653,363803,ALTO TIETE TRANSPORTES LTDA,819,"275/80R22,5 PM DVUM3 B 242",Em Produção,30/04/2026,06/05/2026,
1636654,363804,ALTO TIETE TRANSPORTES LTDA,193,"275/80R22,5 REPARO VULC",Em Produção,30/04/2026,05/05/2026,
1636377,363842,RG LOG LOGISTICA E TRANSPORTES LTDA,0000,1800X25 RT RECAUCHUT LISO 55,Em Produção,29/04/2026,09/05/2026,
1636378,363842,RG LOG LOGISTICA E TRANSPORTES LTDA,0000A,1800X25 RT RECAUCHUT LISO 55,Em Produção,29/04/2026,09/05/2026,
1636379,363842,RG LOG LOGISTICA E TRANSPORTES LTDA,0000B,1800X25 RT RECAUCHUT LISO 55,Em Produção,29/04/2026,09/05/2026,
1644638,363857,MULTILIXO REMOCOES DE LIXO S/S LTDA,18801,"275/80R22,5 REPARO VULC",Em Produção,19/05/2026,07/05/2026,
1636993,363891,BRASPRESS TRANSPORTES URGENTES LTDA,049963,"215/75R17,5 PM VZE-1 190",Em Produção,30/04/2026,04/05/2026,
1636857,363931,CORPUS SANEAMENTO E OBRAS LTDA,83669,"17,5X25 RT RECAUCHUT SGG",Em Produção,30/04/2026,10/05/2026,
1636858,363931,CORPUS SANEAMENTO E OBRAS LTDA,83670,"17,5X25 RT RECAUCHUT SGG",Em Produção,30/04/2026,10/05/2026,
1636900,363950,TRACADO CONSTRUCOES E SERVICOS LTDA,2625,"12X16,5 RT RECAUCHUT SGG",Em Produção,30/04/2026,05/05/2026,
1636901,363950,TRACADO CONSTRUCOES E SERVICOS LTDA,2625a,"12X16,5 RT RECAUCHUT SGG",Em Produção,30/04/2026,05/05/2026,
1636902,363950,TRACADO CONSTRUCOES E SERVICOS LTDA,2625b,"12X16,5 RT RECAUCHUT SGG",Em Produção,30/04/2026,05/05/2026,
1636903,363950,TRACADO CONSTRUCOES E SERVICOS LTDA,2625c,"12X16,5 RT RECAUCHUT SGG",Em Produção,30/04/2026,05/05/2026,
1644545,363968,LEMAR LOGISTICA E TRANSPORTES LTDA,13206,"295/80R22,5 REPARO VULC",Em Produção,19/05/2026,07/05/2026,
1642956,363978,FBF CONSTRUCOES E SERVICOS LTDA,2023,"12X16,5 PM DV-MTB 258",Em Produção,15/05/2026,08/05/2026,
1642958,363978,FBF CONSTRUCOES E SERVICOS LTDA,379,"12X16,5 PM DV-MTB 258",Em Produção,15/05/2026,08/05/2026,
1642955,363978,FBF CONSTRUCOES E SERVICOS LTDA,220403,"12X16,5 PM DV-MTB 234",Em Produção,15/05/2026,08/05/2026,
1642959,363978,FBF CONSTRUCOES E SERVICOS LTDA,662,"12X16,5 REPARO VULC",Em Produção,15/05/2026,08/05/2026,
1642957,363978,FBF CONSTRUCOES E SERVICOS LTDA,1118,"12X16,5 PM DV-MTB 234",Em Produção,15/05/2026,08/05/2026,
1637859,364029,CORPOTEC CONSTRUTORA E EMPREENDIMENTOS IMOBILIARIOS LTDA,3424,"275/80R22,5 PM VM530L 234",Em Produção,05/05/2026,06/05/2026,
1637866,364030,CORPOTEC CONSTRUTORA E EMPREENDIMENTOS IMOBILIARIOS LTDA,20582,"10,5/80X18 RT RECAUCHUT SGG",Em Produção,05/05/2026,08/05/2026,
1637867,364030,CORPOTEC CONSTRUTORA E EMPREENDIMENTOS IMOBILIARIOS LTDA,3323,"10,5/80X18 RT RECAUCHUT SGG",Em Produção,05/05/2026,08/05/2026,
1637868,364031,CORPOTEC CONSTRUTORA E EMPREENDIMENTOS IMOBILIARIOS LTDA,2522,"12R16,5  PM DV-MTB 234",Em Produção,05/05/2026,08/05/2026,
1637869,364031,CORPOTEC CONSTRUTORA E EMPREENDIMENTOS IMOBILIARIOS LTDA,2022,"12X16,5 PM DV-MTB 242",Em Produção,05/05/2026,08/05/2026,
1637870,364031,CORPOTEC CONSTRUTORA E EMPREENDIMENTOS IMOBILIARIOS LTDA,3924,"12X16,5 PM DV-MTB 242",Em Produção,05/05/2026,08/05/2026,
1637423,364089,METROFILE BRASIL GESTAO DA INFORMACAO LTDA,1825,1000X20 PM VCT65 200,Em Produção,04/05/2026,07/05/2026,
1637424,364089,METROFILE BRASIL GESTAO DA INFORMACAO LTDA,1123,1000X20 PM VCT65 200,Em Produção,04/05/2026,07/05/2026,
1638470,364106,ALTO TIETE TRANSPORTES LTDA,825,"275/80R22,5 PM DVUM3 B 242",Em Produção,05/05/2026,06/05/2026,
1638471,364106,ALTO TIETE TRANSPORTES LTDA,369,"275/80R22,5 PM DVUM3 B 242",Em Produção,05/05/2026,06/05/2026,
1638472,364106,ALTO TIETE TRANSPORTES LTDA,470,"275/80R22,5 PM DVUM3 B 242",Em Produção,05/05/2026,06/05/2026,
1637459,364129,WIDEBLOC INDUSTRIA DE BLOCOS E PRE MOLDADOS LTDA,sn,"17,5X25 RT RECAUCHUT SGG",Em Produção,04/05/2026,10/05/2026,
1637588,364144,DNP TERRAPLENAGEM E PAVIMENTADORA FLORESTO LTDA,3223A,"17,5X25 RT RECAUCHUT SGG",Em Produção,04/05/2026,13/05/2026,
1637589,364144,DNP TERRAPLENAGEM E PAVIMENTADORA FLORESTO LTDA,3023,"17,5X25 RT RECAUCHUT SGG",Em Produção,04/05/2026,13/05/2026,
1637590,364144,DNP TERRAPLENAGEM E PAVIMENTADORA FLORESTO LTDA,3123,"17,5X25 RT RECAUCHUT SGG",Em Produção,04/05/2026,13/05/2026,
1638084,364181,SCHUNCK TERRAPLENAGEM E TRANSPORTES - EIRELI,16233,"295/80R22,5 PM DV-MTB 250",Em Produção,05/05/2026,07/05/2026,
1638085,364181,SCHUNCK TERRAPLENAGEM E TRANSPORTES - EIRELI,15971,"295/80R22,5 PM DV-MTB 234",Em Produção,05/05/2026,07/05/2026,
1638086,364181,SCHUNCK TERRAPLENAGEM E TRANSPORTES - EIRELI,15717,"295/80R22,5 PM DV-MTB 250",Em Produção,05/05/2026,07/05/2026,
1638087,364181,SCHUNCK TERRAPLENAGEM E TRANSPORTES - EIRELI,16425,"295/80R22,5 PM DV-MTB 218",Em Produção,05/05/2026,07/05/2026,
1638088,364181,SCHUNCK TERRAPLENAGEM E TRANSPORTES - EIRELI,15291,"295/80R22,5 PM DV-MTB 242",Em Produção,05/05/2026,07/05/2026,
1638089,364181,SCHUNCK TERRAPLENAGEM E TRANSPORTES - EIRELI,16234,"295/80R22,5 PM DV-MTB 250",Em Produção,05/05/2026,07/05/2026,
1638090,364181,SCHUNCK TERRAPLENAGEM E TRANSPORTES - EIRELI,15357,"295/80R22,5 PM VL110LA 234",Em Produção,05/05/2026,07/05/2026,
1638091,364181,SCHUNCK TERRAPLENAGEM E TRANSPORTES - EIRELI,15358,"295/80R22,5 PM VL110LA 234",Em Produção,05/05/2026,07/05/2026,
1638092,364181,SCHUNCK TERRAPLENAGEM E TRANSPORTES - EIRELI,15004,"295/80R22,5 PM VL110LA 234",Em Produção,05/05/2026,07/05/2026,
1638093,364181,SCHUNCK TERRAPLENAGEM E TRANSPORTES - EIRELI,14810,"295/80R22,5 PM VL110LA 234",Em Produção,05/05/2026,07/05/2026,
1638094,364181,SCHUNCK TERRAPLENAGEM E TRANSPORTES - EIRELI,16085,"295/80R22,5 PM VL110LA 234",Em Produção,05/05/2026,07/05/2026,
1638097,364181,SCHUNCK TERRAPLENAGEM E TRANSPORTES - EIRELI,13197,"275/80R22,5 PM DV-MTB 226",Em Produção,05/05/2026,07/05/2026,
1638095,364181,SCHUNCK TERRAPLENAGEM E TRANSPORTES - EIRELI,16307,"275/80R22,5 PM DV-MTB 226",Em Produção,05/05/2026,07/05/2026,
1638096,364181,SCHUNCK TERRAPLENAGEM E TRANSPORTES - EIRELI,14544,"275/80R22,5 PM DV-MTB 226",Em Produção,05/05/2026,07/05/2026,
1638275,364182,PAULINO DE OLIVEIRA NASCIMENTO FILHO LTDA,4723,"295/80R22,5 PM VT120L 250",Em Produção,05/05/2026,08/05/2026,
1638131,364189,CITY TRANSPORTES URBANO INTERMODAL LTDA,103202,"275/80R22,5 PM DVUM3 B 250",Em Produção,05/05/2026,07/05/2026,
1638132,364189,CITY TRANSPORTES URBANO INTERMODAL LTDA,103379,"275/80R22,5 PM DVUM3 B 250",Em Produção,05/05/2026,07/05/2026,
1638133,364189,CITY TRANSPORTES URBANO INTERMODAL LTDA,103448,"275/80R22,5 PM DVUM3 B 250",Em Produção,05/05/2026,07/05/2026,
1638134,364189,CITY TRANSPORTES URBANO INTERMODAL LTDA,103302,"275/80R22,5 PM DVUM3 B 250",Em Produção,05/05/2026,07/05/2026,
1638135,364189,CITY TRANSPORTES URBANO INTERMODAL LTDA,200381,"275/80R22,5 PM DVUM3 B 250",Em Produção,05/05/2026,07/05/2026,
1638136,364189,CITY TRANSPORTES URBANO INTERMODAL LTDA,301177,"275/80R22,5 PM DVUM3 B 250",Em Produção,05/05/2026,07/05/2026,
1638137,364189,CITY TRANSPORTES URBANO INTERMODAL LTDA,133197,"275/80R22,5 PM DVUM3 B 250",Em Produção,05/05/2026,07/05/2026,
1638548,364199,VIAÇÃO METROPOLE PAULISTA S/A - IMPERADOR,541966,"295/80R22,5 PM DVUM3 B 250",Em Produção,06/05/2026,12/05/2026,
1638549,364199,VIAÇÃO METROPOLE PAULISTA S/A - IMPERADOR,541026,"295/80R22,5 PM DVUM3 B 250",Em Produção,06/05/2026,12/05/2026,
1638550,364199,VIAÇÃO METROPOLE PAULISTA S/A - IMPERADOR,540945,"295/80R22,5 PM DVUM3 B 250",Em Produção,06/05/2026,12/05/2026,
1638551,364199,VIAÇÃO METROPOLE PAULISTA S/A - IMPERADOR,53444,"295/80R22,5 PM DVUM3 B 250",Em Produção,06/05/2026,12/05/2026,
1638552,364199,VIAÇÃO METROPOLE PAULISTA S/A - IMPERADOR,538835,"295/80R22,5 PM DVUM3 B 250",Em Produção,06/05/2026,12/05/2026,
1638553,364199,VIAÇÃO METROPOLE PAULISTA S/A - IMPERADOR,540928,"295/80R22,5 PM DVUM3 B 250",Em Produção,06/05/2026,12/05/2026,
1638554,364199,VIAÇÃO METROPOLE PAULISTA S/A - IMPERADOR,539237,"295/80R22,5 PM DVUM3 B 250",Em Produção,06/05/2026,12/05/2026,
1638555,364199,VIAÇÃO METROPOLE PAULISTA S/A - IMPERADOR,538264,"295/80R22,5 PM DVUM3 B 250",Em Produção,06/05/2026,12/05/2026,
1638556,364199,VIAÇÃO METROPOLE PAULISTA S/A - IMPERADOR,537129,"295/80R22,5 PM DVUM3 B 250",Em Produção,06/05/2026,12/05/2026,
1638557,364199,VIAÇÃO METROPOLE PAULISTA S/A - IMPERADOR,53160,"295/80R22,5 PM DVUM3 B 250",Em Produção,06/05/2026,12/05/2026,
1638558,364199,VIAÇÃO METROPOLE PAULISTA S/A - IMPERADOR,541851,"295/80R22,5 PM DVUM3 B 250",Em Produção,06/05/2026,12/05/2026,
1638559,364199,VIAÇÃO METROPOLE PAULISTA S/A - IMPERADOR,541046,"295/80R22,5 PM DVUM3 B 250",Em Produção,06/05/2026,12/05/2026,
1638173,364222,CORPUS SANEAMENTO E OBRAS LTDA,27453,"275/80R22,5 RT RECAUCHUT VSELB",Em Produção,05/05/2026,07/05/2026,
1638174,364222,CORPUS SANEAMENTO E OBRAS LTDA,27454,"275/80R22,5 RT RECAUCHUT VSELB",Em Produção,05/05/2026,07/05/2026,
1638175,364222,CORPUS SANEAMENTO E OBRAS LTDA,27382,"275/80R22,5 RT RECAUCHUT VSELB",Em Produção,05/05/2026,07/05/2026,
1638176,364222,CORPUS SANEAMENTO E OBRAS LTDA,25019,"275/80R22,5 RT RECAUCHUT VSELB",Em Produção,05/05/2026,07/05/2026,
1638177,364222,CORPUS SANEAMENTO E OBRAS LTDA,23308,"275/80R22,5 RT RECAUCHUT VSELB",Em Produção,05/05/2026,07/05/2026,
1638178,364222,CORPUS SANEAMENTO E OBRAS LTDA,1025,"275/80R22,5 RT RECAUCHUT VSELB",Em Produção,05/05/2026,07/05/2026,
1638056,364230,TRANSPORTADORA VERBA LTDA,6090,"295/80R22,5 PM VL110LA 226",Em Produção,05/05/2026,07/05/2026,
1642587,364256,VALEBETON CONCRETO EIRELI,0423,"17,5X25 RT RECAUCHUT SGG",Em Produção,14/05/2026,14/05/2026,
1638198,364267,DIFALUX TRANSPORTES LTDA,3923,"295/80R22,5 PM VM530L 242",Em Produção,05/05/2026,07/05/2026,
1638199,364267,DIFALUX TRANSPORTES LTDA,3123,"295/80R22,5 PM VM530L 242",Em Produção,05/05/2026,07/05/2026,
1638202,364267,DIFALUX TRANSPORTES LTDA,2522,"275/80R22,5 PM VL110L 210",Em Produção,05/05/2026,07/05/2026,
1638203,364267,DIFALUX TRANSPORTES LTDA,0223,"275/80R22,5 PM VL110L 218",Em Produção,05/05/2026,07/05/2026,
1638204,364267,DIFALUX TRANSPORTES LTDA,2922,"275/80R22,5 PM VL110L 218",Em Produção,05/05/2026,07/05/2026,
1638205,364267,DIFALUX TRANSPORTES LTDA,2922,"275/80R22,5 PM VL110L 218",Em Produção,05/05/2026,07/05/2026,
1638201,364267,DIFALUX TRANSPORTES LTDA,3222,"295/80R22,5 PM VL110LA 218",Em Produção,05/05/2026,07/05/2026,
1638040,364278,POLIMIX CONCRETO LTDA,13092820203,"17,5X25 RT RECAUCHUT SGG",Em Produção,05/05/2026,15/05/2026,
1638041,364278,POLIMIX CONCRETO LTDA,13092610104,"17,5X25 RT RECAUCHUT SGG",Em Produção,05/05/2026,15/05/2026,
1638042,364278,POLIMIX CONCRETO LTDA,13092610102,"17,5X25 RT RECAUCHUT SGG",Em Produção,05/05/2026,15/05/2026,
1638043,364278,POLIMIX CONCRETO LTDA,12102230108,"17,5X25 RT RECAUCHUT SGG",Em Produção,05/05/2026,15/05/2026,
1638044,364278,POLIMIX CONCRETO LTDA,12102620104,"17,5X25 RT RECAUCHUT SGG",Em Produção,05/05/2026,15/05/2026,
1638395,364284,PROTEGE S/A PROTEÇÃO E TRANSPORTE DE VALORES,0825,"235/75R17,5 PM DVRM 198",Em Produção,05/05/2026,07/05/2026,
1638396,364284,PROTEGE S/A PROTEÇÃO E TRANSPORTE DE VALORES,2924,"235/75R17,5 PM DVRM 234",Recusado no Exame Inicial,05/05/2026,07/05/2026,
1641426,364291,ALTO TIETE TRANSPORTES LTDA,1110,"275/80R22,5 PM DVUM3 B 242",Em Produção,12/05/2026,07/05/2026,
1641427,364291,ALTO TIETE TRANSPORTES LTDA,770,"275/80R22,5 PM DVUM3 B 242",Em Produção,12/05/2026,07/05/2026,
1641428,364291,ALTO TIETE TRANSPORTES LTDA,610,"275/80R22,5 PM DVUM3 B 242",Em Produção,12/05/2026,07/05/2026,
1638213,364294,DIFALUX TRANSPORTES LTDA,3922,"275/80R22,5 PM VL110L 210",Em Produção,05/05/2026,07/05/2026,
1640930,364311,RADIAL TRANSPORTE COLETIVO LTDA,5228,"275/80R22,5 PM DVUM3 B 242",Em Produção,12/05/2026,07/05/2026,
1640931,364311,RADIAL TRANSPORTE COLETIVO LTDA,5888,"275/80R22,5 PM DVUM3 B 234",Em Produção,12/05/2026,07/05/2026,
1640932,364311,RADIAL TRANSPORTE COLETIVO LTDA,5907,"275/80R22,5 PM DVUM3 B 234",Em Produção,12/05/2026,07/05/2026,
1640933,364311,RADIAL TRANSPORTE COLETIVO LTDA,5937,"275/80R22,5 PM DVUM3 B 242",Em Produção,12/05/2026,07/05/2026,
1640934,364311,RADIAL TRANSPORTE COLETIVO LTDA,5906,"275/80R22,5 PM DVUM3 B 242",Em Produção,12/05/2026,07/05/2026,
1638630,364340,VIGENT CONSTRUCOES LTDA,0622,12.5/80X18 RECAUCHUT SGG,Em Produção,06/05/2026,13/05/2026,
1638629,364340,VIGENT CONSTRUCOES LTDA,0622,12.5/80X18 RECAUCHUT SGG,Em Produção,06/05/2026,13/05/2026,
1638631,364341,VIGENT CONSTRUCOES LTDA,3724,"295/80R22,5 REPARO VULC",Em Produção,06/05/2026,11/05/2026,
1638633,364342,VIGENT CONSTRUCOES LTDA,4922,"17,5X25 REPARO VULC",Recusado no Exame Final,06/05/2026,13/05/2026,
1638632,364342,VIGENT CONSTRUCOES LTDA,26,"17,5X25 REPARO VULC",Em Produção,06/05/2026,13/05/2026,
1638634,364343,VIGENT CONSTRUCOES LTDA,1122,"275/80R22,5 PM DV-MTB 226",Em Produção,06/05/2026,11/05/2026,
1638635,364343,VIGENT CONSTRUCOES LTDA,1022,"275/80R22,5 PM DV-MTB 226",Em Produção,06/05/2026,11/05/2026,
1638636,364343,VIGENT CONSTRUCOES LTDA,1122,"275/80R22,5 PM DV-MTB 226",Em Produção,06/05/2026,11/05/2026,
1638637,364343,VIGENT CONSTRUCOES LTDA,1122,"275/80R22,5 PM DV-MTB 226",Em Produção,06/05/2026,11/05/2026,
1638845,364345,CINTIA MARIA MATIVI BORRACHARIA  ME,4120,1000X20 PM VCT65 190,Em Produção,06/05/2026,08/05/2026,
1646264,364363,BB TRANSPORTE E TURISMO LTDA,53299CC,"275/80R22,5 PM DVUM3 B 242",Em Produção,22/05/2026,13/05/2026,
1640481,364397,MULTILIXO REMOCOES DE LIXO S/S LTDA,B1817,"275/80R22,5 PM VM530L 242 *5G*",Em Produção,11/05/2026,11/05/2026,
1641423,364397,MULTILIXO REMOCOES DE LIXO S/S LTDA,A9184,"275/80R22,5 PM VM530L 242 *5G*",Em Produção,12/05/2026,11/05/2026,
1638877,364399,TAM LINHAS AEREAS S/A CONGONHAS,0425,650X16 PM VHW 138,Em Produção,06/05/2026,08/05/2026,
1638878,364399,TAM LINHAS AEREAS S/A CONGONHAS,3824,650X16 PM VHW 138,Em Produção,06/05/2026,08/05/2026,
1638879,364399,TAM LINHAS AEREAS S/A CONGONHAS,0425,650X16 PM VHW 138,Em Produção,06/05/2026,08/05/2026,
1638880,364399,TAM LINHAS AEREAS S/A CONGONHAS,0325,650X16 PM VHW 138,Em Produção,06/05/2026,08/05/2026,
1638881,364399,TAM LINHAS AEREAS S/A CONGONHAS,3324,650X16 PM VHW 138,Em Produção,06/05/2026,08/05/2026,
1638882,364399,TAM LINHAS AEREAS S/A CONGONHAS,11023,8.25X15 PM VI600 194,Em Produção,06/05/2026,08/05/2026,
1638883,364399,TAM LINHAS AEREAS S/A CONGONHAS,SN039130624,8.25X15 PM VI600 194,Em Produção,06/05/2026,08/05/2026,
1638884,364399,TAM LINHAS AEREAS S/A CONGONHAS,SN045670924,8.25X15 PM VI600 194,Em Produção,06/05/2026,08/05/2026,
1638885,364399,TAM LINHAS AEREAS S/A CONGONHAS,2924,185R14 PM VP430L 165,Em Produção,06/05/2026,08/05/2026,
1638869,364399,TAM LINHAS AEREAS S/A CONGONHAS,3724,900X20 PM VCT65 190,Em Produção,06/05/2026,08/05/2026,
1638870,364399,TAM LINHAS AEREAS S/A CONGONHAS,4717,900X20 PM VCT65 190,Em Produção,06/05/2026,08/05/2026,
1638871,364399,TAM LINHAS AEREAS S/A CONGONHAS,3924,900X20 PM VCT65 190,Em Produção,06/05/2026,08/05/2026,
1638872,364399,TAM LINHAS AEREAS S/A CONGONHAS,3816,900X20 PM VCT65 190,Em Produção,06/05/2026,08/05/2026,
1638873,364399,TAM LINHAS AEREAS S/A CONGONHAS,2225,900X20 PM VCT65 190,Em Produção,06/05/2026,08/05/2026,
1638874,364399,TAM LINHAS AEREAS S/A CONGONHAS,1116,900X20 PM VCT65 190,Em Produção,06/05/2026,08/05/2026,
1638875,364399,TAM LINHAS AEREAS S/A CONGONHAS,4917,900X20 PM VCT65 190,Em Produção,06/05/2026,08/05/2026,
1638876,364399,TAM LINHAS AEREAS S/A CONGONHAS,2823,900R20 PM VCT65 200,Em Produção,06/05/2026,08/05/2026,
1638886,364399,TAM LINHAS AEREAS S/A CONGONHAS,04201986,600X09 PM VI600 122,Em Produção,06/05/2026,08/05/2026,
1641429,364430,ALTO TIETE TRANSPORTES LTDA,2184,"275/80R22,5 PM DVUM3 B 234",Em Produção,12/05/2026,08/05/2026,
1641430,364430,ALTO TIETE TRANSPORTES LTDA,2261,"275/80R22,5 PM DVUM3 B 234",Em Produção,12/05/2026,08/05/2026,
1641431,364430,ALTO TIETE TRANSPORTES LTDA,2260,"275/80R22,5 PM DVUM3 B 234",Em Produção,12/05/2026,08/05/2026,
1641432,364430,ALTO TIETE TRANSPORTES LTDA,2203,"275/80R22,5 PM DVUM3 B 242",Em Produção,12/05/2026,08/05/2026,
1641433,364430,ALTO TIETE TRANSPORTES LTDA,2223,"275/80R22,5 PM DVUM3 B 242",Em Produção,12/05/2026,08/05/2026,
1641434,364430,ALTO TIETE TRANSPORTES LTDA,2142,"275/80R22,5 PM DVUM3 B 242",Em Produção,12/05/2026,08/05/2026,
1641435,364430,ALTO TIETE TRANSPORTES LTDA,2264,"275/80R22,5 PM DVUM3 B 242",Em Produção,12/05/2026,08/05/2026,
1641436,364430,ALTO TIETE TRANSPORTES LTDA,2227,"275/80R22,5 PM DVUM3 B 242",Em Produção,12/05/2026,08/05/2026,
1641437,364430,ALTO TIETE TRANSPORTES LTDA,2226,"275/80R22,5 PM DVUM3 B 242",Em Produção,12/05/2026,08/05/2026,
1641438,364430,ALTO TIETE TRANSPORTES LTDA,2218,"275/80R22,5 PM DVUM3 B 242",Em Produção,12/05/2026,08/05/2026,
1641439,364430,ALTO TIETE TRANSPORTES LTDA,2165,"275/80R22,5 PM DVUM3 B 242",Em Produção,12/05/2026,08/05/2026,
1641440,364430,ALTO TIETE TRANSPORTES LTDA,234,"275/80R22,5 PM DVUM3 B 242",Em Produção,12/05/2026,08/05/2026,
1641441,364430,ALTO TIETE TRANSPORTES LTDA,2066,"275/80R22,5 PM DVUM3 B 242",Em Produção,12/05/2026,08/05/2026,
1641442,364430,ALTO TIETE TRANSPORTES LTDA,251,"275/80R22,5 PM DVUM3 B 242",Em Produção,12/05/2026,08/05/2026,
1641443,364430,ALTO TIETE TRANSPORTES LTDA,281,"275/80R22,5 PM DVUM3 B 242",Em Produção,12/05/2026,08/05/2026,
1641444,364430,ALTO TIETE TRANSPORTES LTDA,301,"275/80R22,5 PM DVUM3 B 242",Em Produção,12/05/2026,08/05/2026,
1641445,364430,ALTO TIETE TRANSPORTES LTDA,10113,"275/80R22,5 PM DVUM3 B 242",Em Produção,12/05/2026,08/05/2026,
1641446,364430,ALTO TIETE TRANSPORTES LTDA,2205,"275/80R22,5 PM DVUM3 B 242",Em Produção,12/05/2026,08/05/2026,
1641447,364430,ALTO TIETE TRANSPORTES LTDA,2278,"275/80R22,5 PM DVUM3 B 242",Em Produção,12/05/2026,08/05/2026,
1641448,364430,ALTO TIETE TRANSPORTES LTDA,1909,"275/80R22,5 PM DVUM3 B 242",Em Produção,12/05/2026,08/05/2026,
1641452,364431,ALTO TIETE TRANSPORTES LTDA,069,"275/80R22,5 PM VM530L 200",Em Produção,12/05/2026,08/05/2026,
1641453,364431,ALTO TIETE TRANSPORTES LTDA,117,"275/80R22,5 PM VM530L 200",Em Produção,12/05/2026,08/05/2026,
1641454,364431,ALTO TIETE TRANSPORTES LTDA,1786,"275/80R22,5 PM VM530L 242",Em Produção,12/05/2026,08/05/2026,
1641455,364431,ALTO TIETE TRANSPORTES LTDA,1713,"275/80R22,5 PM VM530L 242",Em Produção,12/05/2026,08/05/2026,
1641456,364431,ALTO TIETE TRANSPORTES LTDA,1899,"275/80R22,5 PM VM530L 242",Em Produção,12/05/2026,08/05/2026,
1641457,364431,ALTO TIETE TRANSPORTES LTDA,1884,"275/80R22,5 PM VM530L 242",Em Produção,12/05/2026,08/05/2026,
1641458,364431,ALTO TIETE TRANSPORTES LTDA,011,"275/80R22,5 PM VM530L 234",Em Produção,12/05/2026,08/05/2026,
1641459,364431,ALTO TIETE TRANSPORTES LTDA,033,"275/80R22,5 PM VM530L 234",Em Produção,12/05/2026,08/05/2026,
1641460,364431,ALTO TIETE TRANSPORTES LTDA,009,"275/80R22,5 PM VM530L 234",Em Produção,12/05/2026,08/05/2026,
1641461,364431,ALTO TIETE TRANSPORTES LTDA,1617,"275/80R22,5 PM VM530L 242",Recusado no Exame Inicial,12/05/2026,08/05/2026,
1641462,364431,ALTO TIETE TRANSPORTES LTDA,1807,"275/80R22,5 PM VM530L 242",Em Produção,12/05/2026,08/05/2026,
1641449,364431,ALTO TIETE TRANSPORTES LTDA,2006,"275/80R22,5 PM VM530L 234",Em Produção,12/05/2026,08/05/2026,
1641450,364431,ALTO TIETE TRANSPORTES LTDA,060,"275/80R22,5 PM VM530L 200",Em Produção,12/05/2026,08/05/2026,
1641451,364431,ALTO TIETE TRANSPORTES LTDA,063,"275/80R22,5 PM VM530L 200",Em Produção,12/05/2026,08/05/2026,
1639429,364500,CITY TRANSPORTES URBANO INTERMODAL LTDA,103251,"275/80R22,5 PM DVUM3 B 250",Em Produção,07/05/2026,12/05/2026,
1639430,364500,CITY TRANSPORTES URBANO INTERMODAL LTDA,102867,"275/80R22,5 PM DVUM3 B 250",Em Produção,07/05/2026,12/05/2026,
1639431,364500,CITY TRANSPORTES URBANO INTERMODAL LTDA,101844,"275/80R22,5 PM DVUM3 B 250",Em Produção,07/05/2026,12/05/2026,
1639432,364500,CITY TRANSPORTES URBANO INTERMODAL LTDA,103463,"275/80R22,5 PM DVUM3 B 250",Em Produção,07/05/2026,12/05/2026,
1639433,364500,CITY TRANSPORTES URBANO INTERMODAL LTDA,103298,"275/80R22,5 PM DVUM3 B 250",Em Produção,07/05/2026,12/05/2026,
1639434,364500,CITY TRANSPORTES URBANO INTERMODAL LTDA,104104,"275/80R22,5 PM DVUM3 B 250",Em Produção,07/05/2026,12/05/2026,
1639435,364500,CITY TRANSPORTES URBANO INTERMODAL LTDA,103897,"275/80R22,5 PM DVUM3 B 250",Em Produção,07/05/2026,12/05/2026,
1639370,364519,VIAÇÃO METROPOLE PAULISTA S/A - PINEDO,11327,"295/80R22,5 PM DVUM3 B 250",Em Produção,07/05/2026,12/05/2026,
1639375,364519,VIAÇÃO METROPOLE PAULISTA S/A - PINEDO,10923,"295/80R22,5 PM DVUM3 B 250",Em Produção,07/05/2026,12/05/2026,
1639403,364523,TRANSPORTADORA VERBA LTDA,4930,"295/80R22,5 PM VL110LA 250",Em Produção,07/05/2026,11/05/2026,
1639404,364523,TRANSPORTADORA VERBA LTDA,5748,"295/80R22,5 PM VL110LA 250",Em Produção,07/05/2026,11/05/2026,
1639405,364523,TRANSPORTADORA VERBA LTDA,5751,"295/80R22,5 PM VL110LA 250",Em Produção,07/05/2026,11/05/2026,
1639406,364523,TRANSPORTADORA VERBA LTDA,5749,"295/80R22,5 PM VL110LA 250",Em Produção,07/05/2026,11/05/2026,
1639407,364523,TRANSPORTADORA VERBA LTDA,5753,"295/80R22,5 PM VL110LA 250",Em Produção,07/05/2026,11/05/2026,
1639408,364524,SUPERGASBRAS ENERGIA LTDA,2924,"295/80R22,5 PM VL110LA 234",Em Produção,07/05/2026,11/05/2026,
1639409,364524,SUPERGASBRAS ENERGIA LTDA,0525,"275/80R22,5 PM VL110LA 218",Em Produção,07/05/2026,11/05/2026,
1639410,364524,SUPERGASBRAS ENERGIA LTDA,2125,"275/80R22,5 PM VM530L 226",Em Produção,07/05/2026,11/05/2026,
1639411,364525,TRANSPORTADORA VERBA LTDA,11294,"295/80R22,5 REPARO VULC",Em Produção,07/05/2026,11/05/2026,
1639471,364527,CONSORCIO REGIONAL PARA SOLUÇÕES AMBIENTAIS CORSAM,24431,"275/80R22,5 PM PBA64-S 235",Em Produção,07/05/2026,12/05/2026,
1639472,364527,CONSORCIO REGIONAL PARA SOLUÇÕES AMBIENTAIS CORSAM,26828,"275/80R22,5 PM VM530L 242",Em Produção,07/05/2026,12/05/2026,
1639473,364527,CONSORCIO REGIONAL PARA SOLUÇÕES AMBIENTAIS CORSAM,24798,"275/80R22,5 PM PBA64-S 235",Em Produção,07/05/2026,12/05/2026,
1639474,364527,CONSORCIO REGIONAL PARA SOLUÇÕES AMBIENTAIS CORSAM,25432,"275/80R22,5 PM PBA64-S 225",Em Produção,07/05/2026,12/05/2026,
1639475,364527,CONSORCIO REGIONAL PARA SOLUÇÕES AMBIENTAIS CORSAM,26201,"275/80R22,5 PM VM530L 242",Recusado no Exame Inicial,07/05/2026,12/05/2026,
1639476,364527,CONSORCIO REGIONAL PARA SOLUÇÕES AMBIENTAIS CORSAM,21808,"295/80R22,5 PM VM530L 250",Recusado no Exame Final,07/05/2026,12/05/2026,
1639477,364527,CONSORCIO REGIONAL PARA SOLUÇÕES AMBIENTAIS CORSAM,23444,"275/80R22,5 PM PBA64-S 245",Em Produção,07/05/2026,12/05/2026,
1639249,364536,SID,3822,"275/80R22,5 PM DVUM3 B 242",Em Produção,07/05/2026,11/05/2026,
1639250,364536,SID,3322,"275/80R22,5 PM DVUM3 B 234",Em Produção,07/05/2026,11/05/2026,
1639251,364536,SID,3322,"275/80R22,5 PM DVUM3 B 234",Em Produção,07/05/2026,11/05/2026,
1639252,364536,SID,0523,"275/80R22,5 PM DVUM3 B 234",Em Produção,07/05/2026,11/05/2026,
1639253,364536,SID,3722,"275/80R22,5 PM DVUM3 B 234",Em Produção,07/05/2026,11/05/2026,
1639254,364536,SID,0523,"275/80R22,5 PM DVUM3 B 234",Em Produção,07/05/2026,11/05/2026,
1639255,364536,SID,3622,"275/80R22,5 PM DVUM3 B 234",Em Produção,07/05/2026,11/05/2026,
1639256,364536,SID,4423,"275/80R22,5 PM DVUM3 B 234",Em Produção,07/05/2026,11/05/2026,
1639257,364536,SID,3622,"275/80R22,5 PM DVUM3 B 234",Em Produção,07/05/2026,11/05/2026,
1639258,364536,SID,2821,"275/80R22,5 PM DVUM3 B 234",Em Produção,07/05/2026,11/05/2026,
1639259,364536,SID,2120,"275/80R22,5 PM DVUM3 B 226",Em Produção,07/05/2026,11/05/2026,
1639260,364536,SID,2520,"275/80R22,5 PM DVUM3 B 226",Em Produção,07/05/2026,11/05/2026,
1639261,364536,SID,2921,"275/80R22,5 PM DVUM3 B 226",Em Produção,07/05/2026,11/05/2026,
1639262,364536,SID,0624,"275/80R22,5 PM DVUM3 B 242",Em Produção,07/05/2026,11/05/2026,
1639263,364536,SID,2823,"275/80R22,5 PM DVUM3 B 234",Em Produção,07/05/2026,11/05/2026,
1639264,364536,SID,0823,"275/80R22,5 PM DVUM3 B 226",Em Produção,07/05/2026,11/05/2026,
1639265,364536,SID,4822,"275/80R22,5 PM DVUM3 B 226",Em Produção,07/05/2026,11/05/2026,
1639266,364536,SID,1321,"275/80R22,5 PM DVUM3 B 226",Em Produção,07/05/2026,11/05/2026,
1639267,364536,SID,4722,"275/80R22,5 PM DVUM3 B 234",Em Produção,07/05/2026,11/05/2026,
1639268,364536,SID,0224,"275/80R22,5 PM DVUM3 B 234",Em Produção,07/05/2026,11/05/2026,
1639269,364536,SID,4122,"275/80R22,5 PM DVUM3 B 242",Em Produção,07/05/2026,11/05/2026,
1639270,364536,SID,4822,"275/80R22,5 PM DVUM3 B 226",Em Produção,07/05/2026,11/05/2026,
1639271,364536,SID,4822,"275/80R22,5 PM DVUM3 B 234",Em Produção,07/05/2026,11/05/2026,
1639272,364536,SID,1822,"275/80R22,5 PM DVUM3 B 242",Em Produção,07/05/2026,11/05/2026,
1639273,364536,SID,3322,"275/80R22,5 PM DVUM3 B 234",Em Produção,07/05/2026,11/05/2026,
1639274,364536,SID,4822,"275/80R22,5 PM DVUM3 B 226",Em Produção,07/05/2026,11/05/2026,
1639275,364536,SID,5022,"275/80R22,5 PM DVUM3 B 226",Em Produção,07/05/2026,11/05/2026,
1639276,364536,SID,5222,"275/80R22,5 PM DVUM3 B 226",Em Produção,07/05/2026,11/05/2026,
1639277,364536,SID,4320,"275/80R22,5 PM DVUM3 B 226",Em Produção,07/05/2026,11/05/2026,
1639278,364536,SID,3322,"275/80R22,5 PM DVUM3 B 234",Em Produção,07/05/2026,11/05/2026,
1639618,364574,TIPBUS TRANSPORTES INTERMUNICIPAL EIRELI,6809,"275/80R22,5 RT RECAUCHUTADO DVUM2",Em Produção,07/05/2026,12/05/2026,
1639619,364574,TIPBUS TRANSPORTES INTERMUNICIPAL EIRELI,6929,"275/80R22,5 RT RECAUCHUTADO DVUM2",Em Produção,07/05/2026,12/05/2026,
1645662,364576,TECMAR TRANSPORTES LTDA.,3522,"295/80R22,5 PM VL110LA 250",Em Produção,21/05/2026,12/05/2026,
1645663,364576,TECMAR TRANSPORTES LTDA.,4920,"275/80R22,5 PM VT120L 250",Em Produção,21/05/2026,12/05/2026,
1645664,364576,TECMAR TRANSPORTES LTDA.,9721,"275/80R22,5 PM VL110LA 250",Em Produção,21/05/2026,12/05/2026,
1645665,364576,TECMAR TRANSPORTES LTDA.,4323,"275/80R22,5 PM VL110LA 250",Em Produção,21/05/2026,12/05/2026,
1645666,364576,TECMAR TRANSPORTES LTDA.,9491,"275/80R22,5 PM VL110LA 250",Em Produção,21/05/2026,12/05/2026,
1645667,364576,TECMAR TRANSPORTES LTDA.,7011,"275/80R22,5 PM VL110LA 250",Em Produção,21/05/2026,12/05/2026,
1645668,364576,TECMAR TRANSPORTES LTDA.,3520,"275/80R22,5 PM VL110LA 250",Em Produção,21/05/2026,12/05/2026,
1645669,364576,TECMAR TRANSPORTES LTDA.,7014,"275/80R22,5 PM VL110LA 250",Em Produção,21/05/2026,12/05/2026,
1645670,364593,TECMAR TRANSPORTES LTDA.,6248,"295/80R22,5 PM VL110LA 250",Em Produção,21/05/2026,12/05/2026,
1645671,364593,TECMAR TRANSPORTES LTDA.,8914,"295/80R22,5 PM VL110LA 250",Em Produção,21/05/2026,12/05/2026,
1645672,364593,TECMAR TRANSPORTES LTDA.,3522,"275/80R22,5 PM VL110LA 250",Em Produção,21/05/2026,12/05/2026,
1645673,364593,TECMAR TRANSPORTES LTDA.,4919,"275/80R22,5 PM VL110LA 250",Em Produção,21/05/2026,12/05/2026,
1645674,364593,TECMAR TRANSPORTES LTDA.,1262,"275/80R22,5 PM VT120L 242",Em Produção,21/05/2026,12/05/2026,
1645675,364593,TECMAR TRANSPORTES LTDA.,1257,"275/80R22,5 PM VT120L 242",Em Produção,21/05/2026,12/05/2026,
1645676,364593,TECMAR TRANSPORTES LTDA.,4922,"275/80R22,5 PM VT120L 242",Em Produção,21/05/2026,12/05/2026,
1645677,364593,TECMAR TRANSPORTES LTDA.,7288,"275/80R22,5 PM VL110LA 250",Em Produção,21/05/2026,12/05/2026,
1640195,364661,"FL BRASIL HOLDING, LOGISTICA E TRANSPORTE LTDA.",110288,"295/80R22,5 PM VLW 238",Em Produção,08/05/2026,12/05/2026,
1640196,364661,"FL BRASIL HOLDING, LOGISTICA E TRANSPORTE LTDA.",120872,"295/80R22,5 PM VLW 238",Em Produção,08/05/2026,12/05/2026,
1640197,364661,"FL BRASIL HOLDING, LOGISTICA E TRANSPORTE LTDA.",117695,"295/80R22,5 PM VLW 238",Em Produção,08/05/2026,12/05/2026,
1640198,364661,"FL BRASIL HOLDING, LOGISTICA E TRANSPORTE LTDA.",110621,"295/80R22,5 PM VLW 238",Em Produção,08/05/2026,12/05/2026,
1640199,364661,"FL BRASIL HOLDING, LOGISTICA E TRANSPORTE LTDA.",108193,"295/80R22,5 PM VL110LA 218",Em Produção,08/05/2026,12/05/2026,
1640200,364661,"FL BRASIL HOLDING, LOGISTICA E TRANSPORTE LTDA.",108203,"295/80R22,5 PM VL110L 218",Em Produção,08/05/2026,12/05/2026,
1640201,364661,"FL BRASIL HOLDING, LOGISTICA E TRANSPORTE LTDA.",113422,"295/80R22,5 PM VLW 238",Em Produção,08/05/2026,12/05/2026,
1640202,364661,"FL BRASIL HOLDING, LOGISTICA E TRANSPORTE LTDA.",100486,"295/80R22,5 PM VL110LA 234",Em Produção,08/05/2026,12/05/2026,
1640203,364661,"FL BRASIL HOLDING, LOGISTICA E TRANSPORTE LTDA.",104244,"295/80R22,5 PM VL110LA 234",Em Produção,08/05/2026,12/05/2026,
1640204,364661,"FL BRASIL HOLDING, LOGISTICA E TRANSPORTE LTDA.",102194,"295/80R22,5 PM VL110LA 234",Em Produção,08/05/2026,12/05/2026,
1640205,364661,"FL BRASIL HOLDING, LOGISTICA E TRANSPORTE LTDA.",34836,"295/80R22,5 PM VL110LA 234",Em Produção,08/05/2026,12/05/2026,
1640206,364661,"FL BRASIL HOLDING, LOGISTICA E TRANSPORTE LTDA.",17929,"295/80R22,5 PM VL110LA 234",Em Produção,08/05/2026,12/05/2026,
1640207,364661,"FL BRASIL HOLDING, LOGISTICA E TRANSPORTE LTDA.",17530,"295/80R22,5 PM VL110LA 234",Em Produção,08/05/2026,12/05/2026,
1640209,364661,"FL BRASIL HOLDING, LOGISTICA E TRANSPORTE LTDA.",16613,"295/80R22,5 PM VL110LA 234",Recusado no Exame Final,08/05/2026,12/05/2026,
1640210,364661,"FL BRASIL HOLDING, LOGISTICA E TRANSPORTE LTDA.",33699,"295/80R22,5 PM VL110LA 242",Recusado no Exame Final,08/05/2026,12/05/2026,
1640211,364661,"FL BRASIL HOLDING, LOGISTICA E TRANSPORTE LTDA.",16607,"295/80R22,5 PM VL110LA 234",Em Produção,08/05/2026,12/05/2026,
1640212,364661,"FL BRASIL HOLDING, LOGISTICA E TRANSPORTE LTDA.",17066,"295/80R22,5 PM VL110LA 234",Em Produção,08/05/2026,12/05/2026,
1640208,364661,"FL BRASIL HOLDING, LOGISTICA E TRANSPORTE LTDA.",111640,"295/80R22,5 PM VL110LA 234",Em Produção,08/05/2026,12/05/2026,
1640020,364708,NENA LOCAÇÃO E TRANSPORTES LTDA,3852,1400X24 RT RECAUCHUT.,Em Produção,08/05/2026,15/05/2026,
1640021,364708,NENA LOCAÇÃO E TRANSPORTES LTDA,11222,1400X24 RT RECAUCHUT.,Em Produção,08/05/2026,15/05/2026,
1640022,364708,NENA LOCAÇÃO E TRANSPORTES LTDA,07922,1400X24 RT RECAUCHUT.,Em Produção,08/05/2026,15/05/2026,
1642588,364717,TRANSVIAS CONSTRUÇÕES E TERRAPL LTDA,0725,12.5/80X18 RECAUCHUT SGG,Em Produção,14/05/2026,20/05/2026,
1642589,364717,TRANSVIAS CONSTRUÇÕES E TERRAPL LTDA,2524,12.5/80X18 RECAUCHUT SGG,Em Produção,14/05/2026,20/05/2026,
1642590,364717,TRANSVIAS CONSTRUÇÕES E TERRAPL LTDA,1624,12.5/80X18 RECAUCHUT SGG,Em Produção,14/05/2026,20/05/2026,
1642591,364717,TRANSVIAS CONSTRUÇÕES E TERRAPL LTDA,1724,12.5/80X18 RECAUCHUT SGG,Em Produção,14/05/2026,20/05/2026,
1642592,364717,TRANSVIAS CONSTRUÇÕES E TERRAPL LTDA,0825,12.5/80X18 RECAUCHUT SGG,Em Produção,14/05/2026,20/05/2026,
1642593,364717,TRANSVIAS CONSTRUÇÕES E TERRAPL LTDA,154923,"12X16,5 RT RECAUCHUT SGG",Em Produção,14/05/2026,20/05/2026,
1642594,364717,TRANSVIAS CONSTRUÇÕES E TERRAPL LTDA,12916,"12X16,5 RT RECAUCHUT SGG",Em Produção,14/05/2026,20/05/2026,
1642595,364717,TRANSVIAS CONSTRUÇÕES E TERRAPL LTDA,0925,"10X16,5 RT RECAUCHUT SGG",Em Produção,14/05/2026,20/05/2026,
1642596,364717,TRANSVIAS CONSTRUÇÕES E TERRAPL LTDA,2618,"10X16,5 RT RECAUCHUT SGG",Em Produção,14/05/2026,20/05/2026,
1642597,364717,TRANSVIAS CONSTRUÇÕES E TERRAPL LTDA,2025,"10X16,5 RT RECAUCHUT SGG",Em Produção,14/05/2026,20/05/2026,
1642598,364717,TRANSVIAS CONSTRUÇÕES E TERRAPL LTDA,1825,"10X16,5 RT RECAUCHUT SGG",Em Produção,14/05/2026,20/05/2026,
1640070,364719,TRANSVIAS CONSTRUÇÕES E TERRAPL LTDA,0324,"19,5X24 RT RECAUCHUT SGG",Em Produção,08/05/2026,22/05/2026,
1640071,364719,TRANSVIAS CONSTRUÇÕES E TERRAPL LTDA,1124,"19,5X24 RT RECAUCHUT SGG",Em Produção,08/05/2026,22/05/2026,
1640072,364719,TRANSVIAS CONSTRUÇÕES E TERRAPL LTDA,0824,"19,5X24 RT RECAUCHUT SGG",Em Produção,08/05/2026,22/05/2026,
1640935,364730,RADIAL TRANSPORTE COLETIVO LTDA,5871,"275/80R22,5 PM DVUM3 B 242",Em Produção,12/05/2026,12/05/2026,
1640936,364730,RADIAL TRANSPORTE COLETIVO LTDA,5748,"275/80R22,5 PM DVUM3 B 242",Em Produção,12/05/2026,12/05/2026,
1640937,364730,RADIAL TRANSPORTE COLETIVO LTDA,5572,"275/80R22,5 PM DVUM3 B 242",Em Produção,12/05/2026,12/05/2026,
1640938,364730,RADIAL TRANSPORTE COLETIVO LTDA,5964,"275/80R22,5 PM DVUM3 B 242",Em Produção,12/05/2026,12/05/2026,
1640939,364730,RADIAL TRANSPORTE COLETIVO LTDA,5823,"275/80R22,5 PM DVUM3 B 242",Em Produção,12/05/2026,12/05/2026,
1640940,364730,RADIAL TRANSPORTE COLETIVO LTDA,5858,"275/80R22,5 PM DVUM3 B 242",Em Produção,12/05/2026,12/05/2026,
1640941,364730,RADIAL TRANSPORTE COLETIVO LTDA,5860,"275/80R22,5 PM DVUM3 B 242",Em Produção,12/05/2026,12/05/2026,
1640942,364730,RADIAL TRANSPORTE COLETIVO LTDA,5728,"275/80R22,5 PM DVUM3 B 242",Em Produção,12/05/2026,12/05/2026,
1640943,364730,RADIAL TRANSPORTE COLETIVO LTDA,6079,"275/80R22,5 PM DVUM3 B 242",Em Produção,12/05/2026,12/05/2026,
1640944,364730,RADIAL TRANSPORTE COLETIVO LTDA,5878,"275/80R22,5 PM DVUM3 B 242",Em Produção,12/05/2026,12/05/2026,
1640945,364730,RADIAL TRANSPORTE COLETIVO LTDA,6094,"275/80R22,5 PM DVUM3 B 242",Em Produção,12/05/2026,12/05/2026,
1640946,364730,RADIAL TRANSPORTE COLETIVO LTDA,6095,"275/80R22,5 PM DVUM3 B 242",Em Produção,12/05/2026,12/05/2026,
1640947,364730,RADIAL TRANSPORTE COLETIVO LTDA,5480,"275/80R22,5 PM DVUM3 B 242",Em Produção,12/05/2026,12/05/2026,
1640948,364730,RADIAL TRANSPORTE COLETIVO LTDA,5485,"275/80R22,5 PM DVUM3 B 242",Em Produção,12/05/2026,12/05/2026,
1640949,364730,RADIAL TRANSPORTE COLETIVO LTDA,5808,"275/80R22,5 PM DVUM3 B 242",Em Produção,12/05/2026,12/05/2026,
1640950,364730,RADIAL TRANSPORTE COLETIVO LTDA,5417,"275/80R22,5 PM DVUM3 B 242",Em Produção,12/05/2026,12/05/2026,
1640951,364730,RADIAL TRANSPORTE COLETIVO LTDA,5251,"275/80R22,5 PM DVUM3 B 242",Em Produção,12/05/2026,12/05/2026,
1640952,364730,RADIAL TRANSPORTE COLETIVO LTDA,5126,"275/80R22,5 PM DVUM3 B 242",Em Produção,12/05/2026,12/05/2026,
1640953,364730,RADIAL TRANSPORTE COLETIVO LTDA,5751,"275/80R22,5 PM DVUM3 B 242",Em Produção,12/05/2026,12/05/2026,
1640954,364730,RADIAL TRANSPORTE COLETIVO LTDA,4898,"275/80R22,5 PM DVUM3 B 242",Em Produção,12/05/2026,12/05/2026,
1640955,364730,RADIAL TRANSPORTE COLETIVO LTDA,5716,"275/80R22,5 PM DVUM3 B 234",Em Produção,12/05/2026,12/05/2026,
1640364,364741,GOMES EXPRESS - TRANSPORTES DE CARGAS E SERVICOS LTDA,2524,215/65R16 PM VP430L 185,Em Produção,11/05/2026,15/05/2026,
1640338,364741,GOMES EXPRESS - TRANSPORTES DE CARGAS E SERVICOS LTDA,0223,"235/75R17,5 PM VL110L 200",Em Produção,11/05/2026,15/05/2026,
1640340,364741,GOMES EXPRESS - TRANSPORTES DE CARGAS E SERVICOS LTDA,0125,225/65R16 PM VP430L 175,Em Produção,11/05/2026,15/05/2026,
1640341,364741,GOMES EXPRESS - TRANSPORTES DE CARGAS E SERVICOS LTDA,0125,"215/75R17,5 PM VZE-1 160",Em Produção,11/05/2026,15/05/2026,
1640342,364741,GOMES EXPRESS - TRANSPORTES DE CARGAS E SERVICOS LTDA,5121,225/75R16 PM VP430L 185,Em Produção,11/05/2026,15/05/2026,
1640343,364741,GOMES EXPRESS - TRANSPORTES DE CARGAS E SERVICOS LTDA,3124,225/75R16 PM VP430L 175,Em Produção,11/05/2026,15/05/2026,
1640345,364741,GOMES EXPRESS - TRANSPORTES DE CARGAS E SERVICOS LTDA,0124,225/65R16 PM VP430L 185,Em Produção,11/05/2026,15/05/2026,
1640346,364741,GOMES EXPRESS - TRANSPORTES DE CARGAS E SERVICOS LTDA,4923,225/65R16 PM VP430L 195,Em Produção,11/05/2026,15/05/2026,
1640347,364741,GOMES EXPRESS - TRANSPORTES DE CARGAS E SERVICOS LTDA,0124,225/65R16 PM VP430L 195,Em Produção,11/05/2026,15/05/2026,
1640348,364741,GOMES EXPRESS - TRANSPORTES DE CARGAS E SERVICOS LTDA,3323,225/65R16 PM VP430L 195,Em Produção,11/05/2026,15/05/2026,
1640349,364741,GOMES EXPRESS - TRANSPORTES DE CARGAS E SERVICOS LTDA,4923,225/65R16 PM VP430L 195,Em Produção,11/05/2026,15/05/2026,
1640350,364741,GOMES EXPRESS - TRANSPORTES DE CARGAS E SERVICOS LTDA,3323,225/65R16 PM VP430L 195,Em Produção,11/05/2026,15/05/2026,
1640352,364741,GOMES EXPRESS - TRANSPORTES DE CARGAS E SERVICOS LTDA,3223,225/65R16 PM VP430L 195,Em Produção,11/05/2026,15/05/2026,
1640353,364741,GOMES EXPRESS - TRANSPORTES DE CARGAS E SERVICOS LTDA,0825,225/65R16 PM VP430L 185,Em Produção,11/05/2026,15/05/2026,
1640354,364741,GOMES EXPRESS - TRANSPORTES DE CARGAS E SERVICOS LTDA,0825,225/65R16 PM VP430L 195,Em Produção,11/05/2026,15/05/2026,
1640355,364741,GOMES EXPRESS - TRANSPORTES DE CARGAS E SERVICOS LTDA,1324,225/65R16 PM VP430L 185,Em Produção,11/05/2026,15/05/2026,
1640356,364741,GOMES EXPRESS - TRANSPORTES DE CARGAS E SERVICOS LTDA,2124,225/65R16 PM VP430L 175,Recusado no Exame Inicial,11/05/2026,15/05/2026,
1640357,364741,GOMES EXPRESS - TRANSPORTES DE CARGAS E SERVICOS LTDA,0725,225/65R16 PM VP430L 195,Em Produção,11/05/2026,15/05/2026,
1640360,364741,GOMES EXPRESS - TRANSPORTES DE CARGAS E SERVICOS LTDA,2624,225/65R16 PM VP430L 175,Em Produção,11/05/2026,15/05/2026,
1640361,364741,GOMES EXPRESS - TRANSPORTES DE CARGAS E SERVICOS LTDA,2624,225/65R16 PM VP430L 175,Em Produção,11/05/2026,15/05/2026,
1640362,364741,GOMES EXPRESS - TRANSPORTES DE CARGAS E SERVICOS LTDA,3824,225/65R16 PM VP430L 175,Em Produção,11/05/2026,15/05/2026,
1640363,364741,GOMES EXPRESS - TRANSPORTES DE CARGAS E SERVICOS LTDA,3424,225/65R16 PM VP430L 185,Em Produção,11/05/2026,15/05/2026,
1640334,364741,GOMES EXPRESS - TRANSPORTES DE CARGAS E SERVICOS LTDA,0223,"235/75R17,5 PM VL110L 200",Em Produção,11/05/2026,15/05/2026,
1640335,364741,GOMES EXPRESS - TRANSPORTES DE CARGAS E SERVICOS LTDA,2022,"235/75R17,5 PM DVRM 190",Em Produção,11/05/2026,15/05/2026,
1640336,364741,GOMES EXPRESS - TRANSPORTES DE CARGAS E SERVICOS LTDA,1823,"235/75R17,5 PM DVRM 180",Em Produção,11/05/2026,15/05/2026,
1640337,364741,GOMES EXPRESS - TRANSPORTES DE CARGAS E SERVICOS LTDA,1923,"235/75R17,5 PM DVRM 180",Em Produção,11/05/2026,15/05/2026,
1640339,364741,GOMES EXPRESS - TRANSPORTES DE CARGAS E SERVICOS LTDA,2122,"235/75R17,5 PM DVRM 190",Em Produção,11/05/2026,15/05/2026,
1640344,364741,GOMES EXPRESS - TRANSPORTES DE CARGAS E SERVICOS LTDA,0821,225/75R16 PM VP430L 185 *5G*,Em Produção,11/05/2026,15/05/2026,
1640351,364741,GOMES EXPRESS - TRANSPORTES DE CARGAS E SERVICOS LTDA,4723,225/65R16 PM VP430L 195,Em Produção,11/05/2026,15/05/2026,
1640358,364741,GOMES EXPRESS - TRANSPORTES DE CARGAS E SERVICOS LTDA,0825,225/65R16 PM VP430L 195,Em Produção,11/05/2026,15/05/2026,
1640359,364741,GOMES EXPRESS - TRANSPORTES DE CARGAS E SERVICOS LTDA,0125,215/75R15 PM VZE-1 190,Em Produção,11/05/2026,15/05/2026,
1640217,364746,BRASPRESS TRANSPORTES URGENTES LTDA,055653,"215/75R17,5 REPARO VULC",Em Produção,08/05/2026,12/05/2026,
1640919,364751,CORPUS SANEAMENTO E OBRAS LTDA,25028,"275/80R22,5 RT RECAUCHUT VSELB",Em Produção,12/05/2026,12/05/2026,
1640707,364763,BRASPRESS TRANSPORTES URGENTES LTDA,058696,"215/75R17,5 PM VZE-1 180",Em Produção,11/05/2026,14/05/2026,
1640708,364763,BRASPRESS TRANSPORTES URGENTES LTDA,059804,"215/75R17,5 PM VZE-1 190",Em Produção,11/05/2026,14/05/2026,
1640627,364769,ESPAÇO E LAZER MATERIAIS PARA CONSTRUÇÃO,1709,1000X20 PM VT51 194,Em Produção,11/05/2026,13/05/2026,
1640628,364769,ESPAÇO E LAZER MATERIAIS PARA CONSTRUÇÃO,4318,1000X20 PM VT51 194,Em Produção,11/05/2026,13/05/2026,
1642321,364776,FBF CONSTRUCOES E SERVICOS LTDA,2663,"12X16,5 PM DV-MTB 250",Em Produção,14/05/2026,19/05/2026,
1642322,364776,FBF CONSTRUCOES E SERVICOS LTDA,1204,"12X16,5 PM DV-MTB 258",Em Produção,14/05/2026,19/05/2026,
1642323,364776,FBF CONSTRUCOES E SERVICOS LTDA,1068,"12X16,5 RT RECAUCHUT SGG",Em Produção,14/05/2026,19/05/2026,
1642324,364776,FBF CONSTRUCOES E SERVICOS LTDA,666,"12X16,5 RT RECAUCHUT SGG",Em Produção,14/05/2026,19/05/2026,
1640590,364796,TRANSPPASS TRANSPORTE DE PASSAGEIROS LTDA,305181,"275/80R22,5 PM VL130 226",Em Produção,11/05/2026,13/05/2026,
1642328,364815,SANTINO FERRIRA FILHO,0124,"235/75R17,5 PM VT190 190",Em Produção,14/05/2026,13/05/2026,
1642327,364815,SANTINO FERRIRA FILHO,5023,"235/75R17,5 PM VT190 190",Em Produção,14/05/2026,13/05/2026,
1642325,364815,SANTINO FERRIRA FILHO,3022,"235/75R17,5 PM VL110L 200",Em Produção,14/05/2026,13/05/2026,
1642326,364815,SANTINO FERRIRA FILHO,3022,"235/75R17,5 PM VL110L 200",Em Produção,14/05/2026,13/05/2026,
1641335,364853,EXPRESSO MIRASSOL LTDA PINDA,29100,"275/80R22,5 PM VL110LA 250",Em Produção,12/05/2026,14/05/2026,
1641336,364853,EXPRESSO MIRASSOL LTDA PINDA,21939,1100R22 PM VL110LA 234,Em Produção,12/05/2026,14/05/2026,
1641337,364853,EXPRESSO MIRASSOL LTDA PINDA,31649,"275/80R22,5 PM VL110LA 242",Em Produção,12/05/2026,14/05/2026,
1641338,364853,EXPRESSO MIRASSOL LTDA PINDA,32942,"275/80R22,5 PM VL110LA 242",Em Produção,12/05/2026,14/05/2026,
1640990,364869,BB TRANSPORTE E TURISMO LTDA,50994,"275/80R22,5 PM VL130 242",Em Produção,12/05/2026,14/05/2026,
1641270,364907,DNP TERRAPLENAGEM E PAVIMENTADORA FLORESTO LTDA,13833,20.5X25 REPARO VULC,Em Produção,12/05/2026,21/05/2026,
1641806,364925,ALTO TIETE TRANSPORTES LTDA,606,"275/80R22,5 PM DVUM3 B 242",Recusado no Exame Inicial,13/05/2026,14/05/2026,
1641807,364925,ALTO TIETE TRANSPORTES LTDA,626,"275/80R22,5 PM DVUM3 B 242",Em Produção,13/05/2026,14/05/2026,
1641808,364925,ALTO TIETE TRANSPORTES LTDA,1081,"275/80R22,5 PM DVUM3 B 242",Em Produção,13/05/2026,14/05/2026,
1641809,364925,ALTO TIETE TRANSPORTES LTDA,1066,"275/80R22,5 PM DVUM3 B 242",Em Produção,13/05/2026,14/05/2026,
1641810,364925,ALTO TIETE TRANSPORTES LTDA,1162,"275/80R22,5 PM DVUM3 B 234",Em Produção,13/05/2026,14/05/2026,
1641811,364925,ALTO TIETE TRANSPORTES LTDA,1160,"275/80R22,5 PM DVUM3 B 234",Em Produção,13/05/2026,14/05/2026,
1641812,364925,ALTO TIETE TRANSPORTES LTDA,552,"275/80R22,5 PM DVUM3 B 234",Em Produção,13/05/2026,14/05/2026,
1641813,364925,ALTO TIETE TRANSPORTES LTDA,553,"275/80R22,5 PM DVUM3 B 234",Em Produção,13/05/2026,14/05/2026,
1641197,364926,CITY TRANSPORTES URBANO INTERMODAL LTDA,103258,"275/80R22,5 PM DVUM3 B 250",Em Produção,12/05/2026,14/05/2026,
1641198,364926,CITY TRANSPORTES URBANO INTERMODAL LTDA,102783,"275/80R22,5 PM DVUM3 B 250",Em Produção,12/05/2026,14/05/2026,
1641199,364926,CITY TRANSPORTES URBANO INTERMODAL LTDA,102571,"275/80R22,5 PM DVUM3 B 250",Em Produção,12/05/2026,14/05/2026,
1641200,364926,CITY TRANSPORTES URBANO INTERMODAL LTDA,103546,"275/80R22,5 PM DVUM3 B 250",Em Produção,12/05/2026,14/05/2026,
1641201,364926,CITY TRANSPORTES URBANO INTERMODAL LTDA,104075,"275/80R22,5 PM DVUM3 B 250",Em Produção,12/05/2026,14/05/2026,
1641232,364938,TRANSPORTADORA VERBA LTDA,7571,"295/80R22,5 PM VL110LA 250",Em Produção,12/05/2026,14/05/2026,
1641233,364938,TRANSPORTADORA VERBA LTDA,7573,"295/80R22,5 PM VL110LA 250",Em Produção,12/05/2026,14/05/2026,
1641234,364938,TRANSPORTADORA VERBA LTDA,7572,"295/80R22,5 PM VL110LA 250",Em Produção,12/05/2026,14/05/2026,
1641235,364938,TRANSPORTADORA VERBA LTDA,7574,"295/80R22,5 PM VL110LA 250",Em Produção,12/05/2026,14/05/2026,
1641894,364939,LM TRANSPORTES INTERESTADUAIS SERVIÇOS E COMERCIO S A,1324,"275/80R22,5 PM VT120L 234",Em Produção,13/05/2026,14/05/2026,
1641895,364939,LM TRANSPORTES INTERESTADUAIS SERVIÇOS E COMERCIO S A,1324b,"275/80R22,5 PM VT120L 234",Em Produção,13/05/2026,14/05/2026,
1641896,364939,LM TRANSPORTES INTERESTADUAIS SERVIÇOS E COMERCIO S A,15184,"275/80R22,5 PM VT120L 226",Em Produção,13/05/2026,14/05/2026,
1644601,364945,NOVA OPÇÃO SERVIÇOS DE LIMPEZA URBANO EIRELI,2218,"295/80R22,5 REPARO VULC",Em Produção,19/05/2026,20/05/2026,
1641300,364949,"ARMAC LOCACAO, LOGISTICA E SERVICOS S.A.",2069,"17,5X25 RT RECAUCHUT SGG",Em Produção,12/05/2026,21/05/2026,
1641301,364949,"ARMAC LOCACAO, LOGISTICA E SERVICOS S.A.",84532,"17,5X25 RT RECAUCHUT SGG",Em Produção,12/05/2026,21/05/2026,
1641302,364949,"ARMAC LOCACAO, LOGISTICA E SERVICOS S.A.",82884,"17,5X25 RT RECAUCHUT SGG",Em Produção,12/05/2026,21/05/2026,
1641304,364949,"ARMAC LOCACAO, LOGISTICA E SERVICOS S.A.",82889,"17,5X25 RT RECAUCHUT SGG",Em Produção,12/05/2026,21/05/2026,
1641305,364949,"ARMAC LOCACAO, LOGISTICA E SERVICOS S.A.",82688,"17,5X25 RT RECAUCHUT SGG",Em Produção,12/05/2026,21/05/2026,
1641306,364949,"ARMAC LOCACAO, LOGISTICA E SERVICOS S.A.",82692,"17,5X25 RT RECAUCHUT SGG",Em Produção,12/05/2026,21/05/2026,
1641303,364949,"ARMAC LOCACAO, LOGISTICA E SERVICOS S.A.",84530,"17,5X25 RT RECAUCHUT SGG",Em Produção,12/05/2026,21/05/2026,
1641307,364950,"ARMAC LOCACAO, LOGISTICA E SERVICOS S.A.",31759,20.5X25 RECAUCHUT HRL LAGARTA (35),Em Produção,12/05/2026,21/05/2026,
1641308,364950,"ARMAC LOCACAO, LOGISTICA E SERVICOS S.A.",38648,23.5X25 RT RECAUCHUT L5 SXT SEMI LISO (55),Em Produção,12/05/2026,21/05/2026,
1641309,364951,"ARMAC LOCACAO, LOGISTICA E SERVICOS S.A.",85222,"10X16,5 RT RECAUCHUT SGG",Em Produção,12/05/2026,21/05/2026,
1641310,364951,"ARMAC LOCACAO, LOGISTICA E SERVICOS S.A.",85223,"10X16,5 RT RECAUCHUT SGG",Em Produção,12/05/2026,21/05/2026,
1641311,364951,"ARMAC LOCACAO, LOGISTICA E SERVICOS S.A.",85217,"10X16,5 RT RECAUCHUT SGG",Em Produção,12/05/2026,21/05/2026,
1641312,364951,"ARMAC LOCACAO, LOGISTICA E SERVICOS S.A.",85220,"10X16,5 RT RECAUCHUT SGG",Em Produção,12/05/2026,21/05/2026,
1641313,364951,"ARMAC LOCACAO, LOGISTICA E SERVICOS S.A.",52381,"10X16,5 RT RECAUCHUT SGG",Em Produção,12/05/2026,21/05/2026,
1641314,364951,"ARMAC LOCACAO, LOGISTICA E SERVICOS S.A.",52384,"10X16,5 RT RECAUCHUT SGG",Em Produção,12/05/2026,21/05/2026,
1641315,364951,"ARMAC LOCACAO, LOGISTICA E SERVICOS S.A.",52977,"10X16,5 RT RECAUCHUT SGG",Em Produção,12/05/2026,21/05/2026,
1641316,364952,"ARMAC LOCACAO, LOGISTICA E SERVICOS S.A.",3324,12.5/80X18 RECAUCHUT SGG,Em Produção,12/05/2026,21/05/2026,
1641317,364952,"ARMAC LOCACAO, LOGISTICA E SERVICOS S.A.",84635,12.5/80X18 RECAUCHUT SGG,Em Produção,12/05/2026,21/05/2026,
1641318,364952,"ARMAC LOCACAO, LOGISTICA E SERVICOS S.A.",84533,12.5/80X18 RECAUCHUT SGG,Em Produção,12/05/2026,21/05/2026,
1641319,364952,"ARMAC LOCACAO, LOGISTICA E SERVICOS S.A.",84055,12.5/80X18 RECAUCHUT SGG,Em Produção,12/05/2026,21/05/2026,
1641320,364952,"ARMAC LOCACAO, LOGISTICA E SERVICOS S.A.",82885,12.5/80X18 RECAUCHUT SGG,Em Produção,12/05/2026,21/05/2026,
1641321,364952,"ARMAC LOCACAO, LOGISTICA E SERVICOS S.A.",84050,12.5/80X18 RECAUCHUT SGG,Em Produção,12/05/2026,21/05/2026,
1641322,364952,"ARMAC LOCACAO, LOGISTICA E SERVICOS S.A.",84531,12.5/80X18 RECAUCHUT SGG,Em Produção,12/05/2026,21/05/2026,
1641323,364952,"ARMAC LOCACAO, LOGISTICA E SERVICOS S.A.",83291,12.5/80X18 RECAUCHUT SGG,Em Produção,12/05/2026,21/05/2026,
1641324,364952,"ARMAC LOCACAO, LOGISTICA E SERVICOS S.A.",83293,12.5/80X18 RECAUCHUT SGG,Em Produção,12/05/2026,21/05/2026,
1641577,364957,JOSE PEREIRA ROSA,1318,1000X20 RT RECAUCHUT. G8 LISO,Em Produção,13/05/2026,17/05/2026,
1641370,364962,BRASPRESS TRANSPORTES URGENTES LTDA,043855,"275/80R22,5 PM VRT1 240",Em Produção,12/05/2026,14/05/2026,
1641373,364962,BRASPRESS TRANSPORTES URGENTES LTDA,043853,"275/80R22,5 PM VRT1 240",Em Produção,12/05/2026,14/05/2026,
1641374,364962,BRASPRESS TRANSPORTES URGENTES LTDA,043854,"275/80R22,5 PM VRT1 240",Em Produção,12/05/2026,14/05/2026,
1641390,364963,BRASPRESS TRANSPORTES URGENTES LTDA,055364,"215/75R17,5 PM VZE-1 190",Em Produção,12/05/2026,14/05/2026,
1641391,364963,BRASPRESS TRANSPORTES URGENTES LTDA,045128,"215/75R17,5 PM VZE-1 190",Em Produção,12/05/2026,14/05/2026,
1641386,364963,BRASPRESS TRANSPORTES URGENTES LTDA,056066,"215/75R17,5 PM VZE-1 190",Em Produção,12/05/2026,14/05/2026,
1641387,364963,BRASPRESS TRANSPORTES URGENTES LTDA,056067,"215/75R17,5 PM VZE-1 190",Em Produção,12/05/2026,14/05/2026,
1641388,364963,BRASPRESS TRANSPORTES URGENTES LTDA,058695,"215/75R17,5 PM VZE-1 190",Em Produção,12/05/2026,14/05/2026,
1641389,364963,BRASPRESS TRANSPORTES URGENTES LTDA,058703,"215/75R17,5 PM VZE-1 190",Em Produção,12/05/2026,14/05/2026,
1641922,364969,FL BRASIL HOLDING LOG E TRANSP LTDA,112659,"295/80R22,5 PM VL110LA 242",Em Produção,13/05/2026,15/05/2026,
1642078,364973,MUNDIAL FACILITIES LTDA,4323,"275/80R22,5 PM VRT1 250",Em Produção,13/05/2026,15/05/2026,
1642079,364973,MUNDIAL FACILITIES LTDA,4123,"275/80R22,5 PM VRT1 250",Em Produção,13/05/2026,15/05/2026,
1642080,364973,MUNDIAL FACILITIES LTDA,4123A,"275/80R22,5 PM VRT1 250",Em Produção,13/05/2026,15/05/2026,
1642081,364973,MUNDIAL FACILITIES LTDA,4323A,"275/80R22,5 PM VRT1 250",Em Produção,13/05/2026,15/05/2026,
1642082,364973,MUNDIAL FACILITIES LTDA,4323B,"275/80R22,5 PM VRT1 250",Em Produção,13/05/2026,15/05/2026,
1642083,364973,MUNDIAL FACILITIES LTDA,4123B,"275/80R22,5 PM VRT1 250",Em Produção,13/05/2026,15/05/2026,
1642084,364973,MUNDIAL FACILITIES LTDA,4123C,"275/80R22,5 PM VRT1 250",Em Produção,13/05/2026,15/05/2026,
1642085,364973,MUNDIAL FACILITIES LTDA,4123D,"275/80R22,5 PM VRT1 250",Em Produção,13/05/2026,15/05/2026,
1642191,364975,BRASPRESS TRANSPORTES URGENTES LTDA,042898,"295/80R22,5 REPARO VULC",Em Produção,13/05/2026,15/05/2026,
1642192,364975,BRASPRESS TRANSPORTES URGENTES LTDA,044691,"295/80R22,5 REPARO VULC",Em Produção,13/05/2026,15/05/2026,
1642193,364975,BRASPRESS TRANSPORTES URGENTES LTDA,054117,"215/75R17,5 REPARO VULC",Em Produção,13/05/2026,15/05/2026,
1643782,364997,ANTONIO MARINACCI JUNIOR PNEUS LTDA,BORR CICERO,1000X20 RT RECAUCHUT. TRACAO CB,Em Produção,18/05/2026,20/05/2026,
1642194,365005,"FL BRASIL HOLDING, LOGISTICA E TRANSPORTE LTDA.",116254,"295/80R22,5 PM VLW 238",Em Produção,13/05/2026,15/05/2026,
1642195,365005,"FL BRASIL HOLDING, LOGISTICA E TRANSPORTE LTDA.",115235,"295/80R22,5 PM VLW 238",Em Produção,13/05/2026,15/05/2026,
1642196,365005,"FL BRASIL HOLDING, LOGISTICA E TRANSPORTE LTDA.",104215,"295/80R22,5 PM VLW 238",Em Produção,13/05/2026,15/05/2026,
1642197,365005,"FL BRASIL HOLDING, LOGISTICA E TRANSPORTE LTDA.",112246,"295/80R22,5 PM VLW 238",Em Produção,13/05/2026,15/05/2026,
1642198,365005,"FL BRASIL HOLDING, LOGISTICA E TRANSPORTE LTDA.",117119,"295/80R22,5 PM VLW 238",Em Produção,13/05/2026,15/05/2026,
1642199,365005,"FL BRASIL HOLDING, LOGISTICA E TRANSPORTE LTDA.",116253,"295/80R22,5 PM VLW 238",Em Produção,13/05/2026,15/05/2026,
1642200,365005,"FL BRASIL HOLDING, LOGISTICA E TRANSPORTE LTDA.",112053,"295/80R22,5 PM VLW 238",Em Produção,13/05/2026,15/05/2026,
1642201,365005,"FL BRASIL HOLDING, LOGISTICA E TRANSPORTE LTDA.",115441,"295/80R22,5 PM VLW 238",Em Produção,13/05/2026,15/05/2026,
1642202,365005,"FL BRASIL HOLDING, LOGISTICA E TRANSPORTE LTDA.",116863,"295/80R22,5 PM VLW 238",Em Produção,13/05/2026,15/05/2026,
1642203,365005,"FL BRASIL HOLDING, LOGISTICA E TRANSPORTE LTDA.",114009,"295/80R22,5 PM VLW 238",Em Produção,13/05/2026,15/05/2026,
1642204,365005,"FL BRASIL HOLDING, LOGISTICA E TRANSPORTE LTDA.",114011,"295/80R22,5 PM VLW 238",Em Produção,13/05/2026,15/05/2026,
1642205,365005,"FL BRASIL HOLDING, LOGISTICA E TRANSPORTE LTDA.",116879,"295/80R22,5 PM VLW 238",Em Produção,13/05/2026,15/05/2026,
1642206,365005,"FL BRASIL HOLDING, LOGISTICA E TRANSPORTE LTDA.",116871,"295/80R22,5 PM VLW 238",Em Produção,13/05/2026,15/05/2026,
1641803,365022,EDIVALDO DOS SANTOS,1221,"215/75R17,5 PM VZE-1 190",Em Produção,13/05/2026,15/05/2026,
1642513,365036,TORRES TRANSPORTES LTDA,101264,"295/80R22,5 PM VL110LA 242",Em Produção,14/05/2026,18/05/2026,
1642507,365036,TORRES TRANSPORTES LTDA,2523,"295/80R22,5 PM VRT1 220",Em Produção,14/05/2026,18/05/2026,
1642508,365036,TORRES TRANSPORTES LTDA,1723,"295/80R22,5 PM VL110LA 234",Recusado no Exame Final,14/05/2026,18/05/2026,
1642509,365036,TORRES TRANSPORTES LTDA,2018,"295/80R22,5 PM VL110LA 218",Em Produção,14/05/2026,18/05/2026,
1642510,365036,TORRES TRANSPORTES LTDA,1223,"295/80R22,5 PM VL110L 218",Em Produção,14/05/2026,18/05/2026,
1642511,365036,TORRES TRANSPORTES LTDA,1122,"295/80R22,5 PM VL110LA 234",Em Produção,14/05/2026,18/05/2026,
1642512,365036,TORRES TRANSPORTES LTDA,1522,"295/80R22,5 PM VL110LA 218",Em Produção,14/05/2026,18/05/2026,
1642514,365036,TORRES TRANSPORTES LTDA,257,"295/80R22,5 PM VL110LA 242",Em Produção,14/05/2026,18/05/2026,
1642515,365036,TORRES TRANSPORTES LTDA,0221,"295/80R22,5 PM VL110LA 226",Em Produção,14/05/2026,18/05/2026,
1642504,365036,TORRES TRANSPORTES LTDA,1823,"295/80R22,5 PM VRT1 250",Em Produção,14/05/2026,18/05/2026,
1642505,365036,TORRES TRANSPORTES LTDA,2323,"295/80R22,5 PM VRT1 250",Em Produção,14/05/2026,18/05/2026,
1642506,365036,TORRES TRANSPORTES LTDA,2523,"295/80R22,5 PM VRT1 250",Em Produção,14/05/2026,18/05/2026,
1642179,365048,MARLI CASTELLI ME,2724,12.5/80X18 RECAUCHUT SGG,Em Produção,13/05/2026,22/05/2026,
1642180,365048,MARLI CASTELLI ME,2824,12.5/80X18 RECAUCHUT SGG,Em Produção,13/05/2026,22/05/2026,
1641704,365049,SID,0324,"275/80R22,5 PM DVUM3 B 218",Em Produção,13/05/2026,15/05/2026,
1641705,365049,SID,0324B,"275/80R22,5 PM DVUM3 B 226",Em Produção,13/05/2026,15/05/2026,
1641706,365049,SID,1322,"275/80R22,5 PM DVUM3 B 218",Em Produção,13/05/2026,15/05/2026,
1641707,365049,SID,4220,"275/80R22,5 PM DVUM3 B 242",Em Produção,13/05/2026,15/05/2026,
1641708,365049,SID,2221,"275/80R22,5 PM DVUM3 B 234",Em Produção,13/05/2026,15/05/2026,
1641709,365049,SID,2520,"275/80R22,5 PM DVUM3 B 234",Em Produção,13/05/2026,15/05/2026,
1641710,365049,SID,0221,"275/80R22,5 PM DVUM3 B 234",Em Produção,13/05/2026,15/05/2026,
1641711,365049,SID,3720,"275/80R22,5 PM DVUM3 B 234",Em Produção,13/05/2026,15/05/2026,
1641712,365049,SID,4120,"275/80R22,5 PM DVUM3 B 242",Em Produção,13/05/2026,15/05/2026,
1641713,365049,SID,0920,"275/80R22,5 PM DVUM3 B 242",Em Produção,13/05/2026,15/05/2026,
1641714,365049,SID,3421,"275/80R22,5 PM DVUM3 B 226",Em Produção,13/05/2026,15/05/2026,
1641715,365049,SID,4221,"275/80R22,5 PM DVUM3 B 234",Em Produção,13/05/2026,15/05/2026,
1641716,365049,SID,4121,"275/80R22,5 PM DVUM3 B 226",Em Produção,13/05/2026,15/05/2026,
1641717,365049,SID,0122,"275/80R22,5 PM DVUM3 B 234",Em Produção,13/05/2026,15/05/2026,
1642007,365075,ATIVA TERRAPLANAGEM LTDA EPP,1522,12.5/80X18 RECAUCHUT SGG,Em Produção,13/05/2026,21/05/2026,
1642008,365075,ATIVA TERRAPLANAGEM LTDA EPP,1522,12.5/80X18 RECAUCHUT SGG,Em Produção,13/05/2026,21/05/2026,
1642068,365076,VIGENT CONSTRUCOES LTDA,0117,"215/75R17,5 PM VZE-1 190",Em Produção,13/05/2026,18/05/2026,
1642069,365076,VIGENT CONSTRUCOES LTDA,3422,"215/75R17,5 PM VZE-1 190",Em Produção,13/05/2026,18/05/2026,
1642070,365076,VIGENT CONSTRUCOES LTDA,9118,"215/75R17,5 PM VZE-1 190",Em Produção,13/05/2026,18/05/2026,
1642071,365077,VIGENT CONSTRUCOES LTDA,2424,"295/80R22,5 REPARO VULC",Em Produção,13/05/2026,19/05/2026,
1642073,365078,VIGENT CONSTRUCOES LTDA,2722,12.5/80X18 RECAUCHUT SGG,Em Produção,13/05/2026,20/05/2026,
1642072,365078,VIGENT CONSTRUCOES LTDA,0524,12.5/80X18 RECAUCHUT SGG,Em Produção,13/05/2026,20/05/2026,
1642229,365086,BRASPRESS TRANSPORTES URGENTES LTDA,052020,"275/80R22,5 PM VRT1 230",Em Produção,13/05/2026,15/05/2026,
1642228,365086,BRASPRESS TRANSPORTES URGENTES LTDA,052037,"275/80R22,5 PM VRT1 230",Em Produção,13/05/2026,15/05/2026,
1642236,365087,BRASPRESS TRANSPORTES URGENTES LTDA,044539,"215/75R17,5 PM VZE-1 190",Em Produção,13/05/2026,15/05/2026,
1642794,365100,PROAIR SERV AUX DE TRANSP AEREO LTDA,0000,650X10 RT RECAUCHUT VI600,Em Produção,14/05/2026,19/05/2026,
1642795,365101,PROAIR SERV AUX DE TRANSP AEREO LTDA,0000,900X20 RT RECAUCHUT. LISO G8,Em Produção,14/05/2026,19/05/2026,
1642446,365105,EXPRESSO SUL AMERICANO EIRELI,10987,"275/80R22,5 PM VL110L 210",Em Produção,14/05/2026,18/05/2026,
1642448,365105,EXPRESSO SUL AMERICANO EIRELI,11066,"295/80R22,5 PM VL110LA 226",Recusado no Exame Final,14/05/2026,18/05/2026,
1642610,365138,OPR LOGISTICA PONTUAL LTDA,4724,"295/80R22,5 PM VT120L 234",Em Produção,14/05/2026,18/05/2026,
1642611,365138,OPR LOGISTICA PONTUAL LTDA,4624,"295/80R22,5 PM VT120L 234",Em Produção,14/05/2026,18/05/2026,
1642613,365138,OPR LOGISTICA PONTUAL LTDA,0324,"295/80R22,5 PM VT120L 234",Em Produção,14/05/2026,18/05/2026,
1642612,365138,OPR LOGISTICA PONTUAL LTDA,1324,"295/80R22,5 PM VT120L 242",Em Produção,14/05/2026,18/05/2026,
1642467,365149,SID,0323b,"275/80R22,5 PM DVUM3 B 226",Em Produção,14/05/2026,18/05/2026,
1642466,365149,SID,0323,"275/80R22,5 PM DVUM3 B 226",Em Produção,14/05/2026,18/05/2026,
1642468,365149,SID,3722,"275/80R22,5 PM DVUM3 B 242",Em Produção,14/05/2026,18/05/2026,
1642469,365149,SID,2223,"275/80R22,5 PM DVUM3 B 226",Em Produção,14/05/2026,18/05/2026,
1642470,365149,SID,4222,"275/80R22,5 PM DVUM3 B 234",Em Produção,14/05/2026,18/05/2026,
1642471,365149,SID,0223,"275/80R22,5 PM DVUM3 B 226",Em Produção,14/05/2026,18/05/2026,
1642472,365149,SID,0522,"275/80R22,5 PM DVUM3 B 234",Em Produção,14/05/2026,18/05/2026,
1642473,365149,SID,4524,"275/80R22,5 PM DVUM3 B 234",Em Produção,14/05/2026,18/05/2026,
1642474,365149,SID,4824,"275/80R22,5 PM DVUM3 B 234",Em Produção,14/05/2026,18/05/2026,
1642475,365149,SID,0824,"275/80R22,5 PM DVUM3 B 234",Em Produção,14/05/2026,18/05/2026,
1642476,365149,SID,1823,"275/80R22,5 PM DVUM3 B 242",Em Produção,14/05/2026,18/05/2026,
1642477,365149,SID,1723,"275/80R22,5 PM DVUM3 B 234",Em Produção,14/05/2026,18/05/2026,
1642478,365149,SID,4423,"275/80R22,5 PM DVUM3 B 234",Em Produção,14/05/2026,18/05/2026,
1642479,365149,SID,4622,"275/80R22,5 PM DVUM3 B 234",Em Produção,14/05/2026,18/05/2026,
1642480,365149,SID,4823,"275/80R22,5 PM DVUM3 B 234",Em Produção,14/05/2026,18/05/2026,
1642481,365149,SID,1723,"275/80R22,5 PM DVUM3 B 234",Em Produção,14/05/2026,18/05/2026,
1642482,365149,SID,4823,"275/80R22,5 PM DVUM3 B 234",Em Produção,14/05/2026,18/05/2026,
1642483,365149,SID,4423,"275/80R22,5 PM DVUM3 B 234",Em Produção,14/05/2026,18/05/2026,
1642484,365149,SID,4824,"275/80R22,5 PM DVUM3 B 234",Em Produção,14/05/2026,18/05/2026,
1642485,365149,SID,023,"275/80R22,5 PM DVUM3 B 226",Em Produção,14/05/2026,18/05/2026,
1642486,365149,SID,0123,"275/80R22,5 PM DVUM3 B 226",Em Produção,14/05/2026,18/05/2026,
1642487,365149,SID,3622,"275/80R22,5 PM DVUM3 B 234",Em Produção,14/05/2026,18/05/2026,
1642488,365149,SID,2822,"275/80R22,5 PM DVUM3 B 234",Em Produção,14/05/2026,18/05/2026,
1642489,365149,SID,4022,"275/80R22,5 PM DVUM3 B 234",Em Produção,14/05/2026,18/05/2026,
1642490,365149,SID,1823,"275/80R22,5 PM DVUM3 B 226",Em Produção,14/05/2026,18/05/2026,
1642491,365149,SID,4824,"275/80R22,5 PM DVUM3 B 234",Em Produção,14/05/2026,18/05/2026,
1642492,365149,SID,3222,"275/80R22,5 PM DVUM3 B 234",Em Produção,14/05/2026,18/05/2026,
1642493,365149,SID,1723,"275/80R22,5 PM DVUM3 B 234",Em Produção,14/05/2026,18/05/2026,
1642494,365149,SID,4422,"275/80R22,5 PM DVUM3 B 234",Em Produção,14/05/2026,18/05/2026,
1642674,365186,MAMUTH TRANSPORTE DE MAQUINAS LTDA,7084,"275/80R22,5 PM VL110L 210",Em Produção,14/05/2026,19/05/2026,
1642696,365186,MAMUTH TRANSPORTE DE MAQUINAS LTDA,3523,"275/80R22,5 PM VL110L 210",Em Produção,14/05/2026,19/05/2026,
1642698,365186,MAMUTH TRANSPORTE DE MAQUINAS LTDA,8171,"275/80R22,5 PM VL110L 210",Em Produção,14/05/2026,19/05/2026,
1642675,365186,MAMUTH TRANSPORTE DE MAQUINAS LTDA,3725,"275/80R22,5 PM VL110LA 242",Em Produção,14/05/2026,19/05/2026,
1642676,365186,MAMUTH TRANSPORTE DE MAQUINAS LTDA,8166,"275/80R22,5 PM VL110LA 242",Em Produção,14/05/2026,19/05/2026,
1642677,365186,MAMUTH TRANSPORTE DE MAQUINAS LTDA,7212,"275/80R22,5 PM VL110LA 242",Em Produção,14/05/2026,19/05/2026,
1642687,365186,MAMUTH TRANSPORTE DE MAQUINAS LTDA,8996,"275/80R22,5 PM VL110LA 242",Em Produção,14/05/2026,19/05/2026,
1642691,365186,MAMUTH TRANSPORTE DE MAQUINAS LTDA,8998,"275/80R22,5 PM VL110LA 242",Em Produção,14/05/2026,19/05/2026,
1642692,365186,MAMUTH TRANSPORTE DE MAQUINAS LTDA,8997,"275/80R22,5 PM VL110LA 242",Em Produção,14/05/2026,19/05/2026,
1642697,365186,MAMUTH TRANSPORTE DE MAQUINAS LTDA,10133,"275/80R22,5 PM VL110LA 242",Em Produção,14/05/2026,19/05/2026,
1642699,365186,MAMUTH TRANSPORTE DE MAQUINAS LTDA,8193,"275/80R22,5 PM VL110LA 242",Em Produção,14/05/2026,19/05/2026,
1642797,365204,COOPERCARGA S/A,coop11800,"295/80R22,5 REPARO VULC",Recusado no Exame Inicial,14/05/2026,19/05/2026,
1642798,365204,COOPERCARGA S/A,coop4319,"295/80R22,5 REPARO VULC",Em Produção,14/05/2026,19/05/2026,
1643791,365208,ALTO TIETE TRANSPORTES LTDA,1126,"275/80R22,5 PM DVUM3 B 242",Em Produção,18/05/2026,18/05/2026,
1643792,365208,ALTO TIETE TRANSPORTES LTDA,372,"275/80R22,5 PM DVUM3 B 242",Em Produção,18/05/2026,18/05/2026,
1643794,365208,ALTO TIETE TRANSPORTES LTDA,831,"275/80R22,5 PM DVUM3 B 242",Em Produção,18/05/2026,18/05/2026,
1643795,365208,ALTO TIETE TRANSPORTES LTDA,1099,"275/80R22,5 PM DVUM3 B 242",Em Produção,18/05/2026,18/05/2026,
1643796,365208,ALTO TIETE TRANSPORTES LTDA,1098,"275/80R22,5 PM DVUM3 B 242",Em Produção,18/05/2026,18/05/2026,
1643797,365208,ALTO TIETE TRANSPORTES LTDA,362,"275/80R22,5 PM DVUM3 B 242",Em Produção,18/05/2026,18/05/2026,
1643798,365208,ALTO TIETE TRANSPORTES LTDA,644,"275/80R22,5 PM DVUM3 B 242",Em Produção,18/05/2026,18/05/2026,
1643799,365208,ALTO TIETE TRANSPORTES LTDA,135,"275/80R22,5 PM DVUM3 B 242",Em Produção,18/05/2026,18/05/2026,
1643800,365208,ALTO TIETE TRANSPORTES LTDA,486,"275/80R22,5 PM DVUM3 B 242",Em Produção,18/05/2026,18/05/2026,
1643801,365208,ALTO TIETE TRANSPORTES LTDA,898,"275/80R22,5 PM DVUM3 B 242",Recusado no Exame Inicial,18/05/2026,18/05/2026,
1643802,365208,ALTO TIETE TRANSPORTES LTDA,544,"275/80R22,5 PM DVUM3 B 210",Em Produção,18/05/2026,18/05/2026,
1643803,365208,ALTO TIETE TRANSPORTES LTDA,538,"275/80R22,5 PM DVUM3 B 210",Em Produção,18/05/2026,18/05/2026,
1643804,365208,ALTO TIETE TRANSPORTES LTDA,536,"275/80R22,5 PM DVUM3 B 210",Em Produção,18/05/2026,18/05/2026,
1643805,365208,ALTO TIETE TRANSPORTES LTDA,548,"275/80R22,5 PM DVUM3 B 210",Em Produção,18/05/2026,18/05/2026,
1643793,365208,ALTO TIETE TRANSPORTES LTDA,171,"275/80R22,5 PM DVUM3 B 242",Em Produção,18/05/2026,18/05/2026,
1643786,365208,ALTO TIETE TRANSPORTES LTDA,579,"275/80R22,5 PM DVUM3 B 242",Em Produção,18/05/2026,18/05/2026,
1643787,365208,ALTO TIETE TRANSPORTES LTDA,097,"275/80R22,5 PM DVUM3 B 242",Recusado no Exame Inicial,18/05/2026,18/05/2026,
1643788,365208,ALTO TIETE TRANSPORTES LTDA,635,"275/80R22,5 PM DVUM3 B 242",Em Produção,18/05/2026,18/05/2026,
1643789,365208,ALTO TIETE TRANSPORTES LTDA,086,"275/80R22,5 PM DVUM3 B 242",Em Produção,18/05/2026,18/05/2026,
1643790,365208,ALTO TIETE TRANSPORTES LTDA,814,"275/80R22,5 PM DVUM3 B 242",Em Produção,18/05/2026,18/05/2026,
1643806,365209,ALTO TIETE TRANSPORTES LTDA,1323,"275/80R22,5 REPARO VULC",Em Produção,18/05/2026,18/05/2026,
1643807,365209,ALTO TIETE TRANSPORTES LTDA,1061,"275/80R22,5 REPARO VULC",Em Produção,18/05/2026,18/05/2026,
1642631,365211,USINA RECICLADORA SUSTINERI LTDA,4623,"295/80R22,5 PM VL110L 218",Em Produção,14/05/2026,18/05/2026,
1642632,365211,USINA RECICLADORA SUSTINERI LTDA,4324,"295/80R22,5 PM VRT1 240",Em Produção,14/05/2026,18/05/2026,
1644499,365214,BLR TRANSPORTES LOGISTICAS LTDA,2124,"295/80R22,5 PM VLW 246",Em Produção,19/05/2026,21/05/2026,
1644500,365214,BLR TRANSPORTES LOGISTICAS LTDA,4922,"295/80R22,5 PM VLW 246",Em Produção,19/05/2026,21/05/2026,
1644532,365223,RADIAL TRANSPORTE COLETIVO LTDA,5366,"275/80R22,5 PM DVUM3 B 234",Em Produção,19/05/2026,19/05/2026,
1644533,365223,RADIAL TRANSPORTE COLETIVO LTDA,5970,"275/80R22,5 PM DVUM3 B 242",Em Produção,19/05/2026,19/05/2026,
1644534,365223,RADIAL TRANSPORTE COLETIVO LTDA,5465,"275/80R22,5 PM DVUM3 B 242",Em Produção,19/05/2026,19/05/2026,
1644535,365223,RADIAL TRANSPORTE COLETIVO LTDA,5622,"275/80R22,5 PM DVUM3 B 242",Em Produção,19/05/2026,19/05/2026,
1644536,365223,RADIAL TRANSPORTE COLETIVO LTDA,6288,"275/80R22,5 PM DVUM3 B 242",Em Produção,19/05/2026,19/05/2026,
1644537,365224,RADIAL TRANSPORTE COLETIVO LTDA,5869,"275/80R22,5 REPARO VULC",Em Produção,19/05/2026,19/05/2026,
1644538,365224,RADIAL TRANSPORTE COLETIVO LTDA,5730,"275/80R22,5 REPARO VULC",Em Produção,19/05/2026,19/05/2026,
1644539,365224,RADIAL TRANSPORTE COLETIVO LTDA,5123,"275/80R22,5 REPARO VULC",Em Produção,19/05/2026,19/05/2026,
1644540,365224,RADIAL TRANSPORTE COLETIVO LTDA,6133,"275/80R22,5 REPARO VULC",Em Produção,19/05/2026,19/05/2026,
1642833,365229,TERRAM ENGENHARIA DE INFRAESTRUTURA LTDA,1921,"295/80R22,5 PM VT120L 242",Em Produção,14/05/2026,19/05/2026,
1642834,365229,TERRAM ENGENHARIA DE INFRAESTRUTURA LTDA,9017,"295/80R22,5 PM VT120L 242",Em Produção,14/05/2026,19/05/2026,
1642835,365229,TERRAM ENGENHARIA DE INFRAESTRUTURA LTDA,2508,"295/80R22,5 PM VT120L 242",Em Produção,14/05/2026,19/05/2026,
1642746,365232,TRES MARIAS INDUSTRIA E COMERCIO LTDA,1823,900X20 RT RECAUCHUTADO  315,Em Produção,14/05/2026,21/05/2026,
1642747,365232,TRES MARIAS INDUSTRIA E COMERCIO LTDA,2425,900X20 RT RECAUCHUTADO  315,Em Produção,14/05/2026,21/05/2026,
1642748,365232,TRES MARIAS INDUSTRIA E COMERCIO LTDA,0422,900X20 RT RECAUCHUTADO  315,Em Produção,14/05/2026,21/05/2026,
1642749,365232,TRES MARIAS INDUSTRIA E COMERCIO LTDA,3116,900X20 RT RECAUCHUTADO  315,Em Produção,14/05/2026,21/05/2026,
1642750,365232,TRES MARIAS INDUSTRIA E COMERCIO LTDA,4324,900X20 RT RECAUCHUTADO  315,Em Produção,14/05/2026,21/05/2026,
1642751,365232,TRES MARIAS INDUSTRIA E COMERCIO LTDA,1125,900X20 RT RECAUCHUTADO  315,Em Produção,14/05/2026,21/05/2026,
1642802,365234,TECMAR TRANSPORTES LTDA.,139,"275/80R22,5 PM VL110L 210",Em Produção,14/05/2026,18/05/2026,
1642839,365239,BRASPRESS TRANSPORTES URGENTES LTDA,057185,"295/80R22,5 REPARO VULC",Em Produção,14/05/2026,19/05/2026,
1642840,365240,BRASPRESS TRANSPORTES URGENTES LTDA,059299,"295/80R22,5 PM VL110LA 234",Em Produção,14/05/2026,19/05/2026,
1642842,365240,BRASPRESS TRANSPORTES URGENTES LTDA,050899,"295/80R22,5 PM VL110LA 234",Em Produção,14/05/2026,19/05/2026,
1642843,365240,BRASPRESS TRANSPORTES URGENTES LTDA,049173,"295/80R22,5 PM VL110LA 242",Recusado no Exame Inicial,14/05/2026,19/05/2026,
1642845,365240,BRASPRESS TRANSPORTES URGENTES LTDA,042442,"295/80R22,5 PM VL110LA 234",Em Produção,14/05/2026,19/05/2026,
1642846,365240,BRASPRESS TRANSPORTES URGENTES LTDA,051311,"295/80R22,5 PM VL110LA 234",Em Produção,14/05/2026,19/05/2026,
1642852,365240,BRASPRESS TRANSPORTES URGENTES LTDA,038027,"295/80R22,5 PM VL110LA 234",Em Produção,14/05/2026,19/05/2026,
1642855,365240,BRASPRESS TRANSPORTES URGENTES LTDA,046493,"295/80R22,5 PM VL110LA 226",Em Produção,14/05/2026,19/05/2026,
1642844,365240,BRASPRESS TRANSPORTES URGENTES LTDA,043461,"295/80R22,5 PM VL110LA 242",Em Produção,14/05/2026,19/05/2026,
1642859,365240,BRASPRESS TRANSPORTES URGENTES LTDA,058282,"295/80R22,5 PM VL110LA 242",Em Produção,14/05/2026,19/05/2026,
1642860,365240,BRASPRESS TRANSPORTES URGENTES LTDA,047083,"295/80R22,5 PM VL110LA 242",Em Produção,14/05/2026,19/05/2026,
1642863,365241,BRASPRESS TRANSPORTES URGENTES LTDA,058518,"215/75R17,5 PM VZE-1 190",Em Produção,14/05/2026,19/05/2026,
1642864,365241,BRASPRESS TRANSPORTES URGENTES LTDA,058530,"215/75R17,5 PM VZE-1 190",Em Produção,14/05/2026,19/05/2026,
1643784,365258,JOEL DA C SILVA CONSTRUCOES LTDA,0922,"295/80R22,5 PM VM530L 226",Em Produção,18/05/2026,19/05/2026,
1643785,365258,JOEL DA C SILVA CONSTRUCOES LTDA,3823,"295/80R22,5 PM VM530L 226",Em Produção,18/05/2026,19/05/2026,
1643073,365267,INDUSTRIA E COMERCIO DE PAPEIS DADUPACK LTDA,2623,1000X20 PM VCT65 200,Em Produção,15/05/2026,19/05/2026,
1643074,365267,INDUSTRIA E COMERCIO DE PAPEIS DADUPACK LTDA,3023,1000X20 PM VCT65 200,Em Produção,15/05/2026,19/05/2026,
1643501,365273,TRANS-FERRARI TRANSPORTE E LOGISTICA LTDA,1111,"295/80R22,5 PM VL110LA 250",Em Produção,15/05/2026,19/05/2026,
1643502,365273,TRANS-FERRARI TRANSPORTE E LOGISTICA LTDA,1112,"295/80R22,5 PM VL110LA 250",Em Produção,15/05/2026,19/05/2026,
1643503,365273,TRANS-FERRARI TRANSPORTE E LOGISTICA LTDA,1525,"295/80R22,5 PM VL110LA 250",Em Produção,15/05/2026,19/05/2026,
1643251,365291,NENA LOCAÇÃO E TRANSPORTES LTDA,3655,1400X24 REPARO VULC,Em Produção,15/05/2026,20/05/2026,
1643252,365292,NENA LOCAÇÃO E TRANSPORTES LTDA,521,1000X20 REPARO VULC,Em Produção,15/05/2026,20/05/2026,
1643421,365306,CORPUS SANEAMENTO E OBRAS LTDA,82258,"10X16,5 PM DV-MTB 242",Em Produção,15/05/2026,25/05/2026,
1643422,365306,CORPUS SANEAMENTO E OBRAS LTDA,82264,"10X16,5 PM DV-MTB 242",Em Produção,15/05/2026,25/05/2026,
1643532,365315,MULTILIXO REMOCOES DE LIXO S/S LTDA,12703,"12X16,5 REPARO VULC",Em Produção,15/05/2026,19/05/2026,
1643814,365330,GLASSER PISOS E PRE-MOLDADOS LTDA.,4222,"275/80R22,5 REPARO VULC",Em Produção,18/05/2026,22/05/2026,
1643815,365330,GLASSER PISOS E PRE-MOLDADOS LTDA.,3325,8.25X15 PM VI600 162,Em Produção,18/05/2026,22/05/2026,
1643816,365330,GLASSER PISOS E PRE-MOLDADOS LTDA.,0000,8.25X15 PM VI600 162,Em Produção,18/05/2026,22/05/2026,
1643817,365330,GLASSER PISOS E PRE-MOLDADOS LTDA.,4525,700X12 PM VI600 138,Em Produção,18/05/2026,22/05/2026,
1643818,365330,GLASSER PISOS E PRE-MOLDADOS LTDA.,4525A,700X12 PM VI600 138,Em Produção,18/05/2026,22/05/2026,
1643819,365330,GLASSER PISOS E PRE-MOLDADOS LTDA.,4325,700X12 PM VI600 138,Em Produção,18/05/2026,22/05/2026,
1643820,365330,GLASSER PISOS E PRE-MOLDADOS LTDA.,4525B,700X12 PM VI600 138,Em Produção,18/05/2026,22/05/2026,
1643821,365330,GLASSER PISOS E PRE-MOLDADOS LTDA.,3825,700X12 PM VI600 138,Em Produção,18/05/2026,22/05/2026,
1643822,365330,GLASSER PISOS E PRE-MOLDADOS LTDA.,4525C,700X12 PM VI600 138,Em Produção,18/05/2026,22/05/2026,
1643823,365330,GLASSER PISOS E PRE-MOLDADOS LTDA.,4924,700X12 PM VI600 138,Em Produção,18/05/2026,22/05/2026,
1643338,365336,POLIMIX CONCRETO LTDA AT,3723,1000R20 PM PBA64-S 215,Em Produção,15/05/2026,19/05/2026,
1643339,365336,POLIMIX CONCRETO LTDA AT,1622,1000R20 PM PBA64-S 215,Em Produção,15/05/2026,19/05/2026,
1643340,365336,POLIMIX CONCRETO LTDA AT,0125,1000R20 PM PBA64-S 215,Em Produção,15/05/2026,19/05/2026,
1643341,365336,POLIMIX CONCRETO LTDA AT,0125,1000R20 PM PBA64-S 215,Em Produção,15/05/2026,19/05/2026,
1643342,365336,POLIMIX CONCRETO LTDA AT,1524,1000R20 PM PBA64-S 215,Em Produção,15/05/2026,19/05/2026,
1643343,365336,POLIMIX CONCRETO LTDA AT,1523,1000R20 PM PBA64-S 215,Em Produção,15/05/2026,19/05/2026,
1643491,365341,BRASPRESS TRANSPORTES URGENTES LTDA,052282,"295/80R22,5 PM VL110LA 242",Em Produção,15/05/2026,19/05/2026,
1643492,365341,BRASPRESS TRANSPORTES URGENTES LTDA,047068,"295/80R22,5 PM VL110LA 226",Em Produção,15/05/2026,19/05/2026,
1643493,365341,BRASPRESS TRANSPORTES URGENTES LTDA,053626,"295/80R22,5 PM VL110LA 226",Em Produção,15/05/2026,19/05/2026,
1643494,365341,BRASPRESS TRANSPORTES URGENTES LTDA,058533,"295/80R22,5 PM VL110LA 234",Em Produção,15/05/2026,19/05/2026,
1643495,365341,BRASPRESS TRANSPORTES URGENTES LTDA,049264,"295/80R22,5 PM VL110LA 226",Em Produção,15/05/2026,19/05/2026,
1643496,365341,BRASPRESS TRANSPORTES URGENTES LTDA,042395,"295/80R22,5 PM VL110LA 234",Em Produção,15/05/2026,19/05/2026,
1643497,365341,BRASPRESS TRANSPORTES URGENTES LTDA,051165,"295/80R22,5 PM VL110LA 234",Em Produção,15/05/2026,19/05/2026,
1643279,365344,SID,1122,"295/80R22,5 PM VL110LA 234",Em Produção,15/05/2026,19/05/2026,
1643280,365344,SID,1224,"295/80R22,5 PM VL110LA 234",Em Produção,15/05/2026,19/05/2026,
1643281,365344,SID,1224,"295/80R22,5 PM VL110LA 250",Em Produção,15/05/2026,19/05/2026,
1643282,365344,SID,1624,"295/80R22,5 PM VL110LA 250",Em Produção,15/05/2026,19/05/2026,
1643283,365344,SID,4823,"295/80R22,5 PM VL110LA 234",Em Produção,15/05/2026,19/05/2026,
1643284,365344,SID,3224,"295/80R22,5 PM VL110LA 234",Em Produção,15/05/2026,19/05/2026,
1643285,365344,SID,3524,"295/80R22,5 PM VL110LA 234",Em Produção,15/05/2026,19/05/2026,
1643286,365344,SID,1224,"295/80R22,5 PM VL110LA 250",Em Produção,15/05/2026,19/05/2026,
1643287,365344,SID,0624,"295/80R22,5 PM VL110LA 234",Em Produção,15/05/2026,19/05/2026,
1643288,365344,SID,1324,"295/80R22,5 PM VL110LA 234",Em Produção,15/05/2026,19/05/2026,
1644220,365372,BRASPRESS TRANSPORTES URGENTES LTDA,057178,"295/80R22,5 REPARO VULC",Em Produção,18/05/2026,20/05/2026,
1644221,365373,BRASPRESS TRANSPORTES URGENTES LTDA,053572,"295/80R22,5 PM VL110LA 226",Em Produção,18/05/2026,20/05/2026,
1644222,365373,BRASPRESS TRANSPORTES URGENTES LTDA,054948,"295/80R22,5 PM VL110LA 226",Em Produção,18/05/2026,20/05/2026,
1644223,365373,BRASPRESS TRANSPORTES URGENTES LTDA,054946,"295/80R22,5 PM VL110LA 226",Em Produção,18/05/2026,20/05/2026,
1644224,365373,BRASPRESS TRANSPORTES URGENTES LTDA,054947,"295/80R22,5 PM VL110LA 226",Em Produção,18/05/2026,20/05/2026,
1644225,365373,BRASPRESS TRANSPORTES URGENTES LTDA,047388,"295/80R22,5 PM VL110LA 250",Em Produção,18/05/2026,20/05/2026,
1644226,365373,BRASPRESS TRANSPORTES URGENTES LTDA,049789,"295/80R22,5 PM VL110LA 226",Em Produção,18/05/2026,20/05/2026,
1644227,365373,BRASPRESS TRANSPORTES URGENTES LTDA,040033,"295/80R22,5 PM VL110LA 250",Em Produção,18/05/2026,20/05/2026,
1644228,365373,BRASPRESS TRANSPORTES URGENTES LTDA,052278,"295/80R22,5 PM VL110LA 242",Em Produção,18/05/2026,20/05/2026,
1644229,365373,BRASPRESS TRANSPORTES URGENTES LTDA,050552,"295/80R22,5 PM VL110LA 226",Em Produção,18/05/2026,20/05/2026,
1644013,365422,KALLANGO PNEUS LTDA,0424,"295/80R22,5 PM VL110LA 242",Em Produção,18/05/2026,20/05/2026,
1644014,365422,KALLANGO PNEUS LTDA,0424a,"295/80R22,5 PM VL110LA 242",Em Produção,18/05/2026,20/05/2026,
1644016,365424,EXPRESSO MIRASSOL LTDA,26701,"275/70R22,5 PM VL110LA 242",Em Produção,18/05/2026,21/05/2026,
1644017,365424,EXPRESSO MIRASSOL LTDA,30353,"275/80R22,5 PM VL110LA 242",Em Produção,18/05/2026,21/05/2026,
1643933,365430,R R PASTRO TRANSPORTES DE CARGA LTDA,43318,25X11X12 PM VJ900 190,Em Produção,18/05/2026,25/05/2026,
1643934,365430,R R PASTRO TRANSPORTES DE CARGA LTDA,42518,25X11X12 PM VJ900 190,Em Produção,18/05/2026,25/05/2026,
1644034,365451,SUPERGASBRAS ENERGIA LTDA,110098,"215/75R17,5 PM VM530L 190",Em Produção,18/05/2026,20/05/2026,
1644035,365451,SUPERGASBRAS ENERGIA LTDA,3024,"215/75R17,5 PM VM530L 180",Em Produção,18/05/2026,20/05/2026,
1644040,365452,CARBOLOG  LTDA,4755,"295/80R22,5 PM VL110LA 226",Em Produção,18/05/2026,20/05/2026,
1644037,365452,CARBOLOG  LTDA,4926,"295/80R22,5 PM VL110LA 242",Em Produção,18/05/2026,20/05/2026,
1644038,365452,CARBOLOG  LTDA,4925,"295/80R22,5 PM VL110LA 242",Em Produção,18/05/2026,20/05/2026,
1644039,365452,CARBOLOG  LTDA,4923,"295/80R22,5 PM VL110LA 242",Em Produção,18/05/2026,20/05/2026,
1645132,365489,ETC EMPREENDIMENTOS E TECN EM CONSTRUCOES LTDA,10706,"295/80R22,5 PM DV-MTB 250",Recusado no Exame Inicial,20/05/2026,21/05/2026,
1645133,365489,ETC EMPREENDIMENTOS E TECN EM CONSTRUCOES LTDA,10599,"295/80R22,5 PM DV-MTB 242",Em Produção,20/05/2026,21/05/2026,
1644541,365490,ALTO TIETE TRANSPORTES LTDA,824,"275/80R22,5 REPARO VULC",Em Produção,19/05/2026,20/05/2026,
1644041,365495,CARBOLOG  LTDA,4926,"295/80R22,5 PM VL110LA 226",Em Produção,18/05/2026,20/05/2026,
1644042,365495,CARBOLOG  LTDA,4925,"295/80R22,5 PM VL110LA 226",Em Produção,18/05/2026,20/05/2026,
1644043,365495,CARBOLOG  LTDA,4923,"295/80R22,5 PM VL110LA 226",Em Produção,18/05/2026,20/05/2026,
1644044,365495,CARBOLOG  LTDA,4755,"295/80R22,5 PM VL110LA 242",Em Produção,18/05/2026,20/05/2026,
1644139,365496,SCHUNCK TERRAPLENAGEM E TRANSPORTES - EIRELI,14219,"295/80R22,5 PM VL110LA 234",Recusado no Exame Final,18/05/2026,20/05/2026,
1644141,365496,SCHUNCK TERRAPLENAGEM E TRANSPORTES - EIRELI,16387,"295/80R22,5 PM DV-MTB 242",Em Produção,18/05/2026,20/05/2026,
1644142,365496,SCHUNCK TERRAPLENAGEM E TRANSPORTES - EIRELI,16386,"295/80R22,5 PM DV-MTB 242",Em Produção,18/05/2026,20/05/2026,
1644143,365496,SCHUNCK TERRAPLENAGEM E TRANSPORTES - EIRELI,14952,"295/80R22,5 PM DVRM 226",Em Produção,18/05/2026,20/05/2026,
1644144,365496,SCHUNCK TERRAPLENAGEM E TRANSPORTES - EIRELI,15789,"295/80R22,5 PM DVRM 234",Em Produção,18/05/2026,20/05/2026,
1644145,365496,SCHUNCK TERRAPLENAGEM E TRANSPORTES - EIRELI,15195,"295/80R22,5 PM DVRM 234",Em Produção,18/05/2026,20/05/2026,
1644146,365496,SCHUNCK TERRAPLENAGEM E TRANSPORTES - EIRELI,16469,"275/80R22,5 PM DV-MTB 234",Em Produção,18/05/2026,20/05/2026,
1644147,365496,SCHUNCK TERRAPLENAGEM E TRANSPORTES - EIRELI,16468,"275/80R22,5 PM DV-MTB 234",Em Produção,18/05/2026,20/05/2026,
1644148,365496,SCHUNCK TERRAPLENAGEM E TRANSPORTES - EIRELI,14590,1100R22 PM DV-MTB 234,Em Produção,18/05/2026,20/05/2026,
1644140,365496,SCHUNCK TERRAPLENAGEM E TRANSPORTES - EIRELI,16389,"295/80R22,5 PM VL110LA 242",Recusado no Exame Inicial,18/05/2026,20/05/2026,
1645067,365508,PNEUCARGO TECNOLOGIA EM PNEUS LTDA,10454,"17,5X25 RT RECAUCHUT SGG",Em Produção,20/05/2026,18/06/2026,
1645068,365508,PNEUCARGO TECNOLOGIA EM PNEUS LTDA,10455,"17,5X25 RT RECAUCHUT SGG",Em Produção,20/05/2026,18/06/2026,
1645069,365508,PNEUCARGO TECNOLOGIA EM PNEUS LTDA,10441,"17,5X25 RT RECAUCHUT SGG",Em Produção,20/05/2026,18/06/2026,
1645070,365508,PNEUCARGO TECNOLOGIA EM PNEUS LTDA,21304,"17,5X25 RT RECAUCHUT SGG",Em Produção,20/05/2026,18/06/2026,
1645071,365508,PNEUCARGO TECNOLOGIA EM PNEUS LTDA,21304,"17,5X25 RT RECAUCHUT SGG",Em Produção,20/05/2026,18/06/2026,
1645072,365508,PNEUCARGO TECNOLOGIA EM PNEUS LTDA,21310,"17,5X25 RT RECAUCHUT SGG",Em Produção,20/05/2026,18/06/2026,
1645073,365508,PNEUCARGO TECNOLOGIA EM PNEUS LTDA,0524,"19,5X24 RT RECAUCHUT SGG",Em Produção,20/05/2026,18/06/2026,
1645074,365508,PNEUCARGO TECNOLOGIA EM PNEUS LTDA,1024,"19,5X24 RT RECAUCHUT SGG",Em Produção,20/05/2026,18/06/2026,
1645075,365508,PNEUCARGO TECNOLOGIA EM PNEUS LTDA,1024,12.5/80X18 RECAUCHUT SGG,Em Produção,20/05/2026,18/06/2026,
1644250,365511,BRASPRESS TRANSPORTES URGENTES LTDA,042130,"295/80R22,5 PM VL110LA 242",Em Produção,18/05/2026,20/05/2026,
1644251,365511,BRASPRESS TRANSPORTES URGENTES LTDA,047026,"295/80R22,5 PM VL110LA 226",Em Produção,18/05/2026,20/05/2026,
1644252,365511,BRASPRESS TRANSPORTES URGENTES LTDA,048804,"295/80R22,5 PM VL110LA 226",Em Produção,18/05/2026,20/05/2026,
1644253,365511,BRASPRESS TRANSPORTES URGENTES LTDA,052921,"295/80R22,5 PM VL110LA 226",Em Produção,18/05/2026,20/05/2026,
1644254,365511,BRASPRESS TRANSPORTES URGENTES LTDA,048683,"295/80R22,5 PM VL110LA 226",Em Produção,18/05/2026,20/05/2026,
1644255,365511,BRASPRESS TRANSPORTES URGENTES LTDA,044140,"295/80R22,5 PM VL110LA 242",Em Produção,18/05/2026,20/05/2026,
1644256,365511,BRASPRESS TRANSPORTES URGENTES LTDA,054195,"295/80R22,5 PM VL110LA 226",Em Produção,18/05/2026,20/05/2026,
1644257,365511,BRASPRESS TRANSPORTES URGENTES LTDA,040061,"295/80R22,5 PM VL110LA 250",Em Produção,18/05/2026,20/05/2026,
1644258,365511,BRASPRESS TRANSPORTES URGENTES LTDA,052231,"295/80R22,5 PM VL110LA 242",Em Produção,18/05/2026,20/05/2026,
1644259,365511,BRASPRESS TRANSPORTES URGENTES LTDA,037741,"295/80R22,5 PM VL110LA 250",Em Produção,18/05/2026,20/05/2026,
1644260,365511,BRASPRESS TRANSPORTES URGENTES LTDA,054958,"295/80R22,5 PM VL110LA 226",Em Produção,18/05/2026,20/05/2026,
1644262,365511,BRASPRESS TRANSPORTES URGENTES LTDA,036501,"295/80R22,5 PM VL110LA 234",Em Produção,18/05/2026,20/05/2026,
1644263,365511,BRASPRESS TRANSPORTES URGENTES LTDA,046625,"295/80R22,5 PM VL110LA 226",Em Produção,18/05/2026,20/05/2026,
1644264,365511,BRASPRESS TRANSPORTES URGENTES LTDA,042402,"295/80R22,5 PM VL110LA 234 *5G*",Em Produção,18/05/2026,20/05/2026,
1644265,365511,BRASPRESS TRANSPORTES URGENTES LTDA,044061,"295/80R22,5 PM VL110LA 234",Em Produção,18/05/2026,20/05/2026,
1644261,365511,BRASPRESS TRANSPORTES URGENTES LTDA,046038,"295/80R22,5 PM VL110LA 242",Em Produção,18/05/2026,20/05/2026,
1644249,365511,BRASPRESS TRANSPORTES URGENTES LTDA,039479,"295/80R22,5 PM VL110LA 234",Em Produção,18/05/2026,20/05/2026,
1644266,365511,BRASPRESS TRANSPORTES URGENTES LTDA,039125,"295/80R22,5 PM VL110LA 242",Recusado no Exame Final,18/05/2026,20/05/2026,
1644267,365512,BRASPRESS TRANSPORTES URGENTES LTDA,053440,"215/75R17,5 PM VZE-1 190",Em Produção,18/05/2026,20/05/2026,
1644268,365512,BRASPRESS TRANSPORTES URGENTES LTDA,042965,"215/75R17,5 PM VZE-1 190",Em Produção,18/05/2026,20/05/2026,
1644269,365512,BRASPRESS TRANSPORTES URGENTES LTDA,045185,"215/75R17,5 PM VZE-1 190",Em Produção,18/05/2026,20/05/2026,
1644270,365512,BRASPRESS TRANSPORTES URGENTES LTDA,044897,"215/75R17,5 PM VZE-1 190",Em Produção,18/05/2026,20/05/2026,
1644271,365512,BRASPRESS TRANSPORTES URGENTES LTDA,053439,"215/75R17,5 PM VZE-1 190",Em Produção,18/05/2026,20/05/2026,
1644272,365512,BRASPRESS TRANSPORTES URGENTES LTDA,055465,"215/75R17,5 PM VZE-1 190",Em Produção,18/05/2026,20/05/2026,
1644218,365515,SID,3419,"275/80R22,5 PM VL110LA 226",Em Produção,18/05/2026,20/05/2026,
1644219,365515,SID,3219,"275/80R22,5 PM VL110LA 226",Em Produção,18/05/2026,20/05/2026,
1645083,365516,VALEBETON CONCRETO EIRELI EPP,2023,"275/80R22,5 PM VRT1 234",Recusado no Exame Final,20/05/2026,20/05/2026,
1645081,365516,VALEBETON CONCRETO EIRELI EPP,3622,"275/80R22,5 PM VRT1 234",Em Produção,20/05/2026,20/05/2026,
1645082,365516,VALEBETON CONCRETO EIRELI EPP,3821,"275/80R22,5 PM VRT1 234",Em Produção,20/05/2026,20/05/2026,
1644273,365518,SID,3524,"275/80R22,5 PM DVUM3 B 234",Em Produção,18/05/2026,21/05/2026,
1644274,365518,SID,4222,"275/80R22,5 PM DVUM3 B 234",Em Produção,18/05/2026,21/05/2026,
1644275,365518,SID,4823,"275/80R22,5 PM DVUM3 B 242",Em Produção,18/05/2026,21/05/2026,
1644276,365518,SID,4121,"275/80R22,5 PM DVUM3 B 226",Em Produção,18/05/2026,21/05/2026,
1644277,365518,SID,4522,"275/80R22,5 PM DVUM3 B 234",Em Produção,18/05/2026,21/05/2026,
1644278,365518,SID,3522,"275/80R22,5 PM DVUM3 B 234",Em Produção,18/05/2026,21/05/2026,
1644279,365518,SID,4322,"275/80R22,5 PM DVUM3 B 234",Em Produção,18/05/2026,21/05/2026,
1644280,365518,SID,5223,"275/80R22,5 PM DVUM3 B 234",Em Produção,18/05/2026,21/05/2026,
1644281,365518,SID,4322,"275/80R22,5 PM DVUM3 B 226",Em Produção,18/05/2026,21/05/2026,
1644282,365518,SID,0923,"275/80R22,5 PM DVUM3 B 226",Em Produção,18/05/2026,21/05/2026,
1644283,365518,SID,1523,"275/80R22,5 PM DVUM3 B 234",Em Produção,18/05/2026,21/05/2026,
1644284,365518,SID,1423,"275/80R22,5 PM DVUM3 B 226",Em Produção,18/05/2026,21/05/2026,
1644285,365518,SID,4923,"275/80R22,5 PM DVUM3 B 226",Em Produção,18/05/2026,21/05/2026,
1644286,365518,SID,1323,"275/80R22,5 PM DVUM3 B 234",Em Produção,18/05/2026,21/05/2026,
1644287,365518,SID,3522,"275/80R22,5 PM DVUM3 B 234",Em Produção,18/05/2026,21/05/2026,
1644288,365518,SID,0323,"275/80R22,5 PM DVUM3 B 226",Em Produção,18/05/2026,21/05/2026,
1644289,365518,SID,5223,"275/80R22,5 PM DVUM3 B 234",Em Produção,18/05/2026,21/05/2026,
1644290,365518,SID,4422,"275/80R22,5 PM DVUM3 B 234",Em Produção,18/05/2026,21/05/2026,
1644291,365518,SID,1223,"275/80R22,5 PM DVUM3 B 234",Em Produção,18/05/2026,21/05/2026,
1644292,365518,SID,4222,"275/80R22,5 PM DVUM3 B 226",Em Produção,18/05/2026,21/05/2026,
1644293,365518,SID,3922,"275/80R22,5 PM DVUM3 B 242",Em Produção,18/05/2026,21/05/2026,
1644294,365518,SID,4422,"275/80R22,5 PM DVUM3 B 234",Em Produção,18/05/2026,21/05/2026,
1644757,365545,EXPRESSO MIRASSOL LTDA CUBATÃO,29390,"275/80R22,5 PM VL110LA 250",Em Produção,19/05/2026,25/05/2026,
1644758,365545,EXPRESSO MIRASSOL LTDA CUBATÃO,31641,"275/80R22,5 PM VL110LA 250",Em Produção,19/05/2026,25/05/2026,
1644759,365545,EXPRESSO MIRASSOL LTDA CUBATÃO,30741,"385/65R22,5 PM VL110LA 300",Em Produção,19/05/2026,25/05/2026,
1644760,365545,EXPRESSO MIRASSOL LTDA CUBATÃO,26590,"275/70R22,5 PM VL110LA 250",Em Produção,19/05/2026,25/05/2026,
1644761,365545,EXPRESSO MIRASSOL LTDA CUBATÃO,26068,"275/70R22,5 PM VL110LA 250",Em Produção,19/05/2026,25/05/2026,
1644614,365554,SUPER LAMINAÇÃO DE FERRO E AÇO IND E COM LTDA,2324,"275/80R22,5 PM VL110LA 226",Em Produção,19/05/2026,21/05/2026,
1644618,365554,SUPER LAMINAÇÃO DE FERRO E AÇO IND E COM LTDA,2121,"275/80R22,5 PM VL110LA 226",Recusado no Exame Final,19/05/2026,21/05/2026,
1644619,365554,SUPER LAMINAÇÃO DE FERRO E AÇO IND E COM LTDA,0722,"275/80R22,5 PM VL110LA 226",Em Produção,19/05/2026,21/05/2026,
1644620,365554,SUPER LAMINAÇÃO DE FERRO E AÇO IND E COM LTDA,4722,"275/80R22,5 PM VL110L 218",Recusado no Exame Final,19/05/2026,21/05/2026,
1644621,365554,SUPER LAMINAÇÃO DE FERRO E AÇO IND E COM LTDA,5222,"275/80R22,5 PM VL110LA 226",Em Produção,19/05/2026,21/05/2026,
1644622,365554,SUPER LAMINAÇÃO DE FERRO E AÇO IND E COM LTDA,0924,"275/80R22,5 PM VL110LA 226",Em Produção,19/05/2026,21/05/2026,
1644623,365554,SUPER LAMINAÇÃO DE FERRO E AÇO IND E COM LTDA,0322,"275/80R22,5 PM VL110LA 226",Em Produção,19/05/2026,21/05/2026,
1644624,365554,SUPER LAMINAÇÃO DE FERRO E AÇO IND E COM LTDA,2324,"275/80R22,5 PM VL110LA 226",Em Produção,19/05/2026,21/05/2026,
1644626,365554,SUPER LAMINAÇÃO DE FERRO E AÇO IND E COM LTDA,1922,"275/80R22,5 PM VL110LA 226",Em Produção,19/05/2026,21/05/2026,
1644627,365554,SUPER LAMINAÇÃO DE FERRO E AÇO IND E COM LTDA,1219,"275/80R22,5 PM VL110LA 234",Recusado no Exame Inicial,19/05/2026,21/05/2026,
1644628,365554,SUPER LAMINAÇÃO DE FERRO E AÇO IND E COM LTDA,5123,"275/80R22,5 PM VL110LA 234",Em Produção,19/05/2026,21/05/2026,
1644629,365554,SUPER LAMINAÇÃO DE FERRO E AÇO IND E COM LTDA,4720,"275/80R22,5 PM VL110LA 226",Em Produção,19/05/2026,21/05/2026,
1644630,365554,SUPER LAMINAÇÃO DE FERRO E AÇO IND E COM LTDA,1024,"275/80R22,5 PM VL110LA 250",Em Produção,19/05/2026,21/05/2026,
1644613,365554,SUPER LAMINAÇÃO DE FERRO E AÇO IND E COM LTDA,0722,"275/80R22,5 PM VL110LA 218",Em Produção,19/05/2026,21/05/2026,
1644615,365554,SUPER LAMINAÇÃO DE FERRO E AÇO IND E COM LTDA,1121,"275/80R22,5 PM VL110LA 218",Em Produção,19/05/2026,21/05/2026,
1644616,365554,SUPER LAMINAÇÃO DE FERRO E AÇO IND E COM LTDA,1121,"275/80R22,5 PM VL110LA 218",Em Produção,19/05/2026,21/05/2026,
1644617,365554,SUPER LAMINAÇÃO DE FERRO E AÇO IND E COM LTDA,3322,"275/80R22,5 PM VL110LA 226",Em Produção,19/05/2026,21/05/2026,
1644625,365554,SUPER LAMINAÇÃO DE FERRO E AÇO IND E COM LTDA,5123,"275/80R22,5 PM VL110LA 234",Em Produção,19/05/2026,21/05/2026,
1644631,365554,SUPER LAMINAÇÃO DE FERRO E AÇO IND E COM LTDA,0724,"295/80R22,5 PM VL110LA 234",Em Produção,19/05/2026,21/05/2026,
1644632,365554,SUPER LAMINAÇÃO DE FERRO E AÇO IND E COM LTDA,4321,"295/80R22,5 PM VL110LA 218",Recusado no Exame Final,19/05/2026,21/05/2026,
1644633,365554,SUPER LAMINAÇÃO DE FERRO E AÇO IND E COM LTDA,1823,"295/80R22,5 PM VL110LA 226",Em Produção,19/05/2026,21/05/2026,
1644634,365554,SUPER LAMINAÇÃO DE FERRO E AÇO IND E COM LTDA,1823,"295/80R22,5 PM VL110LA 226",Em Produção,19/05/2026,21/05/2026,
1644635,365555,SUPER LAMINAÇÃO DE FERRO E AÇO IND E COM LTDA,1224,"295/80R22,5 REPARO VULC",Em Produção,19/05/2026,21/05/2026,
1644637,365555,SUPER LAMINAÇÃO DE FERRO E AÇO IND E COM LTDA,2824,"295/80R22,5 REPARO VULC",Em Produção,19/05/2026,21/05/2026,
1644636,365555,SUPER LAMINAÇÃO DE FERRO E AÇO IND E COM LTDA,2522,"295/80R22,5 REPARO VULC",Em Produção,19/05/2026,21/05/2026,
1644822,365557,PROTEGE S/A PROTEÇÃO E TRANSPORTE DE VALORES,2024,"235/75R17,5 PM DVRM 240",Recusado no Exame Inicial,19/05/2026,21/05/2026,
1644823,365557,PROTEGE S/A PROTEÇÃO E TRANSPORTE DE VALORES,3024,"235/75R17,5 PM DVRM 198",Em Produção,19/05/2026,21/05/2026,
1644824,365557,PROTEGE S/A PROTEÇÃO E TRANSPORTE DE VALORES,3024a,"235/75R17,5 PM DVRM 240",Recusado no Exame Inicial,19/05/2026,21/05/2026,
1644825,365557,PROTEGE S/A PROTEÇÃO E TRANSPORTE DE VALORES,4524,"235/75R17,5 PM DVRM 240",Recusado no Exame Inicial,19/05/2026,21/05/2026,
1644827,365557,PROTEGE S/A PROTEÇÃO E TRANSPORTE DE VALORES,0925,"235/75R17,5 PM DVRM 240",Em Produção,19/05/2026,21/05/2026,
1644821,365557,PROTEGE S/A PROTEÇÃO E TRANSPORTE DE VALORES,1524,"235/75R17,5 PM DVRM 198",Em Produção,19/05/2026,21/05/2026,
1644826,365557,PROTEGE S/A PROTEÇÃO E TRANSPORTE DE VALORES,0825,"235/75R17,5 PM DVRM 198",Em Produção,19/05/2026,21/05/2026,
1644698,365563,VIAÇÃO METROPOLE PAULISTA S/A - PINEDO,10136,"295/80R22,5 PM DVUM3 B 250",Em Produção,19/05/2026,21/05/2026,
1644687,365563,VIAÇÃO METROPOLE PAULISTA S/A - PINEDO,11515,"295/80R22,5 PM DVUM3 B 250",Em Produção,19/05/2026,21/05/2026,
1644689,365563,VIAÇÃO METROPOLE PAULISTA S/A - PINEDO,10868,"295/80R22,5 PM DVUM3 B 250",Em Produção,19/05/2026,21/05/2026,
1644690,365563,VIAÇÃO METROPOLE PAULISTA S/A - PINEDO,10886,"295/80R22,5 PM DVUM3 B 250",Em Produção,19/05/2026,21/05/2026,
1644691,365563,VIAÇÃO METROPOLE PAULISTA S/A - PINEDO,11329,"295/80R22,5 PM DVUM3 B 250",Em Produção,19/05/2026,21/05/2026,
1644692,365563,VIAÇÃO METROPOLE PAULISTA S/A - PINEDO,10938,"295/80R22,5 PM DVUM3 B 250",Em Produção,19/05/2026,21/05/2026,
1644693,365563,VIAÇÃO METROPOLE PAULISTA S/A - PINEDO,10562,"295/80R22,5 PM DVUM3 B 250",Em Produção,19/05/2026,21/05/2026,
1644694,365563,VIAÇÃO METROPOLE PAULISTA S/A - PINEDO,12067,"295/80R22,5 PM DVUM3 B 250",Em Produção,19/05/2026,21/05/2026,
1644695,365563,VIAÇÃO METROPOLE PAULISTA S/A - PINEDO,12363,"295/80R22,5 PM DVUM3 B 250",Em Produção,19/05/2026,21/05/2026,
1644696,365563,VIAÇÃO METROPOLE PAULISTA S/A - PINEDO,12364,"295/80R22,5 PM DVUM3 B 250",Em Produção,19/05/2026,21/05/2026,
1644697,365563,VIAÇÃO METROPOLE PAULISTA S/A - PINEDO,10887,"295/80R22,5 PM DVUM3 B 250",Em Produção,19/05/2026,21/05/2026,
1644686,365563,VIAÇÃO METROPOLE PAULISTA S/A - PINEDO,10759,"295/80R22,5 PM DVUM3 B 250",Em Produção,19/05/2026,21/05/2026,
1644688,365563,VIAÇÃO METROPOLE PAULISTA S/A - PINEDO,11790,"295/80R22,5 PM DVUM3 B 250",Em Produção,19/05/2026,21/05/2026,
1644831,365567,VIAÇÃO JACAREI LTDA,22611,"275/80R22,5 PM DVUM3 234",Em Produção,19/05/2026,21/05/2026,
1644832,365567,VIAÇÃO JACAREI LTDA,23099,"275/80R22,5 PM DVUM3 234",Em Produção,19/05/2026,21/05/2026,
1644833,365567,VIAÇÃO JACAREI LTDA,22680,"275/80R22,5 PM DVUM3 234",Em Produção,19/05/2026,21/05/2026,
1644834,365567,VIAÇÃO JACAREI LTDA,23126,"275/80R22,5 PM DVUM3 234",Em Produção,19/05/2026,21/05/2026,
1644838,365567,VIAÇÃO JACAREI LTDA,22355,"275/80R22,5 PM DVUM3 234",Em Produção,19/05/2026,21/05/2026,
1644835,365567,VIAÇÃO JACAREI LTDA,21993,"215/75R17,5 PM VZE-1 190",Em Produção,19/05/2026,21/05/2026,
1644836,365567,VIAÇÃO JACAREI LTDA,21700,"215/75R17,5 PM VZE-1 190",Em Produção,19/05/2026,21/05/2026,
1644639,365570,CINTIA MARIA MATIVI BORRACHARIA  ME,1700,900X20 RT RECAUCHUT. LISO G8,Em Produção,19/05/2026,21/05/2026,
1644640,365571,CONSORCIO ORIZON TERA,20PR,"17,5X25 RT RECAUCHUT SGG",Recusado no Exame Final,19/05/2026,25/05/2026,
1644642,365571,CONSORCIO ORIZON TERA,MRL,"17,5X25 RT RECAUCHUT SGG",Em Produção,19/05/2026,25/05/2026,
1644641,365571,CONSORCIO ORIZON TERA,mg2419,"17,5X25 RT RECAUCHUT SGG",Em Produção,19/05/2026,25/05/2026,
1644647,365573,LM TRANSPORTES INTERESTADUAIS SERVIÇOS E COMERCIO S A,202683,"275/80R22,5 PM VL110LA 218",Em Produção,19/05/2026,21/05/2026,
1644648,365573,LM TRANSPORTES INTERESTADUAIS SERVIÇOS E COMERCIO S A,2125,"275/80R22,5 PM VT120L 234",Em Produção,19/05/2026,21/05/2026,
1644649,365573,LM TRANSPORTES INTERESTADUAIS SERVIÇOS E COMERCIO S A,2125a,"275/80R22,5 PM VT120L 234",Em Produção,19/05/2026,21/05/2026,
1644650,365573,LM TRANSPORTES INTERESTADUAIS SERVIÇOS E COMERCIO S A,5223,"275/80R22,5 PM VL110LA 218",Em Produção,19/05/2026,21/05/2026,
1644651,365573,LM TRANSPORTES INTERESTADUAIS SERVIÇOS E COMERCIO S A,2125b,"275/80R22,5 PM VT120L 234",Em Produção,19/05/2026,21/05/2026,
1644653,365573,LM TRANSPORTES INTERESTADUAIS SERVIÇOS E COMERCIO S A,2822,"275/80R22,5 PM VL110LA 218",Em Produção,19/05/2026,21/05/2026,
1644654,365573,LM TRANSPORTES INTERESTADUAIS SERVIÇOS E COMERCIO S A,1324,"275/80R22,5 PM VT120L 234",Em Produção,19/05/2026,21/05/2026,
1644655,365573,LM TRANSPORTES INTERESTADUAIS SERVIÇOS E COMERCIO S A,2125c,"275/80R22,5 PM VT120L 234",Em Produção,19/05/2026,21/05/2026,
1644657,365573,LM TRANSPORTES INTERESTADUAIS SERVIÇOS E COMERCIO S A,0824,"275/80R22,5 PM VL110LA 218",Em Produção,19/05/2026,21/05/2026,
1644658,365573,LM TRANSPORTES INTERESTADUAIS SERVIÇOS E COMERCIO S A,0724,"275/80R22,5 PM VL110LA 218",Em Produção,19/05/2026,21/05/2026,
1644659,365573,LM TRANSPORTES INTERESTADUAIS SERVIÇOS E COMERCIO S A,2823,"275/80R22,5 PM VL110LA 218",Em Produção,19/05/2026,21/05/2026,
1644660,365573,LM TRANSPORTES INTERESTADUAIS SERVIÇOS E COMERCIO S A,1324a,"275/80R22,5 PM VT120L 234",Em Produção,19/05/2026,21/05/2026,
1644661,365573,LM TRANSPORTES INTERESTADUAIS SERVIÇOS E COMERCIO S A,1125,"275/80R22,5 PM VT120L 218",Em Produção,19/05/2026,21/05/2026,
1644652,365573,LM TRANSPORTES INTERESTADUAIS SERVIÇOS E COMERCIO S A,5223b,"275/80R22,5 PM VL110LA 242",Em Produção,19/05/2026,21/05/2026,
1644664,365575,SUPERGASBRAS ENERGIA LTDA,1624,"275/80R22,5 PM VL110LA 226",Em Produção,19/05/2026,21/05/2026,
1645519,365603,ALTO TIETE TRANSPORTES LTDA,2174,"275/80R22,5 PM DVUM3 B 234",Em Produção,21/05/2026,22/05/2026,
1645520,365603,ALTO TIETE TRANSPORTES LTDA,2183,"275/80R22,5 PM DVUM3 B 234",Em Produção,21/05/2026,22/05/2026,
1645521,365603,ALTO TIETE TRANSPORTES LTDA,2188,"275/80R22,5 PM DVUM3 B 234",Em Produção,21/05/2026,22/05/2026,
1645522,365603,ALTO TIETE TRANSPORTES LTDA,2252,"275/80R22,5 PM DVUM3 B 234",Em Produção,21/05/2026,22/05/2026,
1645523,365603,ALTO TIETE TRANSPORTES LTDA,1883,"275/80R22,5 PM DVUM3 B 242",Em Produção,21/05/2026,22/05/2026,
1645524,365603,ALTO TIETE TRANSPORTES LTDA,2201,"275/80R22,5 PM DVUM3 B 242",Em Produção,21/05/2026,22/05/2026,
1645525,365603,ALTO TIETE TRANSPORTES LTDA,279,"275/80R22,5 PM DVUM3 B 242",Em Produção,21/05/2026,22/05/2026,
1645528,365603,ALTO TIETE TRANSPORTES LTDA,255,"275/80R22,5 PM DVUM3 B 242",Em Produção,21/05/2026,22/05/2026,
1645530,365603,ALTO TIETE TRANSPORTES LTDA,2219,"275/80R22,5 PM DVUM3 B 242",Em Produção,21/05/2026,22/05/2026,
1645531,365603,ALTO TIETE TRANSPORTES LTDA,2163,"275/80R22,5 PM DVUM3 B 242",Em Produção,21/05/2026,22/05/2026,
1645536,365603,ALTO TIETE TRANSPORTES LTDA,1859,"275/80R22,5 PM DVUM3 B 242",Em Produção,21/05/2026,22/05/2026,
1645526,365603,ALTO TIETE TRANSPORTES LTDA,1867,"275/80R22,5 PM DVUM3 B 242",Em Produção,21/05/2026,22/05/2026,
1645527,365603,ALTO TIETE TRANSPORTES LTDA,1911,"275/80R22,5 PM DVUM3 B 242",Em Produção,21/05/2026,22/05/2026,
1645529,365603,ALTO TIETE TRANSPORTES LTDA,1960,"275/80R22,5 PM DVUM3 B 242",Em Produção,21/05/2026,22/05/2026,
1645532,365603,ALTO TIETE TRANSPORTES LTDA,2157,"275/80R22,5 PM DVUM3 B 242",Em Produção,21/05/2026,22/05/2026,
1645533,365603,ALTO TIETE TRANSPORTES LTDA,1860,"275/80R22,5 PM DVUM3 B 242",Em Produção,21/05/2026,22/05/2026,
1645534,365603,ALTO TIETE TRANSPORTES LTDA,1855,"275/80R22,5 PM DVUM3 B 242",Em Produção,21/05/2026,22/05/2026,
1645535,365603,ALTO TIETE TRANSPORTES LTDA,1910,"275/80R22,5 PM DVUM3 B 242",Em Produção,21/05/2026,22/05/2026,
1645537,365603,ALTO TIETE TRANSPORTES LTDA,1858,"275/80R22,5 PM DVUM3 B 242",Em Produção,21/05/2026,22/05/2026,
1645538,365603,ALTO TIETE TRANSPORTES LTDA,2193,"275/80R22,5 PM DVUM3 B 242",Em Produção,21/05/2026,22/05/2026,
1645539,365603,ALTO TIETE TRANSPORTES LTDA,2192,"275/80R22,5 PM DVUM3 B 242",Em Produção,21/05/2026,22/05/2026,
1645540,365603,ALTO TIETE TRANSPORTES LTDA,2166,"275/80R22,5 PM DVUM3 B 242",Em Produção,21/05/2026,22/05/2026,
1645541,365603,ALTO TIETE TRANSPORTES LTDA,1875,"275/80R22,5 PM DVUM3 B 242",Em Produção,21/05/2026,22/05/2026,
1645542,365604,ALTO TIETE TRANSPORTES LTDA,1923,"275/80R22,5 PM VM530L 234",Em Produção,21/05/2026,22/05/2026,
1645543,365604,ALTO TIETE TRANSPORTES LTDA,1941,"275/80R22,5 PM VM530L 234",Em Produção,21/05/2026,22/05/2026,
1645544,365604,ALTO TIETE TRANSPORTES LTDA,1971,"275/80R22,5 PM VM530L 234",Recusado no Exame Inicial,21/05/2026,22/05/2026,
1645545,365604,ALTO TIETE TRANSPORTES LTDA,1932,"275/80R22,5 PM VM530L 234",Em Produção,21/05/2026,22/05/2026,
1645546,365604,ALTO TIETE TRANSPORTES LTDA,157,"275/80R22,5 PM VM530L 234",Recusado no Exame Final,21/05/2026,22/05/2026,
1645547,365604,ALTO TIETE TRANSPORTES LTDA,1934,"275/80R22,5 PM VM530L 234",Em Produção,21/05/2026,22/05/2026,
1645548,365604,ALTO TIETE TRANSPORTES LTDA,164,"275/80R22,5 PM VM530L 234",Em Produção,21/05/2026,22/05/2026,
1645549,365604,ALTO TIETE TRANSPORTES LTDA,1407,"275/80R22,5 PM VM530L 234",Em Produção,21/05/2026,22/05/2026,
1645550,365604,ALTO TIETE TRANSPORTES LTDA,1410,"275/80R22,5 PM VM530L 234",Em Produção,21/05/2026,22/05/2026,
1645551,365604,ALTO TIETE TRANSPORTES LTDA,027,"275/80R22,5 PM VM530L 234",Em Produção,21/05/2026,22/05/2026,
1645552,365604,ALTO TIETE TRANSPORTES LTDA,1730,"275/80R22,5 PM VM530L 210",Em Produção,21/05/2026,22/05/2026,
1645553,365604,ALTO TIETE TRANSPORTES LTDA,1744,"275/80R22,5 PM VM530L 210",Em Produção,21/05/2026,22/05/2026,
1645554,365604,ALTO TIETE TRANSPORTES LTDA,116,"275/80R22,5 PM VM530L 210",Em Produção,21/05/2026,22/05/2026,
1645555,365604,ALTO TIETE TRANSPORTES LTDA,113,"275/80R22,5 PM VM530L 210",Em Produção,21/05/2026,22/05/2026,
1645556,365604,ALTO TIETE TRANSPORTES LTDA,120,"275/80R22,5 PM VM530L 210",Em Produção,21/05/2026,22/05/2026,
1645557,365604,ALTO TIETE TRANSPORTES LTDA,081,"275/80R22,5 PM VM530L 210",Em Produção,21/05/2026,22/05/2026,
1645558,365604,ALTO TIETE TRANSPORTES LTDA,101,"275/80R22,5 PM VM530L 210",Em Produção,21/05/2026,22/05/2026,
1645559,365604,ALTO TIETE TRANSPORTES LTDA,083,"275/80R22,5 PM VM530L 210",Em Produção,21/05/2026,22/05/2026,
1645560,365604,ALTO TIETE TRANSPORTES LTDA,2094,"275/80R22,5 PM VM530L 234",Em Produção,21/05/2026,22/05/2026,
1645561,365604,ALTO TIETE TRANSPORTES LTDA,190,"275/80R22,5 PM VM530L 234",Em Produção,21/05/2026,22/05/2026,
1645562,365604,ALTO TIETE TRANSPORTES LTDA,2109,"275/80R22,5 PM VM530L 234",Em Produção,21/05/2026,22/05/2026,
1645563,365604,ALTO TIETE TRANSPORTES LTDA,2104,"275/80R22,5 PM VM530L 234",Em Produção,21/05/2026,22/05/2026,
1645564,365604,ALTO TIETE TRANSPORTES LTDA,2044,"275/80R22,5 PM VM530L 234",Em Produção,21/05/2026,22/05/2026,
1645565,365604,ALTO TIETE TRANSPORTES LTDA,2092,"275/80R22,5 PM VM530L 234",Em Produção,21/05/2026,22/05/2026,
1645566,365604,ALTO TIETE TRANSPORTES LTDA,1845,"275/80R22,5 PM VM530L 242",Em Produção,21/05/2026,22/05/2026,
1645567,365604,ALTO TIETE TRANSPORTES LTDA,1692,"275/80R22,5 PM VM530L 242",Em Produção,21/05/2026,22/05/2026,
1645568,365604,ALTO TIETE TRANSPORTES LTDA,1631,"275/80R22,5 PM VM530L 242",Em Produção,21/05/2026,22/05/2026,
1645569,365604,ALTO TIETE TRANSPORTES LTDA,1590,"275/80R22,5 PM DVUM3 B 242",Em Produção,21/05/2026,22/05/2026,
1644839,365610,BRASPRESS TRANSPORTES URGENTES LTDA,053891,"295/80R22,5 REPARO VULC",Recusado no Exame Final,19/05/2026,21/05/2026,
1644840,365611,BRASPRESS TRANSPORTES URGENTES LTDA,053940,"295/80R22,5 PM VL110LA 226",Em Produção,19/05/2026,21/05/2026,
1644841,365611,BRASPRESS TRANSPORTES URGENTES LTDA,054761,"295/80R22,5 PM VL110LA 226",Em Produção,19/05/2026,21/05/2026,
1644842,365611,BRASPRESS TRANSPORTES URGENTES LTDA,045878,"295/80R22,5 PM VL110LA 250",Em Produção,19/05/2026,21/05/2026,
1644845,365611,BRASPRESS TRANSPORTES URGENTES LTDA,036414,"295/80R22,5 PM VL110LA 234",Em Produção,19/05/2026,21/05/2026,
1644843,365611,BRASPRESS TRANSPORTES URGENTES LTDA,053470,"295/80R22,5 PM VL110LA 250",Em Produção,19/05/2026,21/05/2026,
1644844,365611,BRASPRESS TRANSPORTES URGENTES LTDA,049282,"295/80R22,5 PM VL110LA 226",Recusado no Exame Final,19/05/2026,21/05/2026,
1645570,365614,ALTO TIETE TRANSPORTES LTDA,2180,"275/80R22,5 PM DVUM3 B 234",Em Produção,21/05/2026,22/05/2026,
1645571,365614,ALTO TIETE TRANSPORTES LTDA,2179,"275/80R22,5 PM DVUM3 B 234",Em Produção,21/05/2026,22/05/2026,
1645572,365614,ALTO TIETE TRANSPORTES LTDA,2186,"275/80R22,5 PM DVUM3 B 234",Em Produção,21/05/2026,22/05/2026,
1645573,365614,ALTO TIETE TRANSPORTES LTDA,2168,"275/80R22,5 PM DVUM3 B 242",Em Produção,21/05/2026,22/05/2026,
1645210,365624,SANTOS CONSTRUTORES ASSOCIADOS LTDA,240276,11L16 PM VM530L 250,Em Produção,20/05/2026,22/05/2026,
1645211,365625,SANTOS CONSTRUTORES ASSOCIADOS LTDA,250640,"235/75R17,5 PM DVRM 240",Em Produção,20/05/2026,22/05/2026,
1645212,365625,SANTOS CONSTRUTORES ASSOCIADOS LTDA,210148,"235/75R17,5 PM DVRM 240",Em Produção,20/05/2026,22/05/2026,
1645213,365625,SANTOS CONSTRUTORES ASSOCIADOS LTDA,4817,"215/75R17,5 PM DVRM 198",Em Produção,20/05/2026,22/05/2026,
1645214,365625,SANTOS CONSTRUTORES ASSOCIADOS LTDA,250696,"215/75R17,5 PM DVRM 198",Em Produção,20/05/2026,22/05/2026,
1645215,365625,SANTOS CONSTRUTORES ASSOCIADOS LTDA,250570,"215/75R17,5 PM DVRM 198",Em Produção,20/05/2026,22/05/2026,
1645216,365625,SANTOS CONSTRUTORES ASSOCIADOS LTDA,250695,"215/75R17,5 PM DVRM 198",Em Produção,20/05/2026,22/05/2026,
1645147,365631,BRASPRESS TRANSPORTES URGENTES LTDA,050416,"295/80R22,5 PM VL110LA 250",Em Produção,20/05/2026,22/05/2026,
1645148,365631,BRASPRESS TRANSPORTES URGENTES LTDA,047530,"295/80R22,5 PM VL110LA 226",Em Produção,20/05/2026,22/05/2026,
1645149,365631,BRASPRESS TRANSPORTES URGENTES LTDA,048331,"295/80R22,5 PM VL110LA 226",Em Produção,20/05/2026,22/05/2026,
1645150,365631,BRASPRESS TRANSPORTES URGENTES LTDA,051966,"295/80R22,5 PM VL110LA 250",Em Produção,20/05/2026,22/05/2026,
1645151,365631,BRASPRESS TRANSPORTES URGENTES LTDA,052367,"295/80R22,5 PM VL110LA 226",Em Produção,20/05/2026,22/05/2026,
1645152,365631,BRASPRESS TRANSPORTES URGENTES LTDA,049141,"295/80R22,5 PM VL110LA 226",Em Produção,20/05/2026,22/05/2026,
1645153,365631,BRASPRESS TRANSPORTES URGENTES LTDA,039135,"295/80R22,5 PM VL110LA 226",Em Produção,20/05/2026,22/05/2026,
1645154,365631,BRASPRESS TRANSPORTES URGENTES LTDA,046054,"295/80R22,5 PM VL110L 218",Em Produção,20/05/2026,22/05/2026,
1645155,365631,BRASPRESS TRANSPORTES URGENTES LTDA,046765,"295/80R22,5 PM VL110LA 234",Em Produção,20/05/2026,22/05/2026,
1645156,365631,BRASPRESS TRANSPORTES URGENTES LTDA,047084,"295/80R22,5 PM VL110LA 234",Em Produção,20/05/2026,22/05/2026,
1645096,365635,TRANSLUTE TRANSPORTES RODOVIARIOS LTDA,27029,"295/80R22,5 PM VL110LA 242",Recusado no Exame Final,20/05/2026,22/05/2026,
1645108,365645,N&LOG TRANSPORTES E LOGISTICA LTDA,11358,"275/80R22,5 PM VL110LA 226",Em Produção,20/05/2026,22/05/2026,
1645109,365645,N&LOG TRANSPORTES E LOGISTICA LTDA,11360,"275/80R22,5 PM VL110LA 226",Em Produção,20/05/2026,22/05/2026,
1645110,365645,N&LOG TRANSPORTES E LOGISTICA LTDA,11335,"275/80R22,5 PM VL110LA 226 *5G*",Em Produção,20/05/2026,22/05/2026,
1645111,365645,N&LOG TRANSPORTES E LOGISTICA LTDA,11362,"275/80R22,5 PM VL110LA 226",Em Produção,20/05/2026,22/05/2026,
1645112,365645,N&LOG TRANSPORTES E LOGISTICA LTDA,11365,"275/80R22,5 PM VL110LA 226 *5G*",Em Produção,20/05/2026,22/05/2026,
1645113,365645,N&LOG TRANSPORTES E LOGISTICA LTDA,8719,"275/80R22,5 PM VL110LA 218 *5G*",Em Produção,20/05/2026,22/05/2026,
1645114,365645,N&LOG TRANSPORTES E LOGISTICA LTDA,8679,"275/80R22,5 PM VL110LA 218",Em Produção,20/05/2026,22/05/2026,
1645115,365645,N&LOG TRANSPORTES E LOGISTICA LTDA,10346,"275/80R22,5 PM VL110LA 218",Em Produção,20/05/2026,22/05/2026,
1645116,365645,N&LOG TRANSPORTES E LOGISTICA LTDA,10217,"275/80R22,5 PM VL110LA 218",Em Produção,20/05/2026,22/05/2026,
1644979,365649,LOG 8 APOIO E SERVICOS LTDA,37908,"295/80R22,5 PM VT120L 250",Em Produção,20/05/2026,22/05/2026,
1644980,365649,LOG 8 APOIO E SERVICOS LTDA,37909,"295/80R22,5 PM VT120L 250",Em Produção,20/05/2026,22/05/2026,
1644981,365649,LOG 8 APOIO E SERVICOS LTDA,37910,"295/80R22,5 PM VT120L 250",Em Produção,20/05/2026,22/05/2026,
1644982,365649,LOG 8 APOIO E SERVICOS LTDA,27305,"295/80R22,5 PM VT120L 250",Em Produção,20/05/2026,22/05/2026,
1644983,365649,LOG 8 APOIO E SERVICOS LTDA,37905,"295/80R22,5 PM VT120L 250",Em Produção,20/05/2026,22/05/2026,
1644984,365649,LOG 8 APOIO E SERVICOS LTDA,37906,"295/80R22,5 PM VT120L 250",Em Produção,20/05/2026,22/05/2026,
1644985,365649,LOG 8 APOIO E SERVICOS LTDA,37904,"295/80R22,5 PM VT120L 250",Em Produção,20/05/2026,22/05/2026,
1644986,365649,LOG 8 APOIO E SERVICOS LTDA,37903,"295/80R22,5 PM VT120L 250",Em Produção,20/05/2026,22/05/2026,
1644987,365649,LOG 8 APOIO E SERVICOS LTDA,60058,"295/80R22,5 PM VT120L 250",Em Produção,20/05/2026,22/05/2026,
1644988,365649,LOG 8 APOIO E SERVICOS LTDA,71004,"295/80R22,5 PM VT120L 250",Em Produção,20/05/2026,22/05/2026,
1644989,365649,LOG 8 APOIO E SERVICOS LTDA,85008,"295/80R22,5 PM VT120L 250",Em Produção,20/05/2026,22/05/2026,
1644990,365649,LOG 8 APOIO E SERVICOS LTDA,33803,"295/80R22,5 PM VT120L 250",Em Produção,20/05/2026,22/05/2026,
1644991,365649,LOG 8 APOIO E SERVICOS LTDA,33805,"295/80R22,5 PM VT120L 250",Em Produção,20/05/2026,22/05/2026,
1644992,365649,LOG 8 APOIO E SERVICOS LTDA,33806,"295/80R22,5 PM VT120L 250",Em Produção,20/05/2026,22/05/2026,
1644993,365649,LOG 8 APOIO E SERVICOS LTDA,33804,"295/80R22,5 PM VT120L 250",Em Produção,20/05/2026,22/05/2026,
1645001,365649,LOG 8 APOIO E SERVICOS LTDA,14308,"295/80R22,5 PM VT120L 250",Em Produção,20/05/2026,22/05/2026,
1645002,365649,LOG 8 APOIO E SERVICOS LTDA,14305,"295/80R22,5 PM VT120L 250",Em Produção,20/05/2026,22/05/2026,
1645005,365649,LOG 8 APOIO E SERVICOS LTDA,12309,"295/80R22,5 PM VT120L 250",Em Produção,20/05/2026,22/05/2026,
1645006,365649,LOG 8 APOIO E SERVICOS LTDA,39007,"295/80R22,5 PM VT120L 250",Em Produção,20/05/2026,22/05/2026,
1645007,365649,LOG 8 APOIO E SERVICOS LTDA,14307,"295/80R22,5 PM VT120L 250",Em Produção,20/05/2026,22/05/2026,
1645010,365649,LOG 8 APOIO E SERVICOS LTDA,14306,"295/80R22,5 PM VT120L 250",Em Produção,20/05/2026,22/05/2026,
1645011,365649,LOG 8 APOIO E SERVICOS LTDA,39003,"295/80R22,5 PM VT120L 250",Em Produção,20/05/2026,22/05/2026,
1645012,365649,LOG 8 APOIO E SERVICOS LTDA,39006,"295/80R22,5 PM VT120L 250",Em Produção,20/05/2026,22/05/2026,
1645016,365649,LOG 8 APOIO E SERVICOS LTDA,25504,"295/80R22,5 PM VT120L 250",Em Produção,20/05/2026,22/05/2026,
1645017,365649,LOG 8 APOIO E SERVICOS LTDA,39008,"295/80R22,5 PM VT120L 250",Em Produção,20/05/2026,22/05/2026,
1645018,365649,LOG 8 APOIO E SERVICOS LTDA,37008,"295/80R22,5 PM VT120L 250",Em Produção,20/05/2026,22/05/2026,
1644972,365649,LOG 8 APOIO E SERVICOS LTDA,22736,"295/80R22,5 PM VT120L 250",Em Produção,20/05/2026,22/05/2026,
1644973,365649,LOG 8 APOIO E SERVICOS LTDA,30608,"295/80R22,5 PM VT120L 250",Em Produção,20/05/2026,22/05/2026,
1644974,365649,LOG 8 APOIO E SERVICOS LTDA,30609,"295/80R22,5 PM VT120L 250",Em Produção,20/05/2026,22/05/2026,
1644975,365649,LOG 8 APOIO E SERVICOS LTDA,30610,"295/80R22,5 PM VT120L 250",Em Produção,20/05/2026,22/05/2026,
1644976,365649,LOG 8 APOIO E SERVICOS LTDA,30607,"295/80R22,5 PM VT120L 250",Em Produção,20/05/2026,22/05/2026,
1644977,365649,LOG 8 APOIO E SERVICOS LTDA,15031,"295/80R22,5 PM VT120L 250",Em Produção,20/05/2026,22/05/2026,
1644978,365649,LOG 8 APOIO E SERVICOS LTDA,37907,"295/80R22,5 PM VT120L 250",Em Produção,20/05/2026,22/05/2026,
1645647,365659,CORPOTEC CONSTRUTORA E EMPREENDIMENTOS IMOBILIARIOS LTDA,381,"12X16,5 PM DV-MTB 242",Em Produção,21/05/2026,26/05/2026,
1645648,365659,CORPOTEC CONSTRUTORA E EMPREENDIMENTOS IMOBILIARIOS LTDA,029,"12X16,5 PM DV-MTB 242",Em Produção,21/05/2026,26/05/2026,
1645135,365665,POLIMIX CONCRETO LTDA,3321,"275/80R22,5 PM VM530L 226",Em Produção,20/05/2026,26/05/2026,
1645136,365665,POLIMIX CONCRETO LTDA,0421,"275/80R22,5 PM VM530L 226",Em Produção,20/05/2026,26/05/2026,
1645137,365665,POLIMIX CONCRETO LTDA,0421,"275/80R22,5 PM VM530L 226",Em Produção,20/05/2026,26/05/2026,
1645138,365665,POLIMIX CONCRETO LTDA,0721,"275/80R22,5 PM VM530L 242",Recusado no Exame Inicial,20/05/2026,26/05/2026,
1645140,365665,POLIMIX CONCRETO LTDA,1521,"275/80R22,5 PM VM530L 226",Em Produção,20/05/2026,26/05/2026,
1645142,365665,POLIMIX CONCRETO LTDA,3321,"275/80R22,5 PM VM530L 226",Em Produção,20/05/2026,26/05/2026,
1645143,365665,POLIMIX CONCRETO LTDA,3223,"275/80R22,5 PM VM530L 234",Em Produção,20/05/2026,26/05/2026,
1645144,365665,POLIMIX CONCRETO LTDA,2323,"275/80R22,5 PM VM530L 234",Em Produção,20/05/2026,26/05/2026,
1645139,365665,POLIMIX CONCRETO LTDA,3023,"275/80R22,5 PM VM530L 242",Em Produção,20/05/2026,26/05/2026,
1645141,365665,POLIMIX CONCRETO LTDA,0721b,"275/80R22,5 PM VM530L 242",Em Produção,20/05/2026,26/05/2026,
1645124,365668,BETONLOC LOCACAO E SERVICOS LTDA,4723,"275/80R22,5 PM PBA64-S 235",Em Produção,20/05/2026,22/05/2026,
1645125,365668,BETONLOC LOCACAO E SERVICOS LTDA,3922,"275/80R22,5 PM PBA64-S 235",Em Produção,20/05/2026,22/05/2026,
1645126,365668,BETONLOC LOCACAO E SERVICOS LTDA,4423,"275/80R22,5 PM PBA64-S 235",Em Produção,20/05/2026,22/05/2026,
1645128,365668,BETONLOC LOCACAO E SERVICOS LTDA,0124,"275/80R22,5 PM PBA64-S 235",Em Produção,20/05/2026,22/05/2026,
1645127,365668,BETONLOC LOCACAO E SERVICOS LTDA,4723,"275/80R22,5 PM PBA64-S 235",Em Produção,20/05/2026,22/05/2026,
1645624,365674,TIPBUS TRANSPORTES INTERMUNICIPAL EIRELI,6859,"275/80R22,5 PM DVUM3 B 234",Em Produção,21/05/2026,22/05/2026,
1645625,365674,TIPBUS TRANSPORTES INTERMUNICIPAL EIRELI,6877,"275/80R22,5 PM DVUM3 B 234",Em Produção,21/05/2026,22/05/2026,
1645626,365674,TIPBUS TRANSPORTES INTERMUNICIPAL EIRELI,6803,"275/80R22,5 PM DVUM3 B 234",Recusado no Exame Final,21/05/2026,22/05/2026,
1645627,365674,TIPBUS TRANSPORTES INTERMUNICIPAL EIRELI,6791,"275/80R22,5 PM DVUM3 B 234",Em Produção,21/05/2026,22/05/2026,
1645628,365674,TIPBUS TRANSPORTES INTERMUNICIPAL EIRELI,6770,"275/80R22,5 PM DVUM3 B 234",Em Produção,21/05/2026,22/05/2026,
1645629,365674,TIPBUS TRANSPORTES INTERMUNICIPAL EIRELI,6618,"275/80R22,5 PM DVUM3 B 234",Em Produção,21/05/2026,22/05/2026,
1645630,365674,TIPBUS TRANSPORTES INTERMUNICIPAL EIRELI,6879,"275/80R22,5 PM DVUM3 B 234",Em Produção,21/05/2026,22/05/2026,
1645631,365674,TIPBUS TRANSPORTES INTERMUNICIPAL EIRELI,6854,"275/80R22,5 PM DVUM3 B 234",Em Produção,21/05/2026,22/05/2026,
1645341,365676,NLA LATINOAMERICA LOGISTICA LTDA,4721,"235/75R17,5 PM DVRM 240",Em Produção,20/05/2026,25/05/2026,
1645632,365681,VIAÇÃO METROPOLE PAULISTA S/A - ITAIM,73490,"295/80R22,5 PM DVUM3 B 250",Em Produção,21/05/2026,25/05/2026,
1645633,365681,VIAÇÃO METROPOLE PAULISTA S/A - ITAIM,75167,"295/80R22,5 PM DVUM3 B 258",Em Produção,21/05/2026,25/05/2026,
1645634,365681,VIAÇÃO METROPOLE PAULISTA S/A - ITAIM,73374,"295/80R22,5 PM DVUM3 B 258",Em Produção,21/05/2026,25/05/2026,
1645158,365682,BRASPRESS TRANSPORTES URGENTES LTDA,040226,"295/80R22,5 PM VL110LA 250",Em Produção,20/05/2026,22/05/2026,
1645159,365682,BRASPRESS TRANSPORTES URGENTES LTDA,040537,"295/80R22,5 PM VL110LA 226",Em Produção,20/05/2026,22/05/2026,
1645160,365683,BRASPRESS TRANSPORTES URGENTES LTDA,058920,"295/80R22,5 REPARO VULC",Em Produção,20/05/2026,22/05/2026,
1645192,365690,RAPIDO VINHEDOS TRANSPORTES LTDA,0823,"275/80R22,5 PM DVRM 234",Recusado no Exame Final,20/05/2026,22/05/2026,
1645193,365690,RAPIDO VINHEDOS TRANSPORTES LTDA,5223,"275/80R22,5 PM DVRM 234",Em Produção,20/05/2026,22/05/2026,
1645187,365690,RAPIDO VINHEDOS TRANSPORTES LTDA,2323,"215/75R17,5 PM DVRM 190",Em Produção,20/05/2026,22/05/2026,
1645188,365690,RAPIDO VINHEDOS TRANSPORTES LTDA,4824,"215/75R17,5 PM DVRM 190",Em Produção,20/05/2026,22/05/2026,
1645189,365690,RAPIDO VINHEDOS TRANSPORTES LTDA,0325,"215/75R17,5 PM DVRM 190",Em Produção,20/05/2026,22/05/2026,
1645190,365690,RAPIDO VINHEDOS TRANSPORTES LTDA,4323,"215/75R17,5 PM DVRM 190",Em Produção,20/05/2026,22/05/2026,
1645191,365690,RAPIDO VINHEDOS TRANSPORTES LTDA,3824,"215/75R17,5 PM DVRM 190",Em Produção,20/05/2026,22/05/2026,
1645319,365693,DIFALUX TRANSPORTES LTDA,1624,"275/80R22,5 PM VL110LA 226",Em Produção,20/05/2026,22/05/2026,
1645321,365693,DIFALUX TRANSPORTES LTDA,2024,"295/80R22,5 PM VL110LA 226",Em Produção,20/05/2026,22/05/2026,
1645322,365693,DIFALUX TRANSPORTES LTDA,2124,"295/80R22,5 PM VL110LA 218",Em Produção,20/05/2026,22/05/2026,
1645320,365693,DIFALUX TRANSPORTES LTDA,2823,"275/80R22,5 PM VL110L 218",Em Produção,20/05/2026,22/05/2026,
1646270,365694,RICARDO IRAPUAN DE ALBUQUERQUE SILVA,424776,"295/80R22,5 PM VT120L 258",Em Produção,22/05/2026,22/05/2026,
1646271,365694,RICARDO IRAPUAN DE ALBUQUERQUE SILVA,0728,"295/80R22,5 PM VT120L 258",Em Produção,22/05/2026,22/05/2026,
1646272,365694,RICARDO IRAPUAN DE ALBUQUERQUE SILVA,424778,"295/80R22,5 PM VT120L 258",Em Produção,22/05/2026,22/05/2026,
1646273,365694,RICARDO IRAPUAN DE ALBUQUERQUE SILVA,424780,"295/80R22,5 PM VT120L 258",Em Produção,22/05/2026,22/05/2026,
1646906,365695,RADIAL TRANSPORTE COLETIVO LTDA,6069,"295/80R22,5 PM DVUM3 B 234",Em Produção,25/05/2026,22/05/2026,
1646907,365695,RADIAL TRANSPORTE COLETIVO LTDA,5815,"295/80R22,5 PM DVUM3 B 234",Em Produção,25/05/2026,22/05/2026,
1646908,365695,RADIAL TRANSPORTE COLETIVO LTDA,5295,"295/80R22,5 PM DVUM3 B 234",Em Produção,25/05/2026,22/05/2026,
1646909,365695,RADIAL TRANSPORTE COLETIVO LTDA,5407,"295/80R22,5 PM DVUM3 B 234",Em Produção,25/05/2026,22/05/2026,
1646910,365695,RADIAL TRANSPORTE COLETIVO LTDA,6066,"295/80R22,5 PM DVUM3 B 234",Em Produção,25/05/2026,22/05/2026,
1646911,365695,RADIAL TRANSPORTE COLETIVO LTDA,6042,"295/80R22,5 PM DVUM3 B 234",Em Produção,25/05/2026,22/05/2026,
1646912,365695,RADIAL TRANSPORTE COLETIVO LTDA,6013,"295/80R22,5 PM DVUM3 B 234",Em Produção,25/05/2026,22/05/2026,
1646913,365695,RADIAL TRANSPORTE COLETIVO LTDA,5902,"295/80R22,5 PM DVUM3 B 234",Em Produção,25/05/2026,22/05/2026,
1646914,365695,RADIAL TRANSPORTE COLETIVO LTDA,5903,"295/80R22,5 PM DVUM3 B 234",Em Produção,25/05/2026,22/05/2026,
1646915,365696,RADIAL TRANSPORTE COLETIVO LTDA,6293,"275/80R22,5 REPARO VULC",Em Produção,25/05/2026,22/05/2026,
1646916,365696,RADIAL TRANSPORTE COLETIVO LTDA,6171,"275/80R22,5 REPARO VULC",Em Produção,25/05/2026,22/05/2026,
1645315,365704,CPLU SPE LTDA,3125,"275/80R22,5 PM VM530L 234",Em Produção,20/05/2026,22/05/2026,
1645316,365704,CPLU SPE LTDA,2925,"275/80R22,5 PM VM530L 218",Em Produção,20/05/2026,22/05/2026,
1645312,365704,CPLU SPE LTDA,2922,"275/80R22,5 RT RECAUCHUT VSELB",Em Produção,20/05/2026,22/05/2026,
1645313,365704,CPLU SPE LTDA,2225,"275/80R22,5 RT RECAUCHUT VSELB",Em Produção,20/05/2026,22/05/2026,
1645314,365704,CPLU SPE LTDA,2225,"275/80R22,5 RT RECAUCHUT VSELB",Em Produção,20/05/2026,22/05/2026,
1645317,365704,CPLU SPE LTDA,2225,"275/80R22,5 PM VM530L 234",Em Produção,20/05/2026,22/05/2026,
1646274,365709,G2L LOGISTICA LTDA,5221,"295/80R22,5 PM VL110LA 218",Em Produção,22/05/2026,22/05/2026,
1646278,365709,G2L LOGISTICA LTDA,5548,"295/80R22,5 PM VL110LA 234",Em Produção,22/05/2026,22/05/2026,
1646279,365709,G2L LOGISTICA LTDA,2925,"295/80R22,5 PM VL110LA 234",Recusado no Exame Final,22/05/2026,22/05/2026,
1646280,365709,G2L LOGISTICA LTDA,1523,"295/80R22,5 PM VL110LA 234",Recusado no Exame Final,22/05/2026,22/05/2026,
1646287,365709,G2L LOGISTICA LTDA,1038,"295/80R22,5 PM VL110LA 250",Em Produção,22/05/2026,22/05/2026,
1646275,365709,G2L LOGISTICA LTDA,5303,"295/80R22,5 PM VL110LA 234",Em Produção,22/05/2026,22/05/2026,
1646276,365709,G2L LOGISTICA LTDA,5534,"295/80R22,5 PM VL110LA 234",Em Produção,22/05/2026,22/05/2026,
1646277,365709,G2L LOGISTICA LTDA,5549,"295/80R22,5 PM VL110LA 234",Em Produção,22/05/2026,22/05/2026,
1646281,365709,G2L LOGISTICA LTDA,6576,"295/80R22,5 PM VL110L 218",Em Produção,22/05/2026,22/05/2026,
1646282,365709,G2L LOGISTICA LTDA,5086,"295/80R22,5 PM VL110LA 226",Em Produção,22/05/2026,22/05/2026,
1646285,365709,G2L LOGISTICA LTDA,6456,"295/80R22,5 PM VL110LA 226",Em Produção,22/05/2026,22/05/2026,
1646288,365709,G2L LOGISTICA LTDA,1035,"295/80R22,5 PM VL110LA 242",Em Produção,22/05/2026,22/05/2026,
1646289,365709,G2L LOGISTICA LTDA,4023,"295/80R22,5 PM VL110LA 218",Em Produção,22/05/2026,22/05/2026,
1646290,365709,G2L LOGISTICA LTDA,6550,"295/80R22,5 PM VL110L 218",Em Produção,22/05/2026,22/05/2026,
1646291,365709,G2L LOGISTICA LTDA,6557,"295/80R22,5 PM VL110LA 218",Em Produção,22/05/2026,22/05/2026,
1646283,365709,G2L LOGISTICA LTDA,6457,"295/80R22,5 PM VL110LA 226",Em Produção,22/05/2026,22/05/2026,
1646284,365709,G2L LOGISTICA LTDA,6455,"295/80R22,5 PM VL110LA 226",Em Produção,22/05/2026,22/05/2026,
1646286,365709,G2L LOGISTICA LTDA,6458,"295/80R22,5 PM VL110LA 226",Em Produção,22/05/2026,22/05/2026,
1646292,365710,G2L LOGISTICA LTDA,4258,"295/80R22,5 REPARO VULC",Em Produção,22/05/2026,22/05/2026,
1646293,365711,G2L LOGISTICA LTDA,2667,"295/80R22,5 REPARO VULC",Em Produção,22/05/2026,22/05/2026,
1645318,365712,CPLU SPE LTDA,2325,"275/80R22,5 PM VM530L 218",Recusado no Exame Final,20/05/2026,22/05/2026,
1645291,365720,PORTO DE REGISTRO TRANSPORTES LTDA - FAT NSA,6580,"215/75R17,5 PM DVRM 190",Em Produção,20/05/2026,22/05/2026,
1645292,365720,PORTO DE REGISTRO TRANSPORTES LTDA - FAT NSA,6317,"215/75R17,5 PM DVRM 190",Em Produção,20/05/2026,22/05/2026,
1645349,365725,DNP TERRAPLENAGEM E PAVIMENTADORA FLORESTO LTDA,14401,"12X16,5 PM DV-MTB 250",Em Produção,20/05/2026,29/05/2026,
1645350,365725,DNP TERRAPLENAGEM E PAVIMENTADORA FLORESTO LTDA,14400,"12X16,5 PM DV-MTB 250",Em Produção,20/05/2026,29/05/2026,
1645351,365725,DNP TERRAPLENAGEM E PAVIMENTADORA FLORESTO LTDA,14402,"12X16,5 PM DV-MTB 250",Em Produção,20/05/2026,29/05/2026,
1645352,365725,DNP TERRAPLENAGEM E PAVIMENTADORA FLORESTO LTDA,14403,"12X16,5 PM DV-MTB 250",Em Produção,20/05/2026,29/05/2026,
1645353,365725,DNP TERRAPLENAGEM E PAVIMENTADORA FLORESTO LTDA,11996,"12X16,5 PM DV-MTB 250",Em Produção,20/05/2026,29/05/2026,
1645683,365741,ASA EXPRESS TRANSPORTES LTDA,6179,"295/80R22,5 PM VL110LA 234",Em Produção,21/05/2026,26/05/2026,
1645684,365741,ASA EXPRESS TRANSPORTES LTDA,5993,"295/80R22,5 PM VL110LA 234",Em Produção,21/05/2026,26/05/2026,
1645685,365741,ASA EXPRESS TRANSPORTES LTDA,4509,"295/80R22,5 PM VL110LA 234",Em Produção,21/05/2026,26/05/2026,
1645686,365741,ASA EXPRESS TRANSPORTES LTDA,5936,"295/80R22,5 PM VL110LA 226",Em Produção,21/05/2026,26/05/2026,
1645687,365741,ASA EXPRESS TRANSPORTES LTDA,5836,"295/80R22,5 PM VL110LA 234",Em Produção,21/05/2026,26/05/2026,
1645678,365741,ASA EXPRESS TRANSPORTES LTDA,5999,"295/80R22,5 PM VL110LA 234",Em Produção,21/05/2026,26/05/2026,
1645679,365741,ASA EXPRESS TRANSPORTES LTDA,5446,"295/80R22,5 PM VL110LA 218",Em Produção,21/05/2026,26/05/2026,
1645680,365741,ASA EXPRESS TRANSPORTES LTDA,6178,"295/80R22,5 PM VL110LA 234",Em Produção,21/05/2026,26/05/2026,
1645681,365741,ASA EXPRESS TRANSPORTES LTDA,5868,"295/80R22,5 PM VL110LA 234",Em Produção,21/05/2026,26/05/2026,
1645682,365741,ASA EXPRESS TRANSPORTES LTDA,5983,"295/80R22,5 PM VL110LA 234",Em Produção,21/05/2026,26/05/2026,
1645838,365746,TRANS HAYAKU TRANSPORTES EIRELI,739,"295/80R22,5 PM VL130 242",Recusado no Exame Inicial,21/05/2026,25/05/2026,
1645836,365746,TRANS HAYAKU TRANSPORTES EIRELI,1965,"295/80R22,5 PM VL110LA 250",Em Produção,21/05/2026,25/05/2026,
1645837,365746,TRANS HAYAKU TRANSPORTES EIRELI,1964,"295/80R22,5 PM VL110LA 250",Em Produção,21/05/2026,25/05/2026,
1645839,365746,TRANS HAYAKU TRANSPORTES EIRELI,1860,"295/80R22,5 PM VL130 226",Em Produção,21/05/2026,25/05/2026,
1645840,365746,TRANS HAYAKU TRANSPORTES EIRELI,1752,"295/80R22,5 PM VL130 226",Em Produção,21/05/2026,25/05/2026,
1645841,365746,TRANS HAYAKU TRANSPORTES EIRELI,2109513,"295/80R22,5 PM VL110LA 250",Em Produção,21/05/2026,25/05/2026,
1645875,365748,MAMUTH TRANSPORTE DE MAQUINAS LTDA,9356,"295/80R22,5 PM VL110LA 226",Em Produção,21/05/2026,26/05/2026,
1645876,365748,MAMUTH TRANSPORTE DE MAQUINAS LTDA,9354,"295/80R22,5 PM VL110LA 218",Em Produção,21/05/2026,26/05/2026,
1645877,365748,MAMUTH TRANSPORTE DE MAQUINAS LTDA,9355,"295/80R22,5 PM VL110LA 218",Em Produção,21/05/2026,26/05/2026,
1645878,365748,MAMUTH TRANSPORTE DE MAQUINAS LTDA,9357,"295/80R22,5 PM VL110LA 218",Em Produção,21/05/2026,26/05/2026,
1645879,365748,MAMUTH TRANSPORTE DE MAQUINAS LTDA,9418,"275/80R22,5 PM VT120L 226",Em Produção,21/05/2026,26/05/2026,
1645880,365748,MAMUTH TRANSPORTE DE MAQUINAS LTDA,9421,"275/80R22,5 PM VT120L 226",Em Produção,21/05/2026,26/05/2026,
1645881,365748,MAMUTH TRANSPORTE DE MAQUINAS LTDA,9420,"275/80R22,5 PM VT120L 226",Em Produção,21/05/2026,26/05/2026,
1645882,365748,MAMUTH TRANSPORTE DE MAQUINAS LTDA,9419,"275/80R22,5 PM VT120L 242",Recusado no Exame Inicial,21/05/2026,26/05/2026,
1646047,365759,COOPERATIVA DE CONSUMO DOS TRANSPORTADORES RODOVIARIOS AUTON,3222,"295/80R22,5 PM VL110LA 242",Em Produção,21/05/2026,25/05/2026,
1646048,365759,COOPERATIVA DE CONSUMO DOS TRANSPORTADORES RODOVIARIOS AUTON,1623,"295/80R22,5 PM VL110LA 242",Em Produção,21/05/2026,25/05/2026,
1646049,365759,COOPERATIVA DE CONSUMO DOS TRANSPORTADORES RODOVIARIOS AUTON,1623,"295/80R22,5 PM VL110LA 242",Em Produção,21/05/2026,25/05/2026,
1646050,365759,COOPERATIVA DE CONSUMO DOS TRANSPORTADORES RODOVIARIOS AUTON,0324,"295/80R22,5 PM VL110LA 242",Em Produção,21/05/2026,25/05/2026,
1646051,365759,COOPERATIVA DE CONSUMO DOS TRANSPORTADORES RODOVIARIOS AUTON,2024,"295/80R22,5 PM VL110LA 242",Em Produção,21/05/2026,25/05/2026,
1646052,365759,COOPERATIVA DE CONSUMO DOS TRANSPORTADORES RODOVIARIOS AUTON,1624,"295/80R22,5 PM VL110LA 242",Em Produção,21/05/2026,25/05/2026,
1646053,365759,COOPERATIVA DE CONSUMO DOS TRANSPORTADORES RODOVIARIOS AUTON,1624,"295/80R22,5 PM VL110LA 242",Em Produção,21/05/2026,25/05/2026,
1646054,365759,COOPERATIVA DE CONSUMO DOS TRANSPORTADORES RODOVIARIOS AUTON,2018,"295/80R22,5 PM VL110LA 242",Em Produção,21/05/2026,25/05/2026,
1645502,365765,ECOSS SERVICOS AMBIENTAIS DE LIMPEZA URBANA SPE LTDA,1012151,"275/80R22,5 PM VM530L 234",Em Produção,21/05/2026,26/05/2026,
1645503,365765,ECOSS SERVICOS AMBIENTAIS DE LIMPEZA URBANA SPE LTDA,101214,"275/80R22,5 PM VM530L 234",Em Produção,21/05/2026,26/05/2026,
1645504,365765,ECOSS SERVICOS AMBIENTAIS DE LIMPEZA URBANA SPE LTDA,101990,"275/80R22,5 PM VM530L 234",Em Produção,21/05/2026,26/05/2026,
1645505,365765,ECOSS SERVICOS AMBIENTAIS DE LIMPEZA URBANA SPE LTDA,101989,"275/80R22,5 PM VM530L 234",Em Produção,21/05/2026,26/05/2026,
1645991,365766,CORPUS SANEAMENTO E OBRAS LTDA,26261,"295/80R22,5 PM VM530L 250",Em Produção,21/05/2026,26/05/2026,
1645992,365766,CORPUS SANEAMENTO E OBRAS LTDA,23151,"275/80R22,5 PM VM530L 234",Recusado no Exame Final,21/05/2026,26/05/2026,
1645994,365766,CORPUS SANEAMENTO E OBRAS LTDA,27233,"295/80R22,5 PM VM530L 250",Em Produção,21/05/2026,26/05/2026,
1645995,365766,CORPUS SANEAMENTO E OBRAS LTDA,26735,"295/80R22,5 PM VM530L 234",Recusado no Exame Final,21/05/2026,26/05/2026,
1645996,365766,CORPUS SANEAMENTO E OBRAS LTDA,25248,"275/80R22,5 PM PBA64-S 235",Em Produção,21/05/2026,26/05/2026,
1645993,365766,CORPUS SANEAMENTO E OBRAS LTDA,24895,"275/80R22,5 PM VM530L 242",Em Produção,21/05/2026,26/05/2026,
1645997,365766,CORPUS SANEAMENTO E OBRAS LTDA,24759,"275/80R22,5 PM PBA64-S 245",Em Produção,21/05/2026,26/05/2026,
1645999,365766,CORPUS SANEAMENTO E OBRAS LTDA,24271,"275/80R22,5 PM PBA64-S 245",Em Produção,21/05/2026,26/05/2026,
1645998,365766,CORPUS SANEAMENTO E OBRAS LTDA,23922,"275/80R22,5 PM PBA64-S 225",Em Produção,21/05/2026,26/05/2026,
1645690,365767,TSA LOGISTICA LTDA,6666,"295/80R22,5 PM VL110LA 242",Recusado no Exame Final,21/05/2026,26/05/2026,
1645692,365767,TSA LOGISTICA LTDA,8463,"295/80R22,5 PM VL110LA 226",Em Produção,21/05/2026,26/05/2026,
1645695,365767,TSA LOGISTICA LTDA,7511,"295/80R22,5 PM VL110LA 242",Em Produção,21/05/2026,26/05/2026,
1645698,365767,TSA LOGISTICA LTDA,7248,"295/80R22,5 PM VL110LA 250",Recusado no Exame Inicial,21/05/2026,26/05/2026,
1645688,365767,TSA LOGISTICA LTDA,7361,"295/80R22,5 PM VL110LA 226",Em Produção,21/05/2026,26/05/2026,
1645689,365767,TSA LOGISTICA LTDA,7250,"295/80R22,5 PM VL110LA 218",Em Produção,21/05/2026,26/05/2026,
1645691,365767,TSA LOGISTICA LTDA,8465,"295/80R22,5 PM VL110LA 226",Em Produção,21/05/2026,26/05/2026,
1645693,365767,TSA LOGISTICA LTDA,8464,"295/80R22,5 PM VL110LA 226",Em Produção,21/05/2026,26/05/2026,
1645694,365767,TSA LOGISTICA LTDA,8467,"295/80R22,5 PM VL110LA 226",Em Produção,21/05/2026,26/05/2026,
1645696,365767,TSA LOGISTICA LTDA,7249,"295/80R22,5 PM VL110LA 218",Em Produção,21/05/2026,26/05/2026,
1645697,365767,TSA LOGISTICA LTDA,7251,"295/80R22,5 PM VL110LA 218",Em Produção,21/05/2026,26/05/2026,
1645699,365768,TSA LOGISTICA LTDA,0000,8.25X15 PM VI600 186,Em Produção,21/05/2026,28/05/2026,
1645506,365772,GATTI TRANSPORTADORA TURISTICA LTDA,4679,"275/80R22,5 PM DVRM 242",Em Produção,21/05/2026,25/05/2026,
1645799,365774,VIAÇÃO METROPOLE PAULISTA S/A - PINEDO,12485,"295/80R22,5 PM DVUM3 B 250",Em Produção,21/05/2026,25/05/2026,
1645800,365774,VIAÇÃO METROPOLE PAULISTA S/A - PINEDO,12486,"295/80R22,5 PM DVUM3 B 250",Em Produção,21/05/2026,25/05/2026,
1645801,365774,VIAÇÃO METROPOLE PAULISTA S/A - PINEDO,12099,"295/80R22,5 PM DVUM3 B 250",Em Produção,21/05/2026,25/05/2026,
1645802,365774,VIAÇÃO METROPOLE PAULISTA S/A - PINEDO,9898,"295/80R22,5 PM DVUM3 B 250",Em Produção,21/05/2026,25/05/2026,
1645803,365774,VIAÇÃO METROPOLE PAULISTA S/A - PINEDO,9451,"295/80R22,5 PM DVUM3 B 250",Em Produção,21/05/2026,25/05/2026,
1645804,365774,VIAÇÃO METROPOLE PAULISTA S/A - PINEDO,10252,"295/80R22,5 PM DVUM3 B 250",Em Produção,21/05/2026,25/05/2026,
1645805,365774,VIAÇÃO METROPOLE PAULISTA S/A - PINEDO,12100,"295/80R22,5 PM DVUM3 B 250",Em Produção,21/05/2026,25/05/2026,
1645806,365778,VIAÇÃO METROPOLE PAULISTA S/A - PINEDO,12479,"295/80R22,5 REPARO VULC",Em Produção,21/05/2026,25/05/2026,
1645516,365787,SMART LOG GROUP LTDA,90,"295/80R22,5 PM VRT1 222",Em Produção,21/05/2026,25/05/2026,
1645517,365787,SMART LOG GROUP LTDA,89,"295/80R22,5 PM VRT1 222",Em Produção,21/05/2026,25/05/2026,
1645518,365787,SMART LOG GROUP LTDA,0330,"215/75R17,5 PM VZE-1 190",Em Produção,21/05/2026,25/05/2026,
1645700,365788,GUEDES AMORIM TRANSPORTES LTDA,4420,"235/75R17,5 PM DVRM 234 *5G*",Em Produção,21/05/2026,27/05/2026,
1645701,365788,GUEDES AMORIM TRANSPORTES LTDA,2624,"235/75R17,5 PM DVRM 234 *5G*",Em Produção,21/05/2026,27/05/2026,
1645702,365788,GUEDES AMORIM TRANSPORTES LTDA,0623,"235/75R17,5 PM DVRM 234 *5G*",Em Produção,21/05/2026,27/05/2026,
1645703,365789,TECMAR TRANSPORTES LTDA.,9847,"295/80R22,5 PM VT120L 250",Em Produção,21/05/2026,26/05/2026,
1645704,365789,TECMAR TRANSPORTES LTDA.,9846,"295/80R22,5 PM VT120L 250",Em Produção,21/05/2026,26/05/2026,
1645705,365789,TECMAR TRANSPORTES LTDA.,7969,"295/80R22,5 PM VT120L 250",Em Produção,21/05/2026,26/05/2026,
1645706,365789,TECMAR TRANSPORTES LTDA.,3125,"295/80R22,5 PM VT120L 250",Em Produção,21/05/2026,26/05/2026,
1645888,365790,EXPRESSO SUL AMERICANO EIRELI,11558,1000R20 PM VL110L 210,Em Produção,21/05/2026,25/05/2026,
1645889,365790,EXPRESSO SUL AMERICANO EIRELI,11489,1000R20 PM VL110L 210,Em Produção,21/05/2026,25/05/2026,
1645890,365790,EXPRESSO SUL AMERICANO EIRELI,10721,"295/80R22,5 PM VL110LA 218",Em Produção,21/05/2026,25/05/2026,
1645891,365790,EXPRESSO SUL AMERICANO EIRELI,9958,"295/80R22,5 PM VL110LA 234",Em Produção,21/05/2026,25/05/2026,
1645892,365790,EXPRESSO SUL AMERICANO EIRELI,11176,"295/80R22,5 PM VL110LA 234",Em Produção,21/05/2026,25/05/2026,
1645708,365797,GAB TRANSPORTES LTDA,Gab64624,"295/80R22,5 PM VL110LA 234",Em Produção,21/05/2026,26/05/2026,
1645709,365797,GAB TRANSPORTES LTDA,Gab69711,"295/80R22,5 PM VL110LA 226",Em Produção,21/05/2026,26/05/2026,
1645710,365797,GAB TRANSPORTES LTDA,Gab69707,"295/80R22,5 PM VL110LA 226",Em Produção,21/05/2026,26/05/2026,
1645707,365797,GAB TRANSPORTES LTDA,Gab71156,"295/80R22,5 PM VL110LA 250",Em Produção,21/05/2026,26/05/2026,
1645711,365797,GAB TRANSPORTES LTDA,Gab69718,"295/80R22,5 PM VL110LA 250",Em Produção,21/05/2026,26/05/2026,
1645845,365800,OPERLOG LOGISTICA E TRANSPORTES LTDA,444,"295/80R22,5 PM VL110LA 218",Recusado no Exame Final,21/05/2026,25/05/2026,
1645844,365800,OPERLOG LOGISTICA E TRANSPORTES LTDA,5320,"295/80R22,5 PM VL110LA 242",Em Produção,21/05/2026,25/05/2026,
1645863,365802,CARBOLOG  LTDA,2299,"295/80R22,5 REPARO VULC",Em Produção,21/05/2026,25/05/2026,
1645850,365803,TRANSPORTADORA VERBA LTDA,6296,"295/80R22,5 PM VL110LA 242",Em Produção,21/05/2026,25/05/2026,
1645864,365804,CARBOLOG  LTDA,4008,"295/80R22,5 PM VL110LA 226",Em Produção,21/05/2026,25/05/2026,
1645851,365805,BIOPETROLEO DO BRASIL DISTRIBUIDORA DE COMBUSTIVEIS LTDA,205,"295/80R22,5 PM VL110LA 234",Em Produção,21/05/2026,25/05/2026,
1645852,365805,BIOPETROLEO DO BRASIL DISTRIBUIDORA DE COMBUSTIVEIS LTDA,206,"295/80R22,5 PM VL110LA 234",Em Produção,21/05/2026,25/05/2026,
1645853,365806,LUBRIFICANTES FENIX LTDA,71063050,"295/80R22,5 PM VL110LA 242",Recusado no Exame Inicial,21/05/2026,25/05/2026,
1645854,365807,MARIANI TRANSPORTADORA & APOIO ADMINISTRATIVO LTDA,3623,"295/80R22,5 PM VL110LA 242",Recusado no Exame Inicial,21/05/2026,25/05/2026,
1645855,365807,MARIANI TRANSPORTADORA & APOIO ADMINISTRATIVO LTDA,3623a,"295/80R22,5 PM VL110LA 226",Em Produção,21/05/2026,25/05/2026,
1645856,365808,SUPERGASBRAS ENERGIA LTDA,2424,"295/80R22,5 PM VL110LA 226",Em Produção,21/05/2026,25/05/2026,
1645857,365808,SUPERGASBRAS ENERGIA LTDA,1922,"295/80R22,5 PM VL110LA 226",Em Produção,21/05/2026,25/05/2026,
1645858,365809,SUPERGASBRAS ENERGIA LTDA,2125,"275/80R22,5 PM VM530L 218",Em Produção,21/05/2026,25/05/2026,
1645859,365809,SUPERGASBRAS ENERGIA LTDA,15187,"275/80R22,5 PM VL110LA 218",Em Produção,21/05/2026,25/05/2026,
1645860,365809,SUPERGASBRAS ENERGIA LTDA,15186,"275/80R22,5 PM VL110LA 218",Em Produção,21/05/2026,25/05/2026,
1645861,365810,LUBRIFICANTES FENIX LTDA,2109135,"295/80R22,5 PM VL110LA 242",Em Produção,21/05/2026,26/05/2026,
1645893,365812,JUMBO TURISMO LTDA,3497,"295/80R22,5 REPARO VULC",Em Produção,21/05/2026,26/05/2026,
1645894,365812,JUMBO TURISMO LTDA,3690,"215/75R17,5 PM VZE-1 190",Em Produção,21/05/2026,26/05/2026,
1645895,365812,JUMBO TURISMO LTDA,3224,"215/75R17,5 PM VZE-1 190",Em Produção,21/05/2026,26/05/2026,
1645896,365812,JUMBO TURISMO LTDA,3502,"215/75R17,5 PM VZE-1 190",Em Produção,21/05/2026,26/05/2026,
1645897,365812,JUMBO TURISMO LTDA,3777,225/65R16 PM VP430L 195,Em Produção,21/05/2026,26/05/2026,
1645898,365812,JUMBO TURISMO LTDA,4018,225/65R16 PM VP430L 195,Em Produção,21/05/2026,26/05/2026,
1645899,365812,JUMBO TURISMO LTDA,3771,225/65R16 PM VP430L 195,Em Produção,21/05/2026,26/05/2026,
1645900,365812,JUMBO TURISMO LTDA,3752,225/65R16 PM VP430L 195,Em Produção,21/05/2026,26/05/2026,
1645901,365812,JUMBO TURISMO LTDA,3767,225/65R16 PM VP430L 195,Em Produção,21/05/2026,26/05/2026,
1645902,365812,JUMBO TURISMO LTDA,3766,225/65R16 PM VP430L 195,Em Produção,21/05/2026,26/05/2026,
1645862,365815,CIDADE NOVA OBRAS E SERVICOS URBANOS LTDA,2222,"275/80R22,5 PM VM530L 210",Recusado no Exame Final,21/05/2026,25/05/2026,
1645933,365820,"FL BRASIL HOLDING, LOGISTICA E TRANSPORTE LTDA.",15033,"295/80R22,5 PM VL110LA 242",Em Produção,21/05/2026,25/05/2026,
1645918,365820,"FL BRASIL HOLDING, LOGISTICA E TRANSPORTE LTDA.",112990,"295/80R22,5 PM VLW 246",Em Produção,21/05/2026,25/05/2026,
1645919,365820,"FL BRASIL HOLDING, LOGISTICA E TRANSPORTE LTDA.",112991,"295/80R22,5 PM VLW 246",Em Produção,21/05/2026,25/05/2026,
1645920,365820,"FL BRASIL HOLDING, LOGISTICA E TRANSPORTE LTDA.",112995,"295/80R22,5 PM VLW 246",Em Produção,21/05/2026,25/05/2026,
1645921,365820,"FL BRASIL HOLDING, LOGISTICA E TRANSPORTE LTDA.",112992,"295/80R22,5 PM VLW 246",Em Produção,21/05/2026,25/05/2026,
1645922,365820,"FL BRASIL HOLDING, LOGISTICA E TRANSPORTE LTDA.",121504,"295/80R22,5 PM VLW 246",Em Produção,21/05/2026,25/05/2026,
1645924,365820,"FL BRASIL HOLDING, LOGISTICA E TRANSPORTE LTDA.",120177,"295/80R22,5 PM VLW 246",Em Produção,21/05/2026,25/05/2026,
1645925,365820,"FL BRASIL HOLDING, LOGISTICA E TRANSPORTE LTDA.",113983,"295/80R22,5 PM VLW 246",Em Produção,21/05/2026,25/05/2026,
1645926,365820,"FL BRASIL HOLDING, LOGISTICA E TRANSPORTE LTDA.",117270,"295/80R22,5 PM VLW 246",Em Produção,21/05/2026,25/05/2026,
1645927,365820,"FL BRASIL HOLDING, LOGISTICA E TRANSPORTE LTDA.",121523,"295/80R22,5 PM VLW 246",Em Produção,21/05/2026,25/05/2026,
1645928,365820,"FL BRASIL HOLDING, LOGISTICA E TRANSPORTE LTDA.",113986,"295/80R22,5 PM VLW 246",Em Produção,21/05/2026,25/05/2026,
1645929,365820,"FL BRASIL HOLDING, LOGISTICA E TRANSPORTE LTDA.",110176,"295/80R22,5 PM VLW 246",Em Produção,21/05/2026,25/05/2026,
1645931,365820,"FL BRASIL HOLDING, LOGISTICA E TRANSPORTE LTDA.",15032,"295/80R22,5 PM VL110LA 242",Em Produção,21/05/2026,25/05/2026,
1645932,365820,"FL BRASIL HOLDING, LOGISTICA E TRANSPORTE LTDA.",15031,"295/80R22,5 PM VL110LA 242",Em Produção,21/05/2026,25/05/2026,
1645923,365820,"FL BRASIL HOLDING, LOGISTICA E TRANSPORTE LTDA.",111632,"295/80R22,5 PM VLW 246",Em Produção,21/05/2026,25/05/2026,
1645930,365820,"FL BRASIL HOLDING, LOGISTICA E TRANSPORTE LTDA.",15034,"295/80R22,5 PM VL110LA 242",Em Produção,21/05/2026,25/05/2026,
1645945,365821,"FL BRASIL HOLDING, LOGISTICA E TRANSPORTE LTDA.",115490,"235/75R17,5 PM DVRM 198",Em Produção,21/05/2026,25/05/2026,
1645948,365821,"FL BRASIL HOLDING, LOGISTICA E TRANSPORTE LTDA.",115487,"235/75R17,5 PM DVRM 198",Em Produção,21/05/2026,25/05/2026,
1645934,365821,"FL BRASIL HOLDING, LOGISTICA E TRANSPORTE LTDA.",110660,"295/80R22,5 PM VLW 246",Em Produção,21/05/2026,25/05/2026,
1645935,365821,"FL BRASIL HOLDING, LOGISTICA E TRANSPORTE LTDA.",107478,"295/80R22,5 PM VL110LA 242",Em Produção,21/05/2026,25/05/2026,
1645936,365821,"FL BRASIL HOLDING, LOGISTICA E TRANSPORTE LTDA.",109035,"295/80R22,5 PM VL110LA 242",Em Produção,21/05/2026,25/05/2026,
1645937,365821,"FL BRASIL HOLDING, LOGISTICA E TRANSPORTE LTDA.",108691,"295/80R22,5 PM VL110LA 242",Em Produção,21/05/2026,25/05/2026,
1645938,365821,"FL BRASIL HOLDING, LOGISTICA E TRANSPORTE LTDA.",106191,"295/80R22,5 PM VL110LA 242",Em Produção,21/05/2026,25/05/2026,
1645939,365821,"FL BRASIL HOLDING, LOGISTICA E TRANSPORTE LTDA.",111311,"295/80R22,5 PM VL110LA 242",Em Produção,21/05/2026,25/05/2026,
1645940,365821,"FL BRASIL HOLDING, LOGISTICA E TRANSPORTE LTDA.",113049,"295/80R22,5 PM VL110LA 242",Em Produção,21/05/2026,25/05/2026,
1645941,365821,"FL BRASIL HOLDING, LOGISTICA E TRANSPORTE LTDA.",113099,"295/80R22,5 PM VL110LA 242",Em Produção,21/05/2026,25/05/2026,
1645943,365821,"FL BRASIL HOLDING, LOGISTICA E TRANSPORTE LTDA.",115489,"235/75R17,5 PM DVRM 234",Em Produção,21/05/2026,25/05/2026,
1645944,365821,"FL BRASIL HOLDING, LOGISTICA E TRANSPORTE LTDA.",115491,"235/75R17,5 PM DVRM 234",Em Produção,21/05/2026,25/05/2026,
1645946,365821,"FL BRASIL HOLDING, LOGISTICA E TRANSPORTE LTDA.",115492,"235/75R17,5 PM DVRM 234",Em Produção,21/05/2026,25/05/2026,
1645947,365821,"FL BRASIL HOLDING, LOGISTICA E TRANSPORTE LTDA.",115488,"235/75R17,5 PM DVRM 234",Em Produção,21/05/2026,25/05/2026,
1645949,365821,"FL BRASIL HOLDING, LOGISTICA E TRANSPORTE LTDA.",109575,"275/80R22,5 PM VM530L 242",Em Produção,21/05/2026,25/05/2026,
1645950,365821,"FL BRASIL HOLDING, LOGISTICA E TRANSPORTE LTDA.",109773,"275/80R22,5 PM VM530L 242",Em Produção,21/05/2026,25/05/2026,
1645951,365821,"FL BRASIL HOLDING, LOGISTICA E TRANSPORTE LTDA.",109775,"275/80R22,5 PM VM530L 242",Em Produção,21/05/2026,25/05/2026,
1645952,365821,"FL BRASIL HOLDING, LOGISTICA E TRANSPORTE LTDA.",109774,"275/80R22,5 PM VM530L 242",Em Produção,21/05/2026,25/05/2026,
1645942,365821,"FL BRASIL HOLDING, LOGISTICA E TRANSPORTE LTDA.",103093,"295/80R22,5 PM VL110LA 242",Em Produção,21/05/2026,25/05/2026,
1646000,365823,VIACAO CLEWIS LTDA,2223 com roda,"215/75R17,5 PM VM530L 200",Em Produção,21/05/2026,26/05/2026,
1646001,365823,VIACAO CLEWIS LTDA,4523 com roda,"215/75R17,5 PM VM530L 200",Em Produção,21/05/2026,26/05/2026,
1646002,365823,VIACAO CLEWIS LTDA,2941,"215/75R17,5 PM VM530L 200",Em Produção,21/05/2026,26/05/2026,
1646003,365823,VIACAO CLEWIS LTDA,2978,"215/75R17,5 PM DVRM 198",Em Produção,21/05/2026,26/05/2026,
1646004,365823,VIACAO CLEWIS LTDA,3199,"215/75R17,5 PM DVRM 198",Em Produção,21/05/2026,26/05/2026,
1646005,365823,VIACAO CLEWIS LTDA,4922,"215/75R17,5 PM VM530L 200",Em Produção,21/05/2026,26/05/2026,
1646006,365823,VIACAO CLEWIS LTDA,4622,"215/75R17,5 PM VM530L 200",Em Produção,21/05/2026,26/05/2026,
1646007,365823,VIACAO CLEWIS LTDA,3184,"215/75R17,5 PM VM530L 200",Em Produção,21/05/2026,26/05/2026,
1646008,365823,VIACAO CLEWIS LTDA,3060,"215/75R17,5 PM VM530L 200",Em Produção,21/05/2026,26/05/2026,
1646009,365823,VIACAO CLEWIS LTDA,2974,"215/75R17,5 PM VM530L 200",Em Produção,21/05/2026,26/05/2026,
1646010,365823,VIACAO CLEWIS LTDA,0623,"215/75R17,5 PM VM530L 200",Em Produção,21/05/2026,26/05/2026,
1646012,365824,VIACAO CLEWIS LTDA,2107076,"275/80R22,5 PM DV-RMB 250",Recusado no Exame Inicial,21/05/2026,26/05/2026,
1646011,365824,VIACAO CLEWIS LTDA,2103026,"275/80R22,5 PM DV-RMB 226",Em Produção,21/05/2026,26/05/2026,
1646013,365825,VIACAO CLEWIS LTDA,3285,"275/80R22,5 PM DVRM 234",Em Produção,21/05/2026,26/05/2026,
1646014,365825,VIACAO CLEWIS LTDA,3177,"275/80R22,5 PM DVRM 234",Em Produção,21/05/2026,26/05/2026,
1646015,365825,VIACAO CLEWIS LTDA,3364 com roda,"275/80R22,5 PM DVRM 250",Em Produção,21/05/2026,26/05/2026,
1646016,365825,VIACAO CLEWIS LTDA,3363 com roda,"275/80R22,5 PM DVRM 250",Em Produção,21/05/2026,26/05/2026,
1646167,365827,NOVA OPÇÃO SERVIÇOS DE LIMPEZA URBANO EIRELI,3923,"295/80R22,5 PM PBT19 230",Em Produção,22/05/2026,22/05/2026,
1646170,365827,NOVA OPÇÃO SERVIÇOS DE LIMPEZA URBANO EIRELI,3057,"295/80R22,5 PM PBT19 220",Em Produção,22/05/2026,22/05/2026,
1646171,365827,NOVA OPÇÃO SERVIÇOS DE LIMPEZA URBANO EIRELI,3024,"295/80R22,5 PM PBT19 220",Em Produção,22/05/2026,22/05/2026,
1646173,365827,NOVA OPÇÃO SERVIÇOS DE LIMPEZA URBANO EIRELI,4022,"295/80R22,5 PM PBT19 240",Em Produção,22/05/2026,22/05/2026,
1646174,365827,NOVA OPÇÃO SERVIÇOS DE LIMPEZA URBANO EIRELI,447,"295/80R22,5 PM PBT19 240",Em Produção,22/05/2026,22/05/2026,
1646175,365827,NOVA OPÇÃO SERVIÇOS DE LIMPEZA URBANO EIRELI,3980,"295/80R22,5 PM PBT19 230",Em Produção,22/05/2026,22/05/2026,
1646164,365827,NOVA OPÇÃO SERVIÇOS DE LIMPEZA URBANO EIRELI,85418,"295/80R22,5 PM PBT19 230",Em Produção,22/05/2026,22/05/2026,
1645907,365837,INTEC INTEGRAÇÃO NACIONAL TRANSP. ENCOMENDAS CARGAS LTDA,11172,"235/75R17,5 PM DVRM 242 *5G*",Em Produção,21/05/2026,26/05/2026,
1645954,365850,BRASPRESS TRANSPORTES URGENTES LTDA,059537,"295/80R22,5 REPARO VULC",Em Produção,21/05/2026,25/05/2026,
1645953,365850,BRASPRESS TRANSPORTES URGENTES LTDA,053862,"215/75R17,5 REPARO VULC",Em Produção,21/05/2026,25/05/2026,
1645955,365851,BRASPRESS TRANSPORTES URGENTES LTDA,039228,"295/80R22,5 PM VL110LA 234",Em Produção,21/05/2026,25/05/2026,
1645956,365851,BRASPRESS TRANSPORTES URGENTES LTDA,039226,"295/80R22,5 PM VL110LA 234",Em Produção,21/05/2026,25/05/2026,
1645957,365851,BRASPRESS TRANSPORTES URGENTES LTDA,042345,"295/80R22,5 PM VL110LA 242",Em Produção,21/05/2026,25/05/2026,
1645958,365851,BRASPRESS TRANSPORTES URGENTES LTDA,044681,"295/80R22,5 PM VL110LA 234",Em Produção,21/05/2026,25/05/2026,
1645960,365851,BRASPRESS TRANSPORTES URGENTES LTDA,045908,"295/80R22,5 PM VL110L 218",Em Produção,21/05/2026,25/05/2026,
1645961,365851,BRASPRESS TRANSPORTES URGENTES LTDA,046721,"295/80R22,5 PM VL110LA 226",Em Produção,21/05/2026,25/05/2026,
1645959,365851,BRASPRESS TRANSPORTES URGENTES LTDA,039229,"295/80R22,5 PM VL110LA 242",Em Produção,21/05/2026,25/05/2026,
1645962,365852,BRASPRESS TRANSPORTES URGENTES LTDA,050165,"215/75R17,5 PM VZE-1 190",Em Produção,21/05/2026,25/05/2026,
1645963,365852,BRASPRESS TRANSPORTES URGENTES LTDA,051994,"215/75R17,5 PM VZE-1 190",Em Produção,21/05/2026,25/05/2026,
1645964,365852,BRASPRESS TRANSPORTES URGENTES LTDA,043697,"215/75R17,5 PM VZE-1 190",Em Produção,21/05/2026,25/05/2026,
1645965,365852,BRASPRESS TRANSPORTES URGENTES LTDA,055327,"215/75R17,5 PM VZE-1 190",Em Produção,21/05/2026,25/05/2026,
1645966,365852,BRASPRESS TRANSPORTES URGENTES LTDA,055328,"215/75R17,5 PM VZE-1 190",Em Produção,21/05/2026,25/05/2026,
1646063,365880,CORPUS SANEAMENTO E OBRAS LTDA,27379,"275/80R22,5 PM PBA64-S 235",Em Produção,21/05/2026,25/05/2026,
1646055,365880,CORPUS SANEAMENTO E OBRAS LTDA,26609,"275/80R22,5 PM PBA64-S 235",Em Produção,21/05/2026,25/05/2026,
1646056,365880,CORPUS SANEAMENTO E OBRAS LTDA,25869,"275/80R22,5 PM PBA64-S 235",Em Produção,21/05/2026,25/05/2026,
1646057,365880,CORPUS SANEAMENTO E OBRAS LTDA,27440,"275/80R22,5 PM PBA64-S 235",Em Produção,21/05/2026,25/05/2026,
1646058,365880,CORPUS SANEAMENTO E OBRAS LTDA,26622,"275/80R22,5 PM PBA64-S 235",Em Produção,21/05/2026,25/05/2026,
1646059,365880,CORPUS SANEAMENTO E OBRAS LTDA,27527,"275/80R22,5 PM PBA64-S 235",Em Produção,21/05/2026,25/05/2026,
1646060,365880,CORPUS SANEAMENTO E OBRAS LTDA,27313,"275/80R22,5 PM PBA64-S 235",Em Produção,21/05/2026,25/05/2026,
1646061,365880,CORPUS SANEAMENTO E OBRAS LTDA,21911,"275/80R22,5 PM PBA64-S 235",Em Produção,21/05/2026,25/05/2026,
1646062,365880,CORPUS SANEAMENTO E OBRAS LTDA,27446,"275/80R22,5 PM PBA64-S 235",Em Produção,21/05/2026,25/05/2026,
1646064,365880,CORPUS SANEAMENTO E OBRAS LTDA,27527,"275/80R22,5 PM PBA64-S 235",Em Produção,21/05/2026,25/05/2026,
1646065,365880,CORPUS SANEAMENTO E OBRAS LTDA,27526,"275/80R22,5 PM PBA64-S 235",Em Produção,21/05/2026,25/05/2026,
1646067,365881,COOPERATIVA DE CONSUMO DOS TRANSPORTADORES RODOVIARIOS AUTON,1623,"295/80R22,5 PM VL110LA 226",Em Produção,21/05/2026,25/05/2026,
1646068,365881,COOPERATIVA DE CONSUMO DOS TRANSPORTADORES RODOVIARIOS AUTON,1623,"295/80R22,5 PM VL110LA 226",Em Produção,21/05/2026,25/05/2026,
1646070,365881,COOPERATIVA DE CONSUMO DOS TRANSPORTADORES RODOVIARIOS AUTON,2024,"295/80R22,5 PM VL110LA 242",Em Produção,21/05/2026,25/05/2026,
1646074,365881,COOPERATIVA DE CONSUMO DOS TRANSPORTADORES RODOVIARIOS AUTON,0124,"295/80R22,5 PM VL110LA 242",Em Produção,21/05/2026,25/05/2026,
1646077,365883,STR COMERCIAL LTDA,0000,"12X16,5 PM DV-MTB 242",Em Produção,21/05/2026,25/05/2026,
1646078,365883,STR COMERCIAL LTDA,0000,"12X16,5 PM DV-MTB 242",Em Produção,21/05/2026,25/05/2026,
1646079,365883,STR COMERCIAL LTDA,0000,"12X16,5 PM DV-MTB 242",Em Produção,21/05/2026,25/05/2026,
1646080,365883,STR COMERCIAL LTDA,0000,"12X16,5 PM DV-MTB 242",Em Produção,21/05/2026,25/05/2026,
1646081,365883,STR COMERCIAL LTDA,0000,"12X16,5 PM DV-MTB 242",Em Produção,21/05/2026,25/05/2026,
1646082,365883,STR COMERCIAL LTDA,0000,"12X16,5 PM DV-MTB 242",Em Produção,21/05/2026,25/05/2026,
1646083,365883,STR COMERCIAL LTDA,0000,"12X16,5 PM DV-MTB 242",Em Produção,21/05/2026,25/05/2026,
1646084,365883,STR COMERCIAL LTDA,0000,"12X16,5 PM DV-MTB 242",Em Produção,21/05/2026,25/05/2026,
1646085,365883,STR COMERCIAL LTDA,0000,"12X16,5 PM DV-MTB 242",Em Produção,21/05/2026,25/05/2026,
1646086,365884,SID,17274,"295/80R22,5 PM VL110LA 218",Em Produção,21/05/2026,21/05/2026,
1646087,365884,SID,3022,"295/80R22,5 PM VL110LA 218",Em Produção,21/05/2026,21/05/2026,
1646616,365888,GAB TRANSPORTES LTDA,Gab69672,"295/80R22,5 PM VL110LA 234",Em Produção,22/05/2026,27/05/2026,
1646617,365890,GUEDES AMORIM TRANSPORTES LTDA,1923,"235/75R17,5 PM DVRM 198 *5G*",Em Produção,22/05/2026,27/05/2026,
1646618,365890,GUEDES AMORIM TRANSPORTES LTDA,1923A,"235/75R17,5 PM DVRM 226 *5G*",Em Produção,22/05/2026,27/05/2026,
1646619,365890,GUEDES AMORIM TRANSPORTES LTDA,1923B,"235/75R17,5 PM DVRM 198 *5G*",Em Produção,22/05/2026,27/05/2026,
1646364,365891,LEMAR LOGISTICA E TRANSPORTES LTDA,11965,"295/80R22,5 PM VRT2 258",Em Produção,22/05/2026,26/05/2026,
1646366,365891,LEMAR LOGISTICA E TRANSPORTES LTDA,7462,"295/80R22,5 PM VL110LA 242",Em Produção,22/05/2026,26/05/2026,
1646367,365891,LEMAR LOGISTICA E TRANSPORTES LTDA,8205,"295/80R22,5 PM VL110LA 242",Em Produção,22/05/2026,26/05/2026,
1646368,365891,LEMAR LOGISTICA E TRANSPORTES LTDA,10833,"295/80R22,5 PM VL110LA 226",Em Produção,22/05/2026,26/05/2026,
1646369,365891,LEMAR LOGISTICA E TRANSPORTES LTDA,10997,"295/80R22,5 PM VL110LA 226",Em Produção,22/05/2026,26/05/2026,
1646365,365891,LEMAR LOGISTICA E TRANSPORTES LTDA,8986,"295/80R22,5 PM VL110LA 242",Em Produção,22/05/2026,26/05/2026,
1646370,365892,LEMAR LOGISTICA E TRANSPORTES LTDA,13306,"295/80R22,5 REPARO VULC",Em Produção,22/05/2026,27/05/2026,
1646371,365892,LEMAR LOGISTICA E TRANSPORTES LTDA,13303,"295/80R22,5 REPARO VULC",Em Produção,22/05/2026,27/05/2026,
1646373,365892,LEMAR LOGISTICA E TRANSPORTES LTDA,13302,"295/80R22,5 REPARO VULC",Em Produção,22/05/2026,27/05/2026,
1646374,365892,LEMAR LOGISTICA E TRANSPORTES LTDA,9513,"295/80R22,5 REPARO VULC",Em Produção,22/05/2026,27/05/2026,
1646375,365892,LEMAR LOGISTICA E TRANSPORTES LTDA,11079,"295/80R22,5 REPARO VULC",Em Produção,22/05/2026,27/05/2026,
1646376,365892,LEMAR LOGISTICA E TRANSPORTES LTDA,9346,"295/80R22,5 REPARO VULC",Em Produção,22/05/2026,27/05/2026,
1646377,365892,LEMAR LOGISTICA E TRANSPORTES LTDA,12900,"295/80R22,5 REPARO VULC",Em Produção,22/05/2026,27/05/2026,
1646378,365892,LEMAR LOGISTICA E TRANSPORTES LTDA,13301,"295/80R22,5 REPARO VULC",Em Produção,22/05/2026,27/05/2026,
1646372,365892,LEMAR LOGISTICA E TRANSPORTES LTDA,13305,"295/80R22,5 REPARO VULC",Em Produção,22/05/2026,27/05/2026,
1646740,365896,VIAÇÃO METROPOLE PAULISTA S/A - BRAS,88554,"295/80R22,5 PM DVUM3 B 250",Em Produção,25/05/2026,27/05/2026,
1646294,365897,VIAÇÃO METROPOLE PAULISTA S/A - M BOI MIRIM,319680,"295/80R22,5 PM DVUM3 B 250",Recusado no Exame Final,22/05/2026,26/05/2026,
1646295,365897,VIAÇÃO METROPOLE PAULISTA S/A - M BOI MIRIM,319617,"295/80R22,5 PM DVUM3 B 250",Em Produção,22/05/2026,26/05/2026,
1646114,365899,TOBIAS & FIGUEIREDO CONSTRUCAO COMERCIO E SERVICOS EIRELLI,2922,"215/75R17,5 PM VZE-1 190",Em Produção,22/05/2026,25/05/2026,
1646112,365899,TOBIAS & FIGUEIREDO CONSTRUCAO COMERCIO E SERVICOS EIRELLI,3924,"235/75R17,5 PM VL110L 210",Em Produção,22/05/2026,25/05/2026,
1646113,365899,TOBIAS & FIGUEIREDO CONSTRUCAO COMERCIO E SERVICOS EIRELLI,4718,"235/75R17,5 PM VL110L 210",Em Produção,22/05/2026,25/05/2026,
1646111,365899,TOBIAS & FIGUEIREDO CONSTRUCAO COMERCIO E SERVICOS EIRELLI,4420,"235/75R17,5 PM VL110L 210",Em Produção,22/05/2026,25/05/2026,
1646420,365900,TRANSPORTES BORELLI LTDA,34415,"295/80R22,5 PM VL110LA 234",Em Produção,22/05/2026,26/05/2026,
1646421,365900,TRANSPORTES BORELLI LTDA,34417,"295/80R22,5 PM VL110LA 234",Em Produção,22/05/2026,26/05/2026,
1646422,365900,TRANSPORTES BORELLI LTDA,34430,"295/80R22,5 PM VL110LA 234",Em Produção,22/05/2026,26/05/2026,
1646423,365900,TRANSPORTES BORELLI LTDA,34416,"295/80R22,5 PM VL110LA 234",Recusado no Exame Final,22/05/2026,26/05/2026,
1646424,365900,TRANSPORTES BORELLI LTDA,33769,"295/80R22,5 PM VL110LA 234",Em Produção,22/05/2026,26/05/2026,
1646425,365900,TRANSPORTES BORELLI LTDA,32486,"295/80R22,5 PM VL110LA 234",Em Produção,22/05/2026,26/05/2026,
1646426,365900,TRANSPORTES BORELLI LTDA,32625,"295/80R22,5 PM VL110LA 234",Em Produção,22/05/2026,26/05/2026,
1646427,365900,TRANSPORTES BORELLI LTDA,31876,"295/80R22,5 PM VL130 226",Em Produção,22/05/2026,26/05/2026,
1646428,365900,TRANSPORTES BORELLI LTDA,31913,"295/80R22,5 PM VL130 226",Em Produção,22/05/2026,26/05/2026,
1646429,365900,TRANSPORTES BORELLI LTDA,31914,"295/80R22,5 PM VL130 226",Em Produção,22/05/2026,26/05/2026,
1646380,365901,VIACAO OSASCO LTDA,42471,"275/80R22,5 PM DVUM3 B 234",Em Produção,22/05/2026,26/05/2026,
1646379,365901,VIACAO OSASCO LTDA,40820,"275/80R22,5 PM DVUM3 B 234",Em Produção,22/05/2026,26/05/2026,
1646385,365901,VIACAO OSASCO LTDA,42399,"295/80R22,5 PM DVUM3 B 250",Recusado no Exame Final,22/05/2026,26/05/2026,
1646381,365901,VIACAO OSASCO LTDA,41779,"275/80R22,5 PM DVUM3 B 242",Em Produção,22/05/2026,26/05/2026,
1646382,365901,VIACAO OSASCO LTDA,41997,"275/80R22,5 PM DVUM3 B 234",Em Produção,22/05/2026,26/05/2026,
1646383,365901,VIACAO OSASCO LTDA,40760,"275/80R22,5 PM DVUM3 B 242",Em Produção,22/05/2026,26/05/2026,
1646384,365901,VIACAO OSASCO LTDA,42594,"275/80R22,5 PM DVUM3 B 242",Em Produção,22/05/2026,26/05/2026,
1646386,365901,VIACAO OSASCO LTDA,41399,"275/80R22,5 PM DVUM3 B 242",Em Produção,22/05/2026,26/05/2026,
1646741,365905,AMBIENTAL TRANSPORTES URBANOS S/A,62705,"295/80R22,5 PM DVUM3 250",Em Produção,25/05/2026,26/05/2026,
1646742,365905,AMBIENTAL TRANSPORTES URBANOS S/A,62706,"295/80R22,5 PM DVUM3 250",Em Produção,25/05/2026,26/05/2026,
1646345,365907,NORTE BUSS TRANSPORTES S/A,e4230,"235/75R17,5 PM DVRM 198",Em Produção,22/05/2026,26/05/2026,
1646348,365907,NORTE BUSS TRANSPORTES S/A,e3074,"235/75R17,5 PM DVRM 198",Em Produção,22/05/2026,26/05/2026,
1646350,365907,NORTE BUSS TRANSPORTES S/A,e4381,"215/75R17,5 PM VZE-1 190",Recusado no Exame Inicial,22/05/2026,26/05/2026,
1646351,365907,NORTE BUSS TRANSPORTES S/A,e3323,"215/75R17,5 PM VZE-1 190",Em Produção,22/05/2026,26/05/2026,
1646346,365907,NORTE BUSS TRANSPORTES S/A,e3229,"235/75R17,5 PM DVRM 198",Em Produção,22/05/2026,26/05/2026,
1646347,365907,NORTE BUSS TRANSPORTES S/A,e3196,"235/75R17,5 PM DVRM 198",Em Produção,22/05/2026,26/05/2026,
1646349,365907,NORTE BUSS TRANSPORTES S/A,e3674,"215/75R17,5 PM VZE-1 190",Em Produção,22/05/2026,26/05/2026,
1646352,365907,NORTE BUSS TRANSPORTES S/A,e4659,"215/75R17,5 PM VZE-1 190",Em Produção,22/05/2026,26/05/2026,
1646353,365907,NORTE BUSS TRANSPORTES S/A,e4664,"215/75R17,5 PM VZE-1 190",Em Produção,22/05/2026,26/05/2026,
1646354,365908,NORTE BUSS TRANSPORTES S/A,e4259,"295/80R22,5 PM DVUM3 B 250",Em Produção,22/05/2026,26/05/2026,
1646545,365917,ENIND ENGENHARIA E CONSTRUCAO LTDA,2419,"275/80R22,5 PM VL110LA 242",Em Produção,22/05/2026,24/05/2026,
1646546,365917,ENIND ENGENHARIA E CONSTRUCAO LTDA,4622,"275/80R22,5 PM VL110LA 242",Em Produção,22/05/2026,24/05/2026,
1646547,365917,ENIND ENGENHARIA E CONSTRUCAO LTDA,4821,"275/80R22,5 PM VL110LA 242",Em Produção,22/05/2026,24/05/2026,
1646548,365917,ENIND ENGENHARIA E CONSTRUCAO LTDA,2321,"275/80R22,5 PM VL110LA 242",Em Produção,22/05/2026,24/05/2026,
1646549,365918,ENIND ENGENHARIA E CONSTRUCAO LTDA,4023,"275/80R22,5 PM VL110LA 242",Em Produção,22/05/2026,25/05/2026,
1646550,365918,ENIND ENGENHARIA E CONSTRUCAO LTDA,3420,"275/80R22,5 PM VL110LA 242",Em Produção,22/05/2026,25/05/2026,
1646296,365920,AUTO VIAÇÃO TRANSCAP LTDA,17269,"295/80R22,5 PM DVUM3 B 250",Em Produção,22/05/2026,26/05/2026,
1646297,365920,AUTO VIAÇÃO TRANSCAP LTDA,17507,"295/80R22,5 PM DVUM3 B 250",Em Produção,22/05/2026,26/05/2026,
1646298,365920,AUTO VIAÇÃO TRANSCAP LTDA,17257,"295/80R22,5 PM DVUM3 B 250",Em Produção,22/05/2026,26/05/2026,
1646299,365920,AUTO VIAÇÃO TRANSCAP LTDA,16933,"295/80R22,5 PM DVUM3 B 250",Em Produção,22/05/2026,26/05/2026,
1646301,365920,AUTO VIAÇÃO TRANSCAP LTDA,18295,"275/80R22,5 PM DVUM3 B 234",Em Produção,22/05/2026,26/05/2026,
1646302,365920,AUTO VIAÇÃO TRANSCAP LTDA,18224,"275/80R22,5 PM DVUM3 B 234",Em Produção,22/05/2026,26/05/2026,
1646300,365920,AUTO VIAÇÃO TRANSCAP LTDA,16842,"295/80R22,5 PM DVUM3 B 250 *5G*",Em Produção,22/05/2026,26/05/2026,
1646303,365924,VIAÇÃO CAMPO BELO LTDA,80001G2,"295/80R22,5 PM DVUM3 B 250",Em Produção,22/05/2026,26/05/2026,
1646304,365924,VIAÇÃO CAMPO BELO LTDA,53730 G2,"295/80R22,5 PM DVUM3 B 250",Em Produção,22/05/2026,26/05/2026,
1646305,365924,VIAÇÃO CAMPO BELO LTDA,53948 G2,"295/80R22,5 PM DVUM3 B 250",Em Produção,22/05/2026,26/05/2026,
1646306,365924,VIAÇÃO CAMPO BELO LTDA,53844 G2,"295/80R22,5 PM DVUM3 B 250",Em Produção,22/05/2026,26/05/2026,
1646307,365924,VIAÇÃO CAMPO BELO LTDA,79443 G2,"295/80R22,5 PM DVUM3 B 250",Em Produção,22/05/2026,26/05/2026,
1646308,365924,VIAÇÃO CAMPO BELO LTDA,53764 G2,"295/80R22,5 PM DVUM3 B 250",Em Produção,22/05/2026,26/05/2026,
1646309,365924,VIAÇÃO CAMPO BELO LTDA,53602 G2,"295/80R22,5 PM DVUM3 B 250",Em Produção,22/05/2026,26/05/2026,
1646389,365930,LUFT LOGISTICS LTDA,35053,"295/80R22,5 PM VT120L 234 *5G*",Em Produção,22/05/2026,26/05/2026,
1646390,365930,LUFT LOGISTICS LTDA,35054,"295/80R22,5 PM VT120L 234 *5G*",Em Produção,22/05/2026,26/05/2026,
1646391,365930,LUFT LOGISTICS LTDA,35052,"295/80R22,5 PM VT120L 234 *5G*",Em Produção,22/05/2026,26/05/2026,
1646387,365930,LUFT LOGISTICS LTDA,32661,"275/70R22,5 PM VL110LA 226 *5G*",Em Produção,22/05/2026,26/05/2026,
1646388,365930,LUFT LOGISTICS LTDA,32934,"295/80R22,5 PM VL110LA 226 *5G*",Em Produção,22/05/2026,26/05/2026,
1646393,365931,LUFT LOGISTICS LTDA,32931,"295/80R22,5 PM VL110LA 226 *5G*",Em Produção,22/05/2026,26/05/2026,
1646392,365931,LUFT LOGISTICS LTDA,35055,"295/80R22,5 PM VT120L 234 *5G*",Em Produção,22/05/2026,26/05/2026,
1646394,365931,LUFT LOGISTICS LTDA,32932,"295/80R22,5 PM VL110LA 218 *5G*",Em Produção,22/05/2026,26/05/2026,
1646395,365931,LUFT LOGISTICS LTDA,33235,"275/70R22,5 PM VL110LA 226 *5G*",Em Produção,22/05/2026,26/05/2026,
1646310,365936,ADVANCE TRANSATUR TRANSPORTADORA TURÍSTICA LTDA,2524,"295/80R22,5 REPARO VULC",Recusado no Exame Final,22/05/2026,26/05/2026,
1646311,365936,ADVANCE TRANSATUR TRANSPORTADORA TURÍSTICA LTDA,0326,"295/80R22,5 REPARO VULC",Em Produção,22/05/2026,26/05/2026,
1646434,365940,ECOURBIS AMBIENTAL S/A,19771,"275/80R22,5 PM VZY 2 235",Em Produção,22/05/2026,26/05/2026,
1646435,365940,ECOURBIS AMBIENTAL S/A,19438,"275/80R22,5 PM VZY 2 235",Em Produção,22/05/2026,26/05/2026,
1646438,365940,ECOURBIS AMBIENTAL S/A,19060,"275/80R22,5 PM VZY 2 235",Recusado no Exame Final,22/05/2026,26/05/2026,
1646439,365940,ECOURBIS AMBIENTAL S/A,19121,"275/80R22,5 PM VZY 2 235",Recusado no Exame Inicial,22/05/2026,26/05/2026,
1646440,365940,ECOURBIS AMBIENTAL S/A,20126,"275/80R22,5 PM VZY 2 235",Em Produção,22/05/2026,26/05/2026,
1646441,365940,ECOURBIS AMBIENTAL S/A,19943,"275/80R22,5 PM VZY 2 235",Recusado no Exame Inicial,22/05/2026,26/05/2026,
1646446,365940,ECOURBIS AMBIENTAL S/A,17387,"275/80R22,5 PM VL110LA 226",Em Produção,22/05/2026,26/05/2026,
1646430,365940,ECOURBIS AMBIENTAL S/A,19980,"275/80R22,5 PM VZY 2 235",Em Produção,22/05/2026,26/05/2026,
1646431,365940,ECOURBIS AMBIENTAL S/A,19685,"275/80R22,5 PM VZY 2 235",Em Produção,22/05/2026,26/05/2026,
1646432,365940,ECOURBIS AMBIENTAL S/A,19894,"275/80R22,5 PM VZY 2 235",Em Produção,22/05/2026,26/05/2026,
1646433,365940,ECOURBIS AMBIENTAL S/A,19506,"275/80R22,5 PM VZY 2 235",Em Produção,22/05/2026,26/05/2026,
1646436,365940,ECOURBIS AMBIENTAL S/A,19507,"275/80R22,5 PM VZY 2 235",Em Produção,22/05/2026,26/05/2026,
1646437,365940,ECOURBIS AMBIENTAL S/A,19508,"275/80R22,5 PM VZY 2 235",Em Produção,22/05/2026,26/05/2026,
1646448,365940,ECOURBIS AMBIENTAL S/A,19613,225/75R16 PM VP430L 185,Em Produção,22/05/2026,26/05/2026,
1646449,365940,ECOURBIS AMBIENTAL S/A,19287,225/75R16 PM VP430L 185,Em Produção,22/05/2026,26/05/2026,
1646450,365940,ECOURBIS AMBIENTAL S/A,17531,225/75R16 PM VP430L 175,Em Produção,22/05/2026,26/05/2026,
1646451,365940,ECOURBIS AMBIENTAL S/A,20416,225/75R16 PM VP430L 195,Em Produção,22/05/2026,26/05/2026,
1646442,365940,ECOURBIS AMBIENTAL S/A,18963,"275/80R22,5 PM VZY 2 235",Em Produção,22/05/2026,26/05/2026,
1646443,365940,ECOURBIS AMBIENTAL S/A,17920,"275/80R22,5 PM VL110LA 226",Em Produção,22/05/2026,26/05/2026,
1646444,365940,ECOURBIS AMBIENTAL S/A,17951,"275/80R22,5 PM VL110LA 226",Em Produção,22/05/2026,26/05/2026,
1646445,365940,ECOURBIS AMBIENTAL S/A,17853,"275/80R22,5 PM VL110LA 226",Em Produção,22/05/2026,26/05/2026,
1646447,365940,ECOURBIS AMBIENTAL S/A,18493,"275/80R22,5 PM VZY 2 235",Em Produção,22/05/2026,26/05/2026,
1646396,365941,TRANSPORTES E TURISMO CORAL LTDA,1618,"275/80R22,5 REPARO VULC",Em Produção,22/05/2026,26/05/2026,
1646397,365941,TRANSPORTES E TURISMO CORAL LTDA,1386,"275/80R22,5 PM DVUM3 B 242",Em Produção,22/05/2026,26/05/2026,
1646398,365941,TRANSPORTES E TURISMO CORAL LTDA,1380,"275/80R22,5 PM DVUM3 B 242",Em Produção,22/05/2026,26/05/2026,
1646399,365941,TRANSPORTES E TURISMO CORAL LTDA,1258,"275/80R22,5 PM DVUM3 B 242",Em Produção,22/05/2026,26/05/2026,
1646400,365941,TRANSPORTES E TURISMO CORAL LTDA,1206,"275/80R22,5 PM DVUM3 B 242",Em Produção,22/05/2026,26/05/2026,
1646401,365941,TRANSPORTES E TURISMO CORAL LTDA,1458,"275/80R22,5 PM DVUM3 B 242",Em Produção,22/05/2026,26/05/2026,
1646620,365944,TRANSITO LIVRE TRANSPORTES E TURISMO LTDA,239057,"295/80R22,5 PM DVRM 242",Em Produção,22/05/2026,27/05/2026,
1646621,365944,TRANSITO LIVRE TRANSPORTES E TURISMO LTDA,2501129,"295/80R22,5 PM DVRM 242",Em Produção,22/05/2026,27/05/2026,
1646622,365944,TRANSITO LIVRE TRANSPORTES E TURISMO LTDA,241187,"295/80R22,5 PM VL130 242",Em Produção,22/05/2026,27/05/2026,
1646623,365944,TRANSITO LIVRE TRANSPORTES E TURISMO LTDA,250536,"295/80R22,5 PM DVRM 242",Em Produção,22/05/2026,27/05/2026,
1646452,365947,EXPRESS TRANSPORTES URBANOS LTDA,30921,"295/80R22,5 PM DVUM3 B 250",Em Produção,22/05/2026,26/05/2026,
1646453,365947,EXPRESS TRANSPORTES URBANOS LTDA,30653,"295/80R22,5 PM DVUM3 B 250",Em Produção,22/05/2026,26/05/2026,
1646454,365947,EXPRESS TRANSPORTES URBANOS LTDA,30440,"295/80R22,5 PM DVUM3 B 250",Em Produção,22/05/2026,26/05/2026,
1646455,365947,EXPRESS TRANSPORTES URBANOS LTDA,28769,"295/80R22,5 PM DVUM3 B 250",Em Produção,22/05/2026,26/05/2026,
1646457,365947,EXPRESS TRANSPORTES URBANOS LTDA,32096,"295/80R22,5 PM DVUM3 B 250",Em Produção,22/05/2026,26/05/2026,
1646458,365947,EXPRESS TRANSPORTES URBANOS LTDA,31443,"295/80R22,5 PM DVUM3 B 250",Em Produção,22/05/2026,26/05/2026,
1646459,365947,EXPRESS TRANSPORTES URBANOS LTDA,30575,"295/80R22,5 PM DVUM3 B 250",Em Produção,22/05/2026,26/05/2026,
1646460,365947,EXPRESS TRANSPORTES URBANOS LTDA,32164,"295/80R22,5 PM DVUM3 B 250",Em Produção,22/05/2026,26/05/2026,
1646461,365947,EXPRESS TRANSPORTES URBANOS LTDA,32104,"295/80R22,5 PM DVUM3 B 250",Em Produção,22/05/2026,26/05/2026,
1646462,365947,EXPRESS TRANSPORTES URBANOS LTDA,31261,"295/80R22,5 PM DVUM3 B 250",Em Produção,22/05/2026,26/05/2026,
1646463,365947,EXPRESS TRANSPORTES URBANOS LTDA,29564,"295/80R22,5 PM DVUM3 B 250",Em Produção,22/05/2026,26/05/2026,
1646464,365947,EXPRESS TRANSPORTES URBANOS LTDA,30039,"295/80R22,5 PM DVUM3 B 250",Em Produção,22/05/2026,26/05/2026,
1646465,365947,EXPRESS TRANSPORTES URBANOS LTDA,31024,"295/80R22,5 PM DVUM3 B 250",Em Produção,22/05/2026,26/05/2026,
1646466,365947,EXPRESS TRANSPORTES URBANOS LTDA,30020,"295/80R22,5 PM DVUM3 B 242",Recusado no Exame Inicial,22/05/2026,26/05/2026,
1646467,365947,EXPRESS TRANSPORTES URBANOS LTDA,33017,"295/80R22,5 PM DVUM3 B 250",Em Produção,22/05/2026,26/05/2026,
1646468,365947,EXPRESS TRANSPORTES URBANOS LTDA,31654,"295/80R22,5 PM DVUM3 B 250",Em Produção,22/05/2026,26/05/2026,
1646470,365947,EXPRESS TRANSPORTES URBANOS LTDA,49784,"295/80R22,5 PM DVUM3 B 250",Em Produção,22/05/2026,26/05/2026,
1646474,365947,EXPRESS TRANSPORTES URBANOS LTDA,32619,"295/80R22,5 PM DVUM3 B 250",Em Produção,22/05/2026,26/05/2026,
1646475,365947,EXPRESS TRANSPORTES URBANOS LTDA,32453,"295/80R22,5 PM DVUM3 B 250",Em Produção,22/05/2026,26/05/2026,
1646480,365947,EXPRESS TRANSPORTES URBANOS LTDA,32621,"295/80R22,5 PM DVUM3 B 250",Em Produção,22/05/2026,26/05/2026,
1646456,365947,EXPRESS TRANSPORTES URBANOS LTDA,31230,"295/80R22,5 PM DVUM3 B 250",Em Produção,22/05/2026,26/05/2026,
1646469,365947,EXPRESS TRANSPORTES URBANOS LTDA,31702,"295/80R22,5 PM DVUM3 B 250",Em Produção,22/05/2026,26/05/2026,
1646471,365947,EXPRESS TRANSPORTES URBANOS LTDA,31638,"295/80R22,5 PM DVUM3 B 250",Em Produção,22/05/2026,26/05/2026,
1646472,365947,EXPRESS TRANSPORTES URBANOS LTDA,32456,"295/80R22,5 PM DVUM3 B 250",Em Produção,22/05/2026,26/05/2026,
1646473,365947,EXPRESS TRANSPORTES URBANOS LTDA,32133,"295/80R22,5 PM DVUM3 B 250",Em Produção,22/05/2026,26/05/2026,
1646476,365947,EXPRESS TRANSPORTES URBANOS LTDA,30289,"295/80R22,5 PM DVUM3 B 242",Recusado no Exame Inicial,22/05/2026,26/05/2026,
1646477,365947,EXPRESS TRANSPORTES URBANOS LTDA,28389,"295/80R22,5 PM DVUM3 B 242",Recusado no Exame Inicial,22/05/2026,26/05/2026,
1646478,365947,EXPRESS TRANSPORTES URBANOS LTDA,31772,"295/80R22,5 PM DVUM3 B 250",Em Produção,22/05/2026,26/05/2026,
1646479,365947,EXPRESS TRANSPORTES URBANOS LTDA,31769,"295/80R22,5 PM DVUM3 B 250",Em Produção,22/05/2026,26/05/2026,
1646481,365947,EXPRESS TRANSPORTES URBANOS LTDA,31687,"295/80R22,5 PM DVUM3 B 242",Recusado no Exame Inicial,22/05/2026,26/05/2026,
1646743,365948,TRANSTASSI LTDA,2310009,"295/80R22,5 PM VL110LA 234",Em Produção,25/05/2026,01/06/2026,
1646744,365948,TRANSTASSI LTDA,21535,"295/80R22,5 PM VL110LA 234",Em Produção,25/05/2026,01/06/2026,
1646745,365948,TRANSTASSI LTDA,22448,"295/80R22,5 PM VL110LA 234",Em Produção,25/05/2026,01/06/2026,
1646746,365949,TRANSTASSI LTDA,21769,"295/80R22,5 REPARO VULC",Recusado no Exame Final,25/05/2026,01/06/2026,
1646747,365949,TRANSTASSI LTDA,27618,"295/80R22,5 REPARO VULC",Em Produção,25/05/2026,01/06/2026,
1646748,365949,TRANSTASSI LTDA,2507051,"295/80R22,5 REPARO VULC",Em Produção,25/05/2026,01/06/2026,
1646749,365949,TRANSTASSI LTDA,2312066,"295/80R22,5 REPARO VULC",Em Produção,25/05/2026,01/06/2026,
1646355,365951,OPR LOGISTICA PONTUAL LTDA,3124,"295/80R22,5 PM VT120L 250",Em Produção,22/05/2026,26/05/2026,
1646356,365951,OPR LOGISTICA PONTUAL LTDA,3224,"295/80R22,5 PM VT120L 250",Em Produção,22/05/2026,26/05/2026,
1646357,365951,OPR LOGISTICA PONTUAL LTDA,4021,"295/80R22,5 PM VL110LA 242",Em Produção,22/05/2026,26/05/2026,
1646358,365951,OPR LOGISTICA PONTUAL LTDA,3723,"275/80R22,5 PM VL110LA 242",Em Produção,22/05/2026,26/05/2026,
1646359,365952,PROTEGE S/A PROTEÇÃO E TRANSP DE VALORES,2922,"235/75R17,5 PM DVRM 190",Recusado no Exame Inicial,22/05/2026,26/05/2026,
1646360,365952,PROTEGE S/A PROTEÇÃO E TRANSP DE VALORES,2121,"235/75R17,5 PM DVRM 190",Recusado no Exame Inicial,22/05/2026,26/05/2026,
1646361,365952,PROTEGE S/A PROTEÇÃO E TRANSP DE VALORES,1623,"215/75R17,5 PM VZE-1 190",Em Produção,22/05/2026,26/05/2026,
1646363,365952,PROTEGE S/A PROTEÇÃO E TRANSP DE VALORES,2223,"215/75R17,5 PM VZE-1 190",Em Produção,22/05/2026,26/05/2026,
1646362,365952,PROTEGE S/A PROTEÇÃO E TRANSP DE VALORES,4123,"215/75R17,5 PM VZE-1 190",Em Produção,22/05/2026,26/05/2026,
1646402,365953,POLIMIX CONCRETO LTDA,1023,"275/80R22,5 PM VM530L 242",Em Produção,22/05/2026,27/05/2026,
1646403,365953,POLIMIX CONCRETO LTDA,5223,"275/80R22,5 PM VM530L 242",Em Produção,22/05/2026,27/05/2026,
1646404,365953,POLIMIX CONCRETO LTDA,5223,"275/80R22,5 PM VM530L 242",Em Produção,22/05/2026,27/05/2026,
1646405,365953,POLIMIX CONCRETO LTDA,3923,"275/80R22,5 PM VM530L 242",Em Produção,22/05/2026,27/05/2026,
1646406,365953,POLIMIX CONCRETO LTDA,3323,"275/80R22,5 PM VM530L 242",Em Produção,22/05/2026,27/05/2026,
1646407,365953,POLIMIX CONCRETO LTDA,1023,"275/80R22,5 PM VM530L 242",Em Produção,22/05/2026,27/05/2026,
1646408,365953,POLIMIX CONCRETO LTDA,3923,"275/80R22,5 PM VM530L 242",Em Produção,22/05/2026,27/05/2026,
1646409,365953,POLIMIX CONCRETO LTDA,3323,"275/80R22,5 PM VM530L 242",Em Produção,22/05/2026,27/05/2026,
1646410,365953,POLIMIX CONCRETO LTDA,3923,"275/80R22,5 PM VM530L 242",Em Produção,22/05/2026,27/05/2026,
1646411,365953,POLIMIX CONCRETO LTDA,3723,"275/80R22,5 PM VM530L 242",Em Produção,22/05/2026,27/05/2026,
1646750,365955,LAUTO CARGO TRANSPORTE RODOVIARIOS SD.A,32508,"275/80R22,5 PM VL110LA 226",Em Produção,25/05/2026,26/05/2026,
1646751,365955,LAUTO CARGO TRANSPORTE RODOVIARIOS SD.A,76940,"275/80R22,5 PM VL110LA 226",Em Produção,25/05/2026,26/05/2026,
1646752,365955,LAUTO CARGO TRANSPORTE RODOVIARIOS SD.A,2421,"275/80R22,5 PM VL110LA 226",Em Produção,25/05/2026,26/05/2026,
1646753,365955,LAUTO CARGO TRANSPORTE RODOVIARIOS SD.A,1021,"275/80R22,5 PM VL110LA 226",Em Produção,25/05/2026,26/05/2026,
1646624,365960,MULTILIXO REMOCOES DE LIXO S/S LTDA,A8657,"275/80R22,5 PM VM530L 242 *5G*",Recusado no Exame Inicial,22/05/2026,28/05/2026,
1646627,365960,MULTILIXO REMOCOES DE LIXO S/S LTDA,12522,"275/80R22,5 PM VM530L 242 *5G*",Recusado no Exame Final,22/05/2026,28/05/2026,
1646631,365960,MULTILIXO REMOCOES DE LIXO S/S LTDA,14281,"275/80R22,5 PM VM530L 242 *5G*",Recusado no Exame Inicial,22/05/2026,28/05/2026,
1646645,365960,MULTILIXO REMOCOES DE LIXO S/S LTDA,20273,"295/80R22,5 PM VM530L 242 *5G*",Recusado no Exame Inicial,22/05/2026,28/05/2026,
1646626,365960,MULTILIXO REMOCOES DE LIXO S/S LTDA,14751,"275/80R22,5 PM VM530L 226 *5G*",Em Produção,22/05/2026,28/05/2026,
1646628,365960,MULTILIXO REMOCOES DE LIXO S/S LTDA,13332,"295/80R22,5 PM VM530L 242 *5G*",Em Produção,22/05/2026,28/05/2026,
1646629,365960,MULTILIXO REMOCOES DE LIXO S/S LTDA,B3057,"275/80R22,5 PM VM530L 234 *5G*",Em Produção,22/05/2026,28/05/2026,
1646630,365960,MULTILIXO REMOCOES DE LIXO S/S LTDA,14752,"275/80R22,5 PM VM530L 226 *5G*",Em Produção,22/05/2026,28/05/2026,
1646632,365960,MULTILIXO REMOCOES DE LIXO S/S LTDA,10805,"275/80R22,5 PM VM530L 226 *5G*",Em Produção,22/05/2026,28/05/2026,
1646633,365960,MULTILIXO REMOCOES DE LIXO S/S LTDA,B661,"275/80R22,5 PM VM530L 242 *5G*",Em Produção,22/05/2026,28/05/2026,
1646634,365960,MULTILIXO REMOCOES DE LIXO S/S LTDA,11352,"275/80R22,5 PM VM530L 226 *5G*",Em Produção,22/05/2026,28/05/2026,
1646635,365960,MULTILIXO REMOCOES DE LIXO S/S LTDA,14282,"275/80R22,5 PM VM530L 226 *5G*",Em Produção,22/05/2026,28/05/2026,
1646641,365960,MULTILIXO REMOCOES DE LIXO S/S LTDA,14501,"275/80R22,5 PM VM530L 258 *5G*",Em Produção,22/05/2026,28/05/2026,
1646643,365960,MULTILIXO REMOCOES DE LIXO S/S LTDA,B620,"275/80R22,5 PM VM530L 242 *5G*",Em Produção,22/05/2026,28/05/2026,
1646646,365960,MULTILIXO REMOCOES DE LIXO S/S LTDA,18724,"295/80R22,5 PM VM530L 226 *5G*",Em Produção,22/05/2026,28/05/2026,
1646636,365960,MULTILIXO REMOCOES DE LIXO S/S LTDA,13454,"275/80R22,5 PM VRT2 226 *5G*",Em Produção,22/05/2026,28/05/2026,
1646637,365960,MULTILIXO REMOCOES DE LIXO S/S LTDA,14498,"275/80R22,5 PM VM530L 250 *5G*",Em Produção,22/05/2026,28/05/2026,
1646642,365960,MULTILIXO REMOCOES DE LIXO S/S LTDA,14500,"275/80R22,5 PM VRT2 226 *5G*",Em Produção,22/05/2026,28/05/2026,
1646644,365960,MULTILIXO REMOCOES DE LIXO S/S LTDA,10640,"275/80R22,5 PM VM530L 242 *5G*",Em Produção,22/05/2026,28/05/2026,
1646647,365960,MULTILIXO REMOCOES DE LIXO S/S LTDA,15896,"275/80R22,5 PM VM530L 242 *5G*",Em Produção,22/05/2026,28/05/2026,
1646625,365960,MULTILIXO REMOCOES DE LIXO S/S LTDA,11760,"295/80R22,5 PM VM530L 250 *5G*",Recusado no Exame Inicial,22/05/2026,28/05/2026,
1646639,365960,MULTILIXO REMOCOES DE LIXO S/S LTDA,14242,"275/80R22,5 PM VRT2 242 *5G*",Em Produção,22/05/2026,28/05/2026,
1646638,365960,MULTILIXO REMOCOES DE LIXO S/S LTDA,14241,"275/80R22,5 PM VRT2 226 *5G*",Em Produção,22/05/2026,28/05/2026,
1646640,365960,MULTILIXO REMOCOES DE LIXO S/S LTDA,14243,"275/80R22,5 PM VRT2 226 *5G*",Em Produção,22/05/2026,28/05/2026,
1646754,365961,I. T. VILLANUEVA PNEUMATICOS,2625,"295/80R22,5 PM VL110LA 242",Em Produção,25/05/2026,26/05/2026,
1646755,365961,I. T. VILLANUEVA PNEUMATICOS,4823,"295/80R22,5 PM VL110LA 242",Em Produção,25/05/2026,26/05/2026,
1646756,365963,RODOVIARIO SHALLOON DE GUARULHOS LOGS E TRANSP EIRELI,33129,"295/80R22,5 PM VL110LA 234",Em Produção,25/05/2026,26/05/2026,
1646757,365963,RODOVIARIO SHALLOON DE GUARULHOS LOGS E TRANSP EIRELI,34427,"295/80R22,5 PM VL110LA 250",Em Produção,25/05/2026,26/05/2026,
1646758,365963,RODOVIARIO SHALLOON DE GUARULHOS LOGS E TRANSP EIRELI,33873,"295/80R22,5 PM VL110LA 234",Em Produção,25/05/2026,26/05/2026,
1646504,365968,LOGMAM TRANSPORTES LTDA,5085,"295/80R22,5 PM VL110LA 242",Em Produção,22/05/2026,26/05/2026,
1646505,365968,LOGMAM TRANSPORTES LTDA,2856,"295/80R22,5 PM VL110LA 242",Em Produção,22/05/2026,26/05/2026,
1646506,365968,LOGMAM TRANSPORTES LTDA,1481,"295/80R22,5 PM VL110LA 242",Em Produção,22/05/2026,26/05/2026,
1646507,365968,LOGMAM TRANSPORTES LTDA,2642,"295/80R22,5 PM VL110LA 242",Em Produção,22/05/2026,26/05/2026,
1646508,365968,LOGMAM TRANSPORTES LTDA,5049,"295/80R22,5 PM VL110LA 242",Em Produção,22/05/2026,26/05/2026,
1646510,365968,LOGMAM TRANSPORTES LTDA,5716,"295/80R22,5 PM VL110LA 242",Em Produção,22/05/2026,26/05/2026,
1646511,365968,LOGMAM TRANSPORTES LTDA,2895,"295/80R22,5 PM VL110LA 242",Em Produção,22/05/2026,26/05/2026,
1646512,365968,LOGMAM TRANSPORTES LTDA,4572,"295/80R22,5 PM VL110LA 242",Em Produção,22/05/2026,26/05/2026,
1646513,365968,LOGMAM TRANSPORTES LTDA,5650,"295/80R22,5 PM VL110LA 242",Em Produção,22/05/2026,26/05/2026,
1646515,365968,LOGMAM TRANSPORTES LTDA,748,"295/80R22,5 PM VL110LA 242",Em Produção,22/05/2026,26/05/2026,
1646516,365968,LOGMAM TRANSPORTES LTDA,2643,"295/80R22,5 PM VL110LA 242",Em Produção,22/05/2026,26/05/2026,
1646517,365968,LOGMAM TRANSPORTES LTDA,5093,"295/80R22,5 PM VL110LA 242",Em Produção,22/05/2026,26/05/2026,
1646518,365968,LOGMAM TRANSPORTES LTDA,5539,"295/80R22,5 PM VL110LA 242",Em Produção,22/05/2026,26/05/2026,
1646519,365968,LOGMAM TRANSPORTES LTDA,2585,"295/80R22,5 PM VL110LA 242",Em Produção,22/05/2026,26/05/2026,
1646520,365968,LOGMAM TRANSPORTES LTDA,3372,"295/80R22,5 PM VL110LA 242",Em Produção,22/05/2026,26/05/2026,
1646521,365968,LOGMAM TRANSPORTES LTDA,3369,"295/80R22,5 PM VL110LA 242",Em Produção,22/05/2026,26/05/2026,
1646522,365968,LOGMAM TRANSPORTES LTDA,3371,"295/80R22,5 PM VL110LA 242",Em Produção,22/05/2026,26/05/2026,
1646523,365968,LOGMAM TRANSPORTES LTDA,3360,"295/80R22,5 PM VL110LA 242",Em Produção,22/05/2026,26/05/2026,
1646524,365968,LOGMAM TRANSPORTES LTDA,5090,"295/80R22,5 PM VL110LA 242",Em Produção,22/05/2026,26/05/2026,
1646509,365968,LOGMAM TRANSPORTES LTDA,4374,"295/80R22,5 PM VL110LA 242",Em Produção,22/05/2026,26/05/2026,
1646514,365968,LOGMAM TRANSPORTES LTDA,2072,"295/80R22,5 PM VL110LA 242",Em Produção,22/05/2026,26/05/2026,
1646919,365970,AUTOPEL AUTOMACAO COMERCIAL E INFORMATICA LTDA,3323,"295/80R22,5 PM VL110LA 226",Em Produção,25/05/2026,27/05/2026,
1646920,365970,AUTOPEL AUTOMACAO COMERCIAL E INFORMATICA LTDA,3323,"295/80R22,5 PM VL110LA 226",Em Produção,25/05/2026,27/05/2026,
1646921,365970,AUTOPEL AUTOMACAO COMERCIAL E INFORMATICA LTDA,2523,"295/80R22,5 PM VL110LA 226",Em Produção,25/05/2026,27/05/2026,
1646922,365970,AUTOPEL AUTOMACAO COMERCIAL E INFORMATICA LTDA,3323,"295/80R22,5 PM VL110LA 226",Em Produção,25/05/2026,27/05/2026,
1646765,365971,VIAÇÃO METROPOLE PAULISTA S/A - A.E CARVALHO,442485,"295/80R22,5 PM DVUM3 B 250",Recusado no Exame Inicial,25/05/2026,26/05/2026,
1646759,365971,VIAÇÃO METROPOLE PAULISTA S/A - A.E CARVALHO,443319,"295/80R22,5 PM DVUM3 B 250",Em Produção,25/05/2026,26/05/2026,
1646760,365971,VIAÇÃO METROPOLE PAULISTA S/A - A.E CARVALHO,442752,"295/80R22,5 PM DVUM3 B 250",Em Produção,25/05/2026,26/05/2026,
1646761,365971,VIAÇÃO METROPOLE PAULISTA S/A - A.E CARVALHO,442573,"295/80R22,5 PM DVUM3 B 250",Em Produção,25/05/2026,26/05/2026,
1646762,365971,VIAÇÃO METROPOLE PAULISTA S/A - A.E CARVALHO,443674,"295/80R22,5 PM DVUM3 B 250",Em Produção,25/05/2026,26/05/2026,
1646763,365971,VIAÇÃO METROPOLE PAULISTA S/A - A.E CARVALHO,541227,"295/80R22,5 PM DVUM3 B 250",Em Produção,25/05/2026,26/05/2026,
1646764,365971,VIAÇÃO METROPOLE PAULISTA S/A - A.E CARVALHO,443349,"295/80R22,5 PM DVUM3 B 250",Em Produção,25/05/2026,26/05/2026,
1646557,365972,BRASPRESS TRANSPORTES URGENTES LTDA,043978,"295/80R22,5 PM VL110LA 234",Recusado no Exame Final,22/05/2026,26/05/2026,
1646551,365972,BRASPRESS TRANSPORTES URGENTES LTDA,051255,"295/80R22,5 PM VL110LA 226",Em Produção,22/05/2026,26/05/2026,
1646552,365972,BRASPRESS TRANSPORTES URGENTES LTDA,051257,"295/80R22,5 PM VL110LA 226",Em Produção,22/05/2026,26/05/2026,
1646553,365972,BRASPRESS TRANSPORTES URGENTES LTDA,038227,"295/80R22,5 PM VL110LA 234",Em Produção,22/05/2026,26/05/2026,
1646554,365972,BRASPRESS TRANSPORTES URGENTES LTDA,042428,"295/80R22,5 PM VL110LA 234",Em Produção,22/05/2026,26/05/2026,
1646555,365972,BRASPRESS TRANSPORTES URGENTES LTDA,051254,"295/80R22,5 PM VL110LA 226",Em Produção,22/05/2026,26/05/2026,
1646556,365972,BRASPRESS TRANSPORTES URGENTES LTDA,042203,"295/80R22,5 PM VL110LA 226",Em Produção,22/05/2026,26/05/2026,
1646558,365972,BRASPRESS TRANSPORTES URGENTES LTDA,053027,"295/80R22,5 PM VL110LA 250",Em Produção,22/05/2026,26/05/2026,
1646559,365972,BRASPRESS TRANSPORTES URGENTES LTDA,053022,"295/80R22,5 PM VL110LA 250",Em Produção,22/05/2026,26/05/2026,
1646560,365972,BRASPRESS TRANSPORTES URGENTES LTDA,053028,"295/80R22,5 PM VL110LA 250",Em Produção,22/05/2026,26/05/2026,
1646561,365972,BRASPRESS TRANSPORTES URGENTES LTDA,048547,"295/80R22,5 PM VL110LA 226",Em Produção,22/05/2026,26/05/2026,
1646562,365973,BRASPRESS TRANSPORTES URGENTES LTDA,049680,"295/80R22,5 REPARO VULC",Em Produção,22/05/2026,27/05/2026,
1646563,365974,BRASPRESS TRANSPORTES URGENTES LTDA,050363,"215/75R17,5 PM VZE-1 190",Em Produção,22/05/2026,27/05/2026,
1646565,365974,BRASPRESS TRANSPORTES URGENTES LTDA,044586,"215/75R17,5 PM VZE-1 190",Em Produção,22/05/2026,27/05/2026,
1646566,365974,BRASPRESS TRANSPORTES URGENTES LTDA,041204,"215/75R17,5 PM VZE-1 190",Em Produção,22/05/2026,27/05/2026,
1646564,365974,BRASPRESS TRANSPORTES URGENTES LTDA,051655,"215/75R17,5 PM VZE-1 190",Em Produção,22/05/2026,27/05/2026,
1646650,365975,VIAÇÃO METROPOLE PAULISTA S/A - MATRIZ,303151,"295/80R22,5 PM DVUM3 B 250",Em Produção,22/05/2026,26/05/2026,
1646651,365975,VIAÇÃO METROPOLE PAULISTA S/A - MATRIZ,302848,"295/80R22,5 PM DVUM3 B 250",Em Produção,22/05/2026,26/05/2026,
1646652,365975,VIAÇÃO METROPOLE PAULISTA S/A - MATRIZ,303867,"295/80R22,5 PM DVUM3 B 250",Recusado no Exame Inicial,22/05/2026,26/05/2026,
1646654,365975,VIAÇÃO METROPOLE PAULISTA S/A - MATRIZ,303833,"295/80R22,5 PM DVUM3 B 250",Em Produção,22/05/2026,26/05/2026,
1646655,365975,VIAÇÃO METROPOLE PAULISTA S/A - MATRIZ,301907,"295/80R22,5 PM DVUM3 B 250",Recusado no Exame Inicial,22/05/2026,26/05/2026,
1646656,365975,VIAÇÃO METROPOLE PAULISTA S/A - MATRIZ,303708,"295/80R22,5 PM DVUM3 B 250",Em Produção,22/05/2026,26/05/2026,
1646658,365975,VIAÇÃO METROPOLE PAULISTA S/A - MATRIZ,302763,"295/80R22,5 PM DVUM3 B 250",Em Produção,22/05/2026,26/05/2026,
1646648,365975,VIAÇÃO METROPOLE PAULISTA S/A - MATRIZ,302455,"295/80R22,5 PM DVUM3 B 250",Em Produção,22/05/2026,26/05/2026,
1646649,365975,VIAÇÃO METROPOLE PAULISTA S/A - MATRIZ,303324,"295/80R22,5 PM DVUM3 B 250",Em Produção,22/05/2026,26/05/2026,
1646653,365975,VIAÇÃO METROPOLE PAULISTA S/A - MATRIZ,303203,"295/80R22,5 PM DVUM3 B 250",Em Produção,22/05/2026,26/05/2026,
1646657,365975,VIAÇÃO METROPOLE PAULISTA S/A - MATRIZ,303170,"295/80R22,5 PM DVUM3 B 250",Em Produção,22/05/2026,26/05/2026,
1646659,365975,VIAÇÃO METROPOLE PAULISTA S/A - MATRIZ,303709,"295/80R22,5 PM DVUM3 B 250",Em Produção,22/05/2026,26/05/2026,
1646660,365975,VIAÇÃO METROPOLE PAULISTA S/A - MATRIZ,304168,"295/80R22,5 PM DVUM3 B 250",Em Produção,22/05/2026,26/05/2026,
1646567,365977,RG LOG LOGISTICA E TRANSPORTES LTDA,DR12748,"295/80R22,5 PM VRT2 250",Em Produção,22/05/2026,27/05/2026,
1646568,365977,RG LOG LOGISTICA E TRANSPORTES LTDA,DU13096,"295/80R22,5 PM VRT2 250",Em Produção,22/05/2026,27/05/2026,
1646569,365977,RG LOG LOGISTICA E TRANSPORTES LTDA,DP12412,"295/80R22,5 PM VRT2 250",Em Produção,22/05/2026,27/05/2026,
1646570,365977,RG LOG LOGISTICA E TRANSPORTES LTDA,DP12413,"295/80R22,5 PM VRT2 250",Em Produção,22/05/2026,27/05/2026,
1646571,365977,RG LOG LOGISTICA E TRANSPORTES LTDA,DP12410,"295/80R22,5 PM VRT2 250",Em Produção,22/05/2026,27/05/2026,
1646572,365977,RG LOG LOGISTICA E TRANSPORTES LTDA,DV13368,"295/80R22,5 PM VRT2 250",Em Produção,22/05/2026,27/05/2026,
1646573,365977,RG LOG LOGISTICA E TRANSPORTES LTDA,DV13335,"295/80R22,5 PM VRT2 250",Em Produção,22/05/2026,27/05/2026,
1646574,365977,RG LOG LOGISTICA E TRANSPORTES LTDA,DU13095,"295/80R22,5 PM VRT2 250",Em Produção,22/05/2026,27/05/2026,
1646575,365977,RG LOG LOGISTICA E TRANSPORTES LTDA,DU13093,"295/80R22,5 PM VRT2 250",Em Produção,22/05/2026,27/05/2026,
1646576,365977,RG LOG LOGISTICA E TRANSPORTES LTDA,AFR3517,"295/80R22,5 PM VRT2 250",Em Produção,22/05/2026,27/05/2026,
1646577,365977,RG LOG LOGISTICA E TRANSPORTES LTDA,ER1809,"295/80R22,5 PM VRT2 250",Em Produção,22/05/2026,27/05/2026,
1646578,365977,RG LOG LOGISTICA E TRANSPORTES LTDA,ER1810,"295/80R22,5 PM VRT2 250",Em Produção,22/05/2026,27/05/2026,
1646579,365977,RG LOG LOGISTICA E TRANSPORTES LTDA,DU13112,"295/80R22,5 PM VRT2 250",Em Produção,22/05/2026,27/05/2026,
1646580,365977,RG LOG LOGISTICA E TRANSPORTES LTDA,DP12411,"295/80R22,5 PM VRT2 250",Em Produção,22/05/2026,27/05/2026,
1646581,365977,RG LOG LOGISTICA E TRANSPORTES LTDA,DP12414,"295/80R22,5 PM VRT2 250",Em Produção,22/05/2026,27/05/2026,
1646582,365977,RG LOG LOGISTICA E TRANSPORTES LTDA,DP12417,"295/80R22,5 PM VRT2 250",Em Produção,22/05/2026,27/05/2026,
1646583,365977,RG LOG LOGISTICA E TRANSPORTES LTDA,ER1806,"295/80R22,5 PM VRT2 250",Em Produção,22/05/2026,27/05/2026,
1646584,365977,RG LOG LOGISTICA E TRANSPORTES LTDA,ER1805,"295/80R22,5 PM VRT2 250",Em Produção,22/05/2026,27/05/2026,
1646585,365977,RG LOG LOGISTICA E TRANSPORTES LTDA,EO1684,"295/80R22,5 PM VRT2 250",Em Produção,22/05/2026,27/05/2026,
1646586,365977,RG LOG LOGISTICA E TRANSPORTES LTDA,DR12775,"295/80R22,5 PM VRT2 250",Em Produção,22/05/2026,27/05/2026,
1646587,365978,DNP TERRAPLENAGEM E PAVIMENTADORA FLORESTO LTDA,11290,"12X16,5 PM DV-MTB 242",Em Produção,22/05/2026,02/06/2026,
1646588,365978,DNP TERRAPLENAGEM E PAVIMENTADORA FLORESTO LTDA,13171,"12X16,5 PM DV-MTB 242",Em Produção,22/05/2026,02/06/2026,
1646589,365978,DNP TERRAPLENAGEM E PAVIMENTADORA FLORESTO LTDA,13164,"12X16,5 PM DV-MTB 242",Em Produção,22/05/2026,02/06/2026,
1646590,365978,DNP TERRAPLENAGEM E PAVIMENTADORA FLORESTO LTDA,1422,"12X16,5 PM DV-MTB 242",Em Produção,22/05/2026,02/06/2026,
1646591,365978,DNP TERRAPLENAGEM E PAVIMENTADORA FLORESTO LTDA,13249,"10X16,5 PM DV-MTB 242",Em Produção,22/05/2026,02/06/2026,
1646592,365978,DNP TERRAPLENAGEM E PAVIMENTADORA FLORESTO LTDA,11299,"10X16,5 PM DV-MTB 242",Em Produção,22/05/2026,02/06/2026,
1646593,365978,DNP TERRAPLENAGEM E PAVIMENTADORA FLORESTO LTDA,11295,"10X16,5 PM DV-MTB 242",Em Produção,22/05/2026,02/06/2026,
1646594,365978,DNP TERRAPLENAGEM E PAVIMENTADORA FLORESTO LTDA,13428,"10X16,5 PM DV-MTB 242",Em Produção,22/05/2026,02/06/2026,
1646595,365979,DNP TERRAPLENAGEM E PAVIMENTADORA FLORESTO LTDA,12958,"295/80R22,5 PM VM530L 218",Em Produção,22/05/2026,27/05/2026,
1646596,365979,DNP TERRAPLENAGEM E PAVIMENTADORA FLORESTO LTDA,13957,1000R20 PM VM530L 218,Em Produção,22/05/2026,27/05/2026,
1646597,365980,EPPO ITU SOLUÇÕES AMBIENTAL S/A,6093,"275/80R22,5 PM PBA64-S 245",Em Produção,22/05/2026,27/05/2026,
1646599,365980,EPPO ITU SOLUÇÕES AMBIENTAL S/A,6368,"275/80R22,5 PM PBA64-S 245",Em Produção,22/05/2026,27/05/2026,
1646602,365980,EPPO ITU SOLUÇÕES AMBIENTAL S/A,6518,"275/80R22,5 PM PBA64-S 245",Em Produção,22/05/2026,27/05/2026,
1646603,365980,EPPO ITU SOLUÇÕES AMBIENTAL S/A,6085,"275/80R22,5 PM PBA64-S 245",Em Produção,22/05/2026,27/05/2026,
1646598,365980,EPPO ITU SOLUÇÕES AMBIENTAL S/A,6601,"275/80R22,5 PM PBA64-S 245",Em Produção,22/05/2026,27/05/2026,
1646601,365980,EPPO ITU SOLUÇÕES AMBIENTAL S/A,6685,"275/80R22,5 PM PBA64-S 245",Em Produção,22/05/2026,27/05/2026,
1646604,365981,EPPO ITU SOLUÇÕES AMBIENTAL S/A,8648,"235/75R17,5 PM VM530L 210",Em Produção,22/05/2026,27/05/2026,
1646605,365981,EPPO ITU SOLUÇÕES AMBIENTAL S/A,6645,"235/75R17,5 PM VM530L 210",Em Produção,22/05/2026,27/05/2026,
1646606,365981,EPPO ITU SOLUÇÕES AMBIENTAL S/A,6647,"235/75R17,5 PM VM530L 210",Em Produção,22/05/2026,27/05/2026,
1646607,365981,EPPO ITU SOLUÇÕES AMBIENTAL S/A,6646,"235/75R17,5 PM VM530L 210",Em Produção,22/05/2026,27/05/2026,
1646608,365981,EPPO ITU SOLUÇÕES AMBIENTAL S/A,5077,"235/75R17,5 PM VM530L 210",Em Produção,22/05/2026,27/05/2026,
1646609,365981,EPPO ITU SOLUÇÕES AMBIENTAL S/A,1306,"235/75R17,5 PM VM530L 210",Em Produção,22/05/2026,27/05/2026,
1646610,365981,EPPO ITU SOLUÇÕES AMBIENTAL S/A,4608,"235/75R17,5 PM VM530L 210",Em Produção,22/05/2026,27/05/2026,
1646611,365982,EPPO ITU SOLUÇÕES AMBIENTAL S/A,8038,"275/80R22,5 REPARO VULC",Em Produção,22/05/2026,27/05/2026,
1646612,365983,EPPO ITU SOLUÇÕES AMBIENTAL S/A,4687,"19,5X24 RT RECAUCHUT SGG",Em Produção,22/05/2026,02/06/2026,
1646613,365983,EPPO ITU SOLUÇÕES AMBIENTAL S/A,6541,"19,5X24 RT RECAUCHUT SGG",Em Produção,22/05/2026,02/06/2026,
1646614,365984,EPPO ITU SOLUÇÕES AMBIENTAL S/A,5032,12.5/80X18 RECAUCHUT SGG,Em Produção,22/05/2026,02/06/2026,
1646615,365984,EPPO ITU SOLUÇÕES AMBIENTAL S/A,4557,12.5/80X18 RECAUCHUT SGG,Em Produção,22/05/2026,02/06/2026,
1646766,365985,NOVA OPÇÃO SERVIÇOS DE LIMPEZA URBANO EIRELI,4924,"295/80R22,5 PM PBT19 230",Em Produção,25/05/2026,26/05/2026,
1646767,365985,NOVA OPÇÃO SERVIÇOS DE LIMPEZA URBANO EIRELI,31595,"295/80R22,5 PM PBT19 230",Em Produção,25/05/2026,26/05/2026,
1646768,365985,NOVA OPÇÃO SERVIÇOS DE LIMPEZA URBANO EIRELI,31599,"295/80R22,5 PM PBT19 230",Em Produção,25/05/2026,26/05/2026,
1646769,365985,NOVA OPÇÃO SERVIÇOS DE LIMPEZA URBANO EIRELI,31586,"295/80R22,5 PM PBT19 230",Em Produção,25/05/2026,26/05/2026,
1646770,365985,NOVA OPÇÃO SERVIÇOS DE LIMPEZA URBANO EIRELI,31588,"295/80R22,5 PM PBT19 230",Em Produção,25/05/2026,26/05/2026,
1646771,365985,NOVA OPÇÃO SERVIÇOS DE LIMPEZA URBANO EIRELI,31607,"295/80R22,5 PM PBT19 230",Em Produção,25/05/2026,26/05/2026,
1646772,365985,NOVA OPÇÃO SERVIÇOS DE LIMPEZA URBANO EIRELI,10741,"295/80R22,5 PM PBT19 230",Em Produção,25/05/2026,26/05/2026,
1646773,365985,NOVA OPÇÃO SERVIÇOS DE LIMPEZA URBANO EIRELI,4724,"295/80R22,5 PM PBT19 230",Em Produção,25/05/2026,26/05/2026,
1646774,365985,NOVA OPÇÃO SERVIÇOS DE LIMPEZA URBANO EIRELI,31585,"295/80R22,5 PM PBT19 230",Em Produção,25/05/2026,26/05/2026,
1646775,365985,NOVA OPÇÃO SERVIÇOS DE LIMPEZA URBANO EIRELI,31608,"295/80R22,5 PM PBT19 230",Em Produção,25/05/2026,26/05/2026,
1646776,365985,NOVA OPÇÃO SERVIÇOS DE LIMPEZA URBANO EIRELI,31634,"295/80R22,5 PM PBT19 230",Em Produção,25/05/2026,26/05/2026,
1646777,365985,NOVA OPÇÃO SERVIÇOS DE LIMPEZA URBANO EIRELI,31549,"295/80R22,5 PM PBT19 230",Em Produção,25/05/2026,26/05/2026,
1646778,365985,NOVA OPÇÃO SERVIÇOS DE LIMPEZA URBANO EIRELI,27245,"295/80R22,5 PM VRT1 250",Em Produção,25/05/2026,26/05/2026,
1646779,365985,NOVA OPÇÃO SERVIÇOS DE LIMPEZA URBANO EIRELI,62567,"295/80R22,5 PM VRT1 250",Em Produção,25/05/2026,26/05/2026,
1646780,365985,NOVA OPÇÃO SERVIÇOS DE LIMPEZA URBANO EIRELI,40253,"295/80R22,5 PM PBT19 230",Em Produção,25/05/2026,26/05/2026,
1646781,365985,NOVA OPÇÃO SERVIÇOS DE LIMPEZA URBANO EIRELI,0037,"295/80R22,5 PM PBT19 230",Em Produção,25/05/2026,26/05/2026,
1646782,365985,NOVA OPÇÃO SERVIÇOS DE LIMPEZA URBANO EIRELI,26139,"295/80R22,5 PM PBT19 230",Em Produção,25/05/2026,26/05/2026,
1646783,365985,NOVA OPÇÃO SERVIÇOS DE LIMPEZA URBANO EIRELI,59581,"295/80R22,5 PM VRT1 250",Em Produção,25/05/2026,26/05/2026,
1646784,365985,NOVA OPÇÃO SERVIÇOS DE LIMPEZA URBANO EIRELI,3823,"295/80R22,5 PM PBT19 230",Em Produção,25/05/2026,26/05/2026,
1646785,365985,NOVA OPÇÃO SERVIÇOS DE LIMPEZA URBANO EIRELI,4023,"295/80R22,5 PM PBT19 230",Em Produção,25/05/2026,26/05/2026,
1646786,365985,NOVA OPÇÃO SERVIÇOS DE LIMPEZA URBANO EIRELI,0921,"295/80R22,5 PM PBT19 230",Em Produção,25/05/2026,26/05/2026,
1646787,365985,NOVA OPÇÃO SERVIÇOS DE LIMPEZA URBANO EIRELI,75173,"295/80R22,5 PM PBT19 230",Em Produção,25/05/2026,26/05/2026,
1646788,365985,NOVA OPÇÃO SERVIÇOS DE LIMPEZA URBANO EIRELI,1525,"295/80R22,5 PM PBT19 230",Em Produção,25/05/2026,26/05/2026,
1646789,365985,NOVA OPÇÃO SERVIÇOS DE LIMPEZA URBANO EIRELI,1525b,"295/80R22,5 PM PBT19 230",Em Produção,25/05/2026,26/05/2026,
1646991,365990,CINTIA MARIA MATIVI BORRACHARIA  ME,1021,900X20 PM VCT65 200,Em Produção,25/05/2026,28/05/2026,
1646992,365990,CINTIA MARIA MATIVI BORRACHARIA  ME,0721,"295/80R22,5 PM VL110LA 242",Em Produção,25/05/2026,28/05/2026,
1646993,365990,CINTIA MARIA MATIVI BORRACHARIA  ME,4520,"295/80R22,5 PM VL110LA 242",Em Produção,25/05/2026,28/05/2026,
1646898,365991,THATHI IMPORTACAO EXPORTACAO E REPRESENTACAO LTDA,0223,"275/80R22,5 PM VL110LA 242",Em Produção,25/05/2026,28/05/2026,
1646899,365991,THATHI IMPORTACAO EXPORTACAO E REPRESENTACAO LTDA,0223,"275/80R22,5 PM VL110LA 242",Em Produção,25/05/2026,28/05/2026,
1646900,365991,THATHI IMPORTACAO EXPORTACAO E REPRESENTACAO LTDA,5022,"275/80R22,5 PM VL110LA 242",Em Produção,25/05/2026,28/05/2026,
1646901,365991,THATHI IMPORTACAO EXPORTACAO E REPRESENTACAO LTDA,0223,"275/80R22,5 PM VL110LA 242",Em Produção,25/05/2026,28/05/2026,
1646902,365991,THATHI IMPORTACAO EXPORTACAO E REPRESENTACAO LTDA,0223,"275/80R22,5 PM VL110LA 242",Em Produção,25/05/2026,28/05/2026,
1646903,365991,THATHI IMPORTACAO EXPORTACAO E REPRESENTACAO LTDA,0223,"275/80R22,5 PM VL110LA 242",Em Produção,25/05/2026,28/05/2026,
1646904,365991,THATHI IMPORTACAO EXPORTACAO E REPRESENTACAO LTDA,5022,"275/80R22,5 PM VL110LA 242",Em Produção,25/05/2026,28/05/2026,
1646905,365991,THATHI IMPORTACAO EXPORTACAO E REPRESENTACAO LTDA,5022,"275/80R22,5 PM VL110LA 242",Em Produção,25/05/2026,28/05/2026,
1647029,365993,GAB TRANSPORTES LTDA,Gab69094,"295/80R22,5 PM VL110LA 250",Em Produção,25/05/2026,27/05/2026,
1647030,365993,GAB TRANSPORTES LTDA,Gab69089,"295/80R22,5 PM VL110LA 250",Em Produção,25/05/2026,27/05/2026,
1646917,365994,NOVA OPÇÃO SERVIÇOS DE LIMPEZA URBANO EIRELI,2023,225/75R16 REPARO VULC,Em Produção,25/05/2026,27/05/2026,
1646994,365995,EMPRESA SAO JOAO DE TURISMO LTDA,11660,"275/80R22,5 PM DV-RMB 242",Em Produção,25/05/2026,27/05/2026,
1646995,365995,EMPRESA SAO JOAO DE TURISMO LTDA,11804,"275/80R22,5 PM DV-RMB 242",Em Produção,25/05/2026,27/05/2026,
1646996,365995,EMPRESA SAO JOAO DE TURISMO LTDA,11802,"275/80R22,5 PM DV-RMB 242",Em Produção,25/05/2026,27/05/2026,
1646997,365995,EMPRESA SAO JOAO DE TURISMO LTDA,11735,"275/80R22,5 PM DV-RMB 242",Em Produção,25/05/2026,27/05/2026,
1646998,365995,EMPRESA SAO JOAO DE TURISMO LTDA,11875,"215/75R17,5 PM VZE-1 190",Em Produção,25/05/2026,27/05/2026,
1646999,365995,EMPRESA SAO JOAO DE TURISMO LTDA,11786,"215/75R17,5 PM VZE-1 190",Em Produção,25/05/2026,27/05/2026,
1646925,365998,VIAÇÃO CAMPO BELO LTDA,55094 G2,"295/80R22,5 PM DVUM3 B 250",Em Produção,25/05/2026,27/05/2026,
1646926,365998,VIAÇÃO CAMPO BELO LTDA,53018 G2,"295/80R22,5 PM DVUM3 B 250",Em Produção,25/05/2026,27/05/2026,
1646927,365998,VIAÇÃO CAMPO BELO LTDA,49882 G2,"295/80R22,5 PM DVUM3 B 250",Em Produção,25/05/2026,27/05/2026,
1646928,365998,VIAÇÃO CAMPO BELO LTDA,77643 G2,"295/80R22,5 PM DVUM3 B 250",Em Produção,25/05/2026,27/05/2026,
1646929,365998,VIAÇÃO CAMPO BELO LTDA,75905 G2,"295/80R22,5 PM DVUM3 B 250",Em Produção,25/05/2026,27/05/2026,
1646930,365998,VIAÇÃO CAMPO BELO LTDA,51718 G2,"295/80R22,5 PM DVUM3 B 250",Em Produção,25/05/2026,27/05/2026,
1646931,365998,VIAÇÃO CAMPO BELO LTDA,53758 G2,"295/80R22,5 PM DVUM3 B 250",Em Produção,25/05/2026,27/05/2026,
1647000,365999,VARIOS TRANSPORTES DE CARGAS LTDA,0222a,"295/80R22,5 PM VL110LA 242",Em Produção,25/05/2026,27/05/2026,
1647001,365999,VARIOS TRANSPORTES DE CARGAS LTDA,0222,"295/80R22,5 PM VL110LA 242",Em Produção,25/05/2026,27/05/2026,
1647002,365999,VARIOS TRANSPORTES DE CARGAS LTDA,0521,1100R22 PM VL110LA 242,Em Produção,25/05/2026,27/05/2026,
1647003,365999,VARIOS TRANSPORTES DE CARGAS LTDA,4720,1100R22 PM VL110LA 242,Em Produção,25/05/2026,27/05/2026,
1646859,366000,AUTO VIAÇÃO TRANSCAP LTDA,17133,"275/80R22,5 PM DVUM3 B 250",Em Produção,25/05/2026,27/05/2026,
1646860,366001,AUTO VIAÇÃO TRANSCAP LTDA,18177,"215/75R17,5 PM VZE-1 190",Em Produção,25/05/2026,27/05/2026,
1646861,366001,AUTO VIAÇÃO TRANSCAP LTDA,18234,"215/75R17,5 PM VZE-1 190",Em Produção,25/05/2026,27/05/2026,
1646862,366001,AUTO VIAÇÃO TRANSCAP LTDA,17979,"215/75R17,5 PM VZE-1 190",Em Produção,25/05/2026,27/05/2026,
1646828,366002,AGILEBR TRANSPORTES LTDA,3925,"295/80R22,5 REPARO VULC",Em Produção,25/05/2026,27/05/2026,
1646932,366003,TRANSLUTE TRANSPORTES RODOVIARIOS LTDA,27038,"295/80R22,5 PM VRT2 242",Em Produção,25/05/2026,27/05/2026,
1646933,366003,TRANSLUTE TRANSPORTES RODOVIARIOS LTDA,27540,"295/80R22,5 PM VRT2 242",Em Produção,25/05/2026,27/05/2026,
1646934,366003,TRANSLUTE TRANSPORTES RODOVIARIOS LTDA,27538,"295/80R22,5 PM VRT2 242",Em Produção,25/05/2026,27/05/2026,
1646935,366003,TRANSLUTE TRANSPORTES RODOVIARIOS LTDA,27539,"295/80R22,5 PM VRT2 242",Em Produção,25/05/2026,27/05/2026,
1646936,366003,TRANSLUTE TRANSPORTES RODOVIARIOS LTDA,27537,"295/80R22,5 PM VRT2 242",Em Produção,25/05/2026,27/05/2026,
1646937,366003,TRANSLUTE TRANSPORTES RODOVIARIOS LTDA,25282,"295/80R22,5 PM VRT2 242",Em Produção,25/05/2026,27/05/2026,
1646938,366003,TRANSLUTE TRANSPORTES RODOVIARIOS LTDA,25388,"295/80R22,5 PM VRT2 242",Em Produção,25/05/2026,27/05/2026,
1646939,366003,TRANSLUTE TRANSPORTES RODOVIARIOS LTDA,24499,"295/80R22,5 PM VRT2 242",Em Produção,25/05/2026,27/05/2026,
1646941,366003,TRANSLUTE TRANSPORTES RODOVIARIOS LTDA,25285,"295/80R22,5 PM VL110LA 242",Em Produção,25/05/2026,27/05/2026,
1646942,366003,TRANSLUTE TRANSPORTES RODOVIARIOS LTDA,26808,"295/80R22,5 PM VL110LA 242",Em Produção,25/05/2026,27/05/2026,
1646943,366003,TRANSLUTE TRANSPORTES RODOVIARIOS LTDA,26805,"295/80R22,5 PM VL110LA 242",Em Produção,25/05/2026,27/05/2026,
1646944,366003,TRANSLUTE TRANSPORTES RODOVIARIOS LTDA,26806,"295/80R22,5 PM VL110LA 242",Em Produção,25/05/2026,27/05/2026,
1646945,366003,TRANSLUTE TRANSPORTES RODOVIARIOS LTDA,25337,"295/80R22,5 PM VL110LA 242",Em Produção,25/05/2026,27/05/2026,
1646946,366003,TRANSLUTE TRANSPORTES RODOVIARIOS LTDA,24579,"295/80R22,5 PM VL110LA 242",Em Produção,25/05/2026,27/05/2026,
1646947,366003,TRANSLUTE TRANSPORTES RODOVIARIOS LTDA,25336,"295/80R22,5 PM VL110LA 242",Em Produção,25/05/2026,27/05/2026,
1646948,366003,TRANSLUTE TRANSPORTES RODOVIARIOS LTDA,25644,"295/80R22,5 PM VL110LA 242",Em Produção,25/05/2026,27/05/2026,
1646949,366003,TRANSLUTE TRANSPORTES RODOVIARIOS LTDA,24571,"275/80R22,5 PM VL110LA 242",Em Produção,25/05/2026,27/05/2026,
1646950,366003,TRANSLUTE TRANSPORTES RODOVIARIOS LTDA,24563,"275/80R22,5 PM VL110LA 242",Em Produção,25/05/2026,27/05/2026,
1646951,366003,TRANSLUTE TRANSPORTES RODOVIARIOS LTDA,26228,"275/80R22,5 PM VL110LA 242",Em Produção,25/05/2026,27/05/2026,
1646940,366003,TRANSLUTE TRANSPORTES RODOVIARIOS LTDA,23275,"295/80R22,5 PM VL110LA 242",Em Produção,25/05/2026,27/05/2026,
1647031,366004,TECMAR TRANSPORTES LTDA.,6385,"275/80R22,5 PM VL110LA 250",Em Produção,25/05/2026,27/05/2026,
1647032,366004,TECMAR TRANSPORTES LTDA.,3630,"295/80R22,5 PM VL110LA 250",Em Produção,25/05/2026,27/05/2026,
1647033,366004,TECMAR TRANSPORTES LTDA.,2122,"295/80R22,5 PM VL110LA 250",Em Produção,25/05/2026,27/05/2026,
1647034,366004,TECMAR TRANSPORTES LTDA.,4593,"295/80R22,5 PM VL110LA 250",Em Produção,25/05/2026,27/05/2026,
1647035,366004,TECMAR TRANSPORTES LTDA.,644,"275/80R22,5 PM VL110LA 250",Em Produção,25/05/2026,27/05/2026,
1647036,366004,TECMAR TRANSPORTES LTDA.,1081,"295/80R22,5 PM VL110LA 250",Em Produção,25/05/2026,27/05/2026,
1647037,366004,TECMAR TRANSPORTES LTDA.,6044,"295/80R22,5 PM VL110LA 250",Em Produção,25/05/2026,27/05/2026,
1647038,366004,TECMAR TRANSPORTES LTDA.,9698,"295/80R22,5 PM VL110LA 250",Em Produção,25/05/2026,27/05/2026,
1647039,366004,TECMAR TRANSPORTES LTDA.,709,"295/80R22,5 PM VL110LA 250",Em Produção,25/05/2026,27/05/2026,
1647040,366004,TECMAR TRANSPORTES LTDA.,5162,"275/80R22,5 PM VL110LA 250",Em Produção,25/05/2026,27/05/2026,
1647041,366004,TECMAR TRANSPORTES LTDA.,6036,"275/80R22,5 PM VL110LA 250",Em Produção,25/05/2026,27/05/2026,
1647042,366004,TECMAR TRANSPORTES LTDA.,1075,"275/80R22,5 PM VL110LA 250",Em Produção,25/05/2026,27/05/2026,
1647043,366004,TECMAR TRANSPORTES LTDA.,3322,"295/80R22,5 PM VL110LA 250",Em Produção,25/05/2026,27/05/2026,
1647044,366004,TECMAR TRANSPORTES LTDA.,8893,"275/80R22,5 PM VT120L 242",Em Produção,25/05/2026,27/05/2026,
1647045,366004,TECMAR TRANSPORTES LTDA.,8966,"275/80R22,5 PM VT120L 242",Em Produção,25/05/2026,27/05/2026,
1647046,366004,TECMAR TRANSPORTES LTDA.,8980,"275/80R22,5 PM VT120L 242",Em Produção,25/05/2026,27/05/2026,
1647047,366004,TECMAR TRANSPORTES LTDA.,3253,"295/80R22,5 PM VT120L 250",Em Produção,25/05/2026,27/05/2026,
1647048,366004,TECMAR TRANSPORTES LTDA.,3252,"295/80R22,5 PM VT120L 250",Em Produção,25/05/2026,27/05/2026,
1647049,366004,TECMAR TRANSPORTES LTDA.,3255,"295/80R22,5 PM VT120L 250",Em Produção,25/05/2026,27/05/2026,
1647050,366004,TECMAR TRANSPORTES LTDA.,3254,"295/80R22,5 PM VT120L 250",Em Produção,25/05/2026,27/05/2026,
1647051,366004,TECMAR TRANSPORTES LTDA.,6191,"295/80R22,5 PM VL110LA 242",Em Produção,25/05/2026,27/05/2026,
1646918,366013,AGILEBR TRANSPORTES LTDA,529,"275/80R22,5 REPARO VULC",Em Produção,25/05/2026,27/05/2026,
1647294,366014,55.504.602 SEBASTIAO BENEDITO DE OLIVEIRA,0723,"215/75R17,5 PM VT190 190",Expedido,25/05/2026,03/06/2026 10:10:51,
1647295,366014,55.504.602 SEBASTIAO BENEDITO DE OLIVEIRA,3024,"215/75R17,5 PM VT190 190",Em Produção,25/05/2026,28/05/2026,
1647296,366014,55.504.602 SEBASTIAO BENEDITO DE OLIVEIRA,1524,"215/75R17,5 PM VT190 190",Em Produção,25/05/2026,28/05/2026,
1647297,366014,55.504.602 SEBASTIAO BENEDITO DE OLIVEIRA,1223,"215/75R17,5 PM VT190 190",Em Produção,25/05/2026,28/05/2026,
1646863,366015,VIACAO CAMPO BELO LTDA,52846 G1,"295/80R22,5 PM DVUM3 B 250",Em Produção,25/05/2026,27/05/2026,
1646864,366015,VIACAO CAMPO BELO LTDA,78559 G1,"295/80R22,5 PM DVUM3 B 250",Em Produção,25/05/2026,27/05/2026,
1646865,366015,VIACAO CAMPO BELO LTDA,80715 G1,"295/80R22,5 PM DVUM3 B 250",Em Produção,25/05/2026,27/05/2026,
1646866,366015,VIACAO CAMPO BELO LTDA,79459 G1,"295/80R22,5 PM DVUM3 B 250",Em Produção,25/05/2026,27/05/2026,
1646867,366015,VIACAO CAMPO BELO LTDA,50260 G1,"295/80R22,5 PM DVUM3 B 250",Em Produção,25/05/2026,27/05/2026,
1646868,366015,VIACAO CAMPO BELO LTDA,78349 G1,"295/80R22,5 PM DVUM3 B 250",Em Produção,25/05/2026,27/05/2026,
1646869,366015,VIACAO CAMPO BELO LTDA,80745 G1,"295/80R22,5 PM DVUM3 B 250",Em Produção,25/05/2026,27/05/2026,
1646870,366015,VIACAO CAMPO BELO LTDA,81501 G1,"295/80R22,5 PM DVUM3 B 250",Em Produção,25/05/2026,27/05/2026,
1646871,366015,VIACAO CAMPO BELO LTDA,78579 G1,"295/80R22,5 PM DVUM3 B 250",Em Produção,25/05/2026,27/05/2026,
1646872,366015,VIACAO CAMPO BELO LTDA,46310 G1,"295/80R22,5 PM DVUM3 B 250",Em Produção,25/05/2026,27/05/2026,
1646873,366015,VIACAO CAMPO BELO LTDA,50756 G1,"295/80R22,5 PM DVUM3 B 250",Em Produção,25/05/2026,27/05/2026,
1646874,366015,VIACAO CAMPO BELO LTDA,78395 G1,"295/80R22,5 PM DVUM3 B 250",Em Produção,25/05/2026,27/05/2026,
1646875,366015,VIACAO CAMPO BELO LTDA,76865 G1,"295/80R22,5 PM DVUM3 B 250",Em Produção,25/05/2026,27/05/2026,
1646876,366015,VIACAO CAMPO BELO LTDA,78501 G1,"295/80R22,5 PM DVUM3 B 250",Em Produção,25/05/2026,27/05/2026,
1646877,366015,VIACAO CAMPO BELO LTDA,49904 G1,"295/80R22,5 PM DVUM3 B 250",Em Produção,25/05/2026,27/05/2026,
1647004,366016,"FL BRASIL HOLDING, LOGISTICA E TRANSPORTE LTDA",102490,"295/80R22,5 PM VL110LA 242",Em Produção,25/05/2026,27/05/2026,
1647005,366016,"FL BRASIL HOLDING, LOGISTICA E TRANSPORTE LTDA",34185,"295/80R22,5 PM VL110LA 242",Em Produção,25/05/2026,27/05/2026,
1647006,366016,"FL BRASIL HOLDING, LOGISTICA E TRANSPORTE LTDA",106218,"295/80R22,5 PM VL110LA 242",Em Produção,25/05/2026,27/05/2026,
1647007,366016,"FL BRASIL HOLDING, LOGISTICA E TRANSPORTE LTDA",100464,"295/80R22,5 PM VL110LA 242",Em Produção,25/05/2026,27/05/2026,
1647008,366016,"FL BRASIL HOLDING, LOGISTICA E TRANSPORTE LTDA",34095,"295/80R22,5 PM VL110LA 242",Em Produção,25/05/2026,27/05/2026,
1647009,366016,"FL BRASIL HOLDING, LOGISTICA E TRANSPORTE LTDA",100253,"295/80R22,5 PM VL110LA 242",Em Produção,25/05/2026,27/05/2026,
1647010,366016,"FL BRASIL HOLDING, LOGISTICA E TRANSPORTE LTDA",34703,"295/80R22,5 PM VL110LA 242",Em Produção,25/05/2026,27/05/2026,
1647011,366016,"FL BRASIL HOLDING, LOGISTICA E TRANSPORTE LTDA",35037,"295/80R22,5 PM VL110LA 242",Em Produção,25/05/2026,27/05/2026,
1647012,366016,"FL BRASIL HOLDING, LOGISTICA E TRANSPORTE LTDA",34788,"295/80R22,5 PM VL110LA 242",Em Produção,25/05/2026,27/05/2026,
1647013,366016,"FL BRASIL HOLDING, LOGISTICA E TRANSPORTE LTDA",34434,"295/80R22,5 PM VL110LA 242",Em Produção,25/05/2026,27/05/2026,
1647014,366016,"FL BRASIL HOLDING, LOGISTICA E TRANSPORTE LTDA",102207,"295/80R22,5 PM VL110LA 242",Em Produção,25/05/2026,27/05/2026,
1647015,366016,"FL BRASIL HOLDING, LOGISTICA E TRANSPORTE LTDA",17168,"295/80R22,5 PM VL110LA 242",Em Produção,25/05/2026,27/05/2026,
1647016,366016,"FL BRASIL HOLDING, LOGISTICA E TRANSPORTE LTDA",34297,"295/80R22,5 PM VL110LA 242",Em Produção,25/05/2026,27/05/2026,
1647017,366016,"FL BRASIL HOLDING, LOGISTICA E TRANSPORTE LTDA",103838,"295/80R22,5 PM VL110LA 242",Em Produção,25/05/2026,27/05/2026,
1647018,366016,"FL BRASIL HOLDING, LOGISTICA E TRANSPORTE LTDA",34254,"295/80R22,5 PM VL110LA 242",Em Produção,25/05/2026,27/05/2026,
1647019,366016,"FL BRASIL HOLDING, LOGISTICA E TRANSPORTE LTDA",102896,"295/80R22,5 PM VL110LA 242",Em Produção,25/05/2026,27/05/2026,
1647020,366016,"FL BRASIL HOLDING, LOGISTICA E TRANSPORTE LTDA",17077,"295/80R22,5 PM VL110LA 242",Em Produção,25/05/2026,27/05/2026,
1647021,366016,"FL BRASIL HOLDING, LOGISTICA E TRANSPORTE LTDA",34983,"295/80R22,5 PM VL110LA 242",Em Produção,25/05/2026,27/05/2026,
1647022,366016,"FL BRASIL HOLDING, LOGISTICA E TRANSPORTE LTDA",101410,"295/80R22,5 PM VL110LA 242",Em Produção,25/05/2026,27/05/2026,
1647023,366016,"FL BRASIL HOLDING, LOGISTICA E TRANSPORTE LTDA",115201,"295/80R22,5 PM VLW 246",Em Produção,25/05/2026,27/05/2026,
1646952,366028,INTEC INTEGRAÇÃO NACIONAL TRANSP. ENCOMENDAS CARGAS LTDA,11166,"235/75R17,5 PM DVRM 234 *5G*",Em Produção,25/05/2026,28/05/2026,
1646953,366029,INTEC INTEGRAÇÃO NACIONAL TRANSP. ENCOMENDAS CARGAS LTDA,10179,"295/80R22,5 PM VL110LA 234 *5G*",Em Produção,25/05/2026,27/05/2026,
1646954,366029,INTEC INTEGRAÇÃO NACIONAL TRANSP. ENCOMENDAS CARGAS LTDA,9780,"295/80R22,5 PM VL110LA 234 *5G*",Em Produção,25/05/2026,27/05/2026,
1647208,366030,KOLETUS TRANSP E COLETORA DE RESIDUOS LTDA,3487,"275/80R22,5 PM PBA64-S 235",Em Produção,25/05/2026,27/05/2026,
1647209,366030,KOLETUS TRANSP E COLETORA DE RESIDUOS LTDA,3466,"275/80R22,5 PM PBA64-S 235",Em Produção,25/05/2026,27/05/2026,
1647210,366030,KOLETUS TRANSP E COLETORA DE RESIDUOS LTDA,3607,"275/80R22,5 PM PBA64-S 235",Em Produção,25/05/2026,27/05/2026,
1647211,366030,KOLETUS TRANSP E COLETORA DE RESIDUOS LTDA,3648,"275/80R22,5 PM PBA64-S 235",Em Produção,25/05/2026,27/05/2026,
1646923,366031,GMIX CONCRETO LTDA,77611,"295/80R22,5 PM PBT19 230",Em Produção,25/05/2026,27/05/2026,
1646924,366031,GMIX CONCRETO LTDA,11237,"295/80R22,5 PM PBT19 230",Em Produção,25/05/2026,27/05/2026,
1647052,366033,TRANSITO LIVRE TRANSPORTES E TURISMO LTDA,250790,"295/80R22,5 PM DVRM 250",Em Produção,25/05/2026,27/05/2026,
1647053,366033,TRANSITO LIVRE TRANSPORTES E TURISMO LTDA,241188,"295/80R22,5 PM DVRM 250",Em Produção,25/05/2026,27/05/2026,
1647054,366033,TRANSITO LIVRE TRANSPORTES E TURISMO LTDA,250384,"295/80R22,5 PM VL130 226",Em Produção,25/05/2026,27/05/2026,
1647055,366033,TRANSITO LIVRE TRANSPORTES E TURISMO LTDA,241209,"295/80R22,5 PM VL130 226",Em Produção,25/05/2026,27/05/2026,
1647056,366033,TRANSITO LIVRE TRANSPORTES E TURISMO LTDA,250983,"295/80R22,5 PM VL130 226",Em Produção,25/05/2026,27/05/2026,
1647057,366033,TRANSITO LIVRE TRANSPORTES E TURISMO LTDA,2512145,"295/80R22,5 PM DVRM 242",Em Produção,25/05/2026,27/05/2026,
1647058,366033,TRANSITO LIVRE TRANSPORTES E TURISMO LTDA,2512125,"295/80R22,5 PM DVRM 242",Em Produção,25/05/2026,27/05/2026,
1647059,366033,TRANSITO LIVRE TRANSPORTES E TURISMO LTDA,2509137,"295/80R22,5 PM DVRM 242",Em Produção,25/05/2026,27/05/2026,
1647060,366033,TRANSITO LIVRE TRANSPORTES E TURISMO LTDA,2601103,"295/80R22,5 PM DVRM 242",Em Produção,25/05/2026,27/05/2026,
1647061,366033,TRANSITO LIVRE TRANSPORTES E TURISMO LTDA,250045,"295/80R22,5 PM DVRM 242",Em Produção,25/05/2026,27/05/2026,
1647062,366033,TRANSITO LIVRE TRANSPORTES E TURISMO LTDA,2512132,"295/80R22,5 PM DVRM 242",Em Produção,25/05/2026,27/05/2026,
1647063,366033,TRANSITO LIVRE TRANSPORTES E TURISMO LTDA,241195,"295/80R22,5 PM DVRM 242",Em Produção,25/05/2026,27/05/2026,
1647064,366033,TRANSITO LIVRE TRANSPORTES E TURISMO LTDA,250613,"295/80R22,5 PM DVRM 242",Em Produção,25/05/2026,27/05/2026,
1647065,366033,TRANSITO LIVRE TRANSPORTES E TURISMO LTDA,260203,"295/80R22,5 PM DVRM 242",Em Produção,25/05/2026,27/05/2026,
1646979,366037,BENICIO JOSE DA SILVA BORRACHARIA,5125,"275/80R22,5 REPARO VULC",Em Produção,25/05/2026,27/05/2026,
1646955,366037,BENICIO JOSE DA SILVA BORRACHARIA,5220,"295/80R22,5 PM VT120L 242",Em Produção,25/05/2026,27/05/2026,
1646956,366037,BENICIO JOSE DA SILVA BORRACHARIA,2023,"295/80R22,5 PM VT120L 242",Em Produção,25/05/2026,27/05/2026,
1646957,366037,BENICIO JOSE DA SILVA BORRACHARIA,4123,"295/80R22,5 PM VT120L 242",Em Produção,25/05/2026,27/05/2026,
1646958,366037,BENICIO JOSE DA SILVA BORRACHARIA,4123,"295/80R22,5 PM VT120L 242",Em Produção,25/05/2026,27/05/2026,
1646959,366037,BENICIO JOSE DA SILVA BORRACHARIA,2023,"295/80R22,5 PM VT120L 242",Em Produção,25/05/2026,27/05/2026,
1646960,366037,BENICIO JOSE DA SILVA BORRACHARIA,5021,"295/80R22,5 PM VT120L 242",Em Produção,25/05/2026,27/05/2026,
1646961,366037,BENICIO JOSE DA SILVA BORRACHARIA,1223,"295/80R22,5 PM VT120L 242",Em Produção,25/05/2026,27/05/2026,
1646962,366037,BENICIO JOSE DA SILVA BORRACHARIA,3622,"295/80R22,5 PM VT120L 242",Em Produção,25/05/2026,27/05/2026,
1646963,366037,BENICIO JOSE DA SILVA BORRACHARIA,0825,"295/80R22,5 PM VT120L 242",Em Produção,25/05/2026,27/05/2026,
1646964,366037,BENICIO JOSE DA SILVA BORRACHARIA,3321,"275/80R22,5 PM VT120L 242",Em Produção,25/05/2026,27/05/2026,
1646965,366037,BENICIO JOSE DA SILVA BORRACHARIA,4223,"295/80R22,5 PM VT120L 242",Em Produção,25/05/2026,27/05/2026,
1646966,366037,BENICIO JOSE DA SILVA BORRACHARIA,5024,"295/80R22,5 PM VT120L 242",Em Produção,25/05/2026,27/05/2026,
1646967,366037,BENICIO JOSE DA SILVA BORRACHARIA,4323,"295/80R22,5 PM VT120L 242",Em Produção,25/05/2026,27/05/2026,
1646968,366037,BENICIO JOSE DA SILVA BORRACHARIA,1020,"295/80R22,5 PM VT120L 242",Em Produção,25/05/2026,27/05/2026,
1646969,366037,BENICIO JOSE DA SILVA BORRACHARIA,1021,"295/80R22,5 PM VT120L 242",Em Produção,25/05/2026,27/05/2026,
1646970,366037,BENICIO JOSE DA SILVA BORRACHARIA,0621,"295/80R22,5 PM VT120L 242",Em Produção,25/05/2026,27/05/2026,
1646971,366037,BENICIO JOSE DA SILVA BORRACHARIA,0521,"295/80R22,5 PM VT120L 242",Em Produção,25/05/2026,27/05/2026,
1646972,366037,BENICIO JOSE DA SILVA BORRACHARIA,4124,"295/80R22,5 PM VT120L 242",Em Produção,25/05/2026,27/05/2026,
1646973,366037,BENICIO JOSE DA SILVA BORRACHARIA,4622,"295/80R22,5 PM VT120L 242",Em Produção,25/05/2026,27/05/2026,
1646974,366037,BENICIO JOSE DA SILVA BORRACHARIA,4124,"295/80R22,5 PM VT120L 242",Em Produção,25/05/2026,27/05/2026,
1646975,366037,BENICIO JOSE DA SILVA BORRACHARIA,0725,"295/80R22,5 PM VT120L 242",Em Produção,25/05/2026,27/05/2026,
1646976,366037,BENICIO JOSE DA SILVA BORRACHARIA,4325,"295/80R22,5 REPARO VULC",Em Produção,25/05/2026,27/05/2026,
1646977,366037,BENICIO JOSE DA SILVA BORRACHARIA,0626,"295/80R22,5 REPARO VULC",Em Produção,25/05/2026,27/05/2026,
1646978,366037,BENICIO JOSE DA SILVA BORRACHARIA,5224,"295/80R22,5 REPARO VULC",Em Produção,25/05/2026,27/05/2026,
1647212,366038,CPLU SPE LTDA,2725,"235/75R17,5 PM DVRM 198",Em Produção,25/05/2026,27/05/2026,
1647213,366038,CPLU SPE LTDA,2725,"235/75R17,5 PM DVRM 198",Em Produção,25/05/2026,27/05/2026,
1647214,366038,CPLU SPE LTDA,2725,"235/75R17,5 PM DVRM 198",Em Produção,25/05/2026,27/05/2026,
1647215,366038,CPLU SPE LTDA,2725,"235/75R17,5 PM DVRM 198",Em Produção,25/05/2026,27/05/2026,
1647216,366038,CPLU SPE LTDA,2325,"275/80R22,5 PM VM530L 234",Em Produção,25/05/2026,27/05/2026,
1647217,366038,CPLU SPE LTDA,0821,"275/80R22,5 PM VM530L 234",Em Produção,25/05/2026,27/05/2026,
1647218,366038,CPLU SPE LTDA,2825,"275/80R22,5 PM VM530L 234",Em Produção,25/05/2026,27/05/2026,
1647219,366038,CPLU SPE LTDA,2825,"275/80R22,5 PM VM530L 234",Em Produção,25/05/2026,27/05/2026,
1647220,366038,CPLU SPE LTDA,2925,"275/80R22,5 PM VM530L 234",Em Produção,25/05/2026,27/05/2026,
1646980,366045,CISNE BRANCO TRANSPORTES LTDA,3623,"295/80R22,5 PM VLW 246",Em Produção,25/05/2026,27/05/2026,
1646981,366045,CISNE BRANCO TRANSPORTES LTDA,3623,"295/80R22,5 PM VLW 246",Em Produção,25/05/2026,27/05/2026,
1647024,366048,C.M.W.TRANSPORTES LTDA,5024,"275/80R22,5 PM DV-RMB 242",Em Produção,25/05/2026,27/05/2026,
1647066,366049,EDUARDO PEREIRA GOMES,1122,900X20 PM VCT65 200,Em Produção,25/05/2026,27/05/2026,
1647067,366049,EDUARDO PEREIRA GOMES,2617,900X20 PM VCT65 200,Em Produção,25/05/2026,27/05/2026,
1647221,366056,EXPRESS TRANSPORTES URBANOS LTDA,32523,"295/80R22,5 PM DVUM3 B 242",Em Produção,25/05/2026,27/05/2026,
1647222,366056,EXPRESS TRANSPORTES URBANOS LTDA,45511,"295/80R22,5 PM DVUM3 B 242",Em Produção,25/05/2026,27/05/2026,
1647223,366056,EXPRESS TRANSPORTES URBANOS LTDA,31846,"295/80R22,5 PM DVUM3 B 242",Em Produção,25/05/2026,27/05/2026,
1647224,366056,EXPRESS TRANSPORTES URBANOS LTDA,32016,"295/80R22,5 PM DVUM3 B 242",Em Produção,25/05/2026,27/05/2026,
1647225,366056,EXPRESS TRANSPORTES URBANOS LTDA,30181,"295/80R22,5 PM DVUM3 B 242",Em Produção,25/05/2026,27/05/2026,
1647226,366056,EXPRESS TRANSPORTES URBANOS LTDA,29325,"295/80R22,5 PM DVUM3 B 242",Em Produção,25/05/2026,27/05/2026,
1647227,366056,EXPRESS TRANSPORTES URBANOS LTDA,31692,"295/80R22,5 PM DVUM3 B 242",Em Produção,25/05/2026,27/05/2026,
1647228,366056,EXPRESS TRANSPORTES URBANOS LTDA,29071,"295/80R22,5 PM DVUM3 B 242",Em Produção,25/05/2026,27/05/2026,
1647229,366056,EXPRESS TRANSPORTES URBANOS LTDA,31253,"295/80R22,5 PM DVUM3 B 242",Em Produção,25/05/2026,27/05/2026,
1647230,366056,EXPRESS TRANSPORTES URBANOS LTDA,29943,"295/80R22,5 PM DVUM3 B 242",Em Produção,25/05/2026,27/05/2026,
1647231,366056,EXPRESS TRANSPORTES URBANOS LTDA,32181,"295/80R22,5 PM DVUM3 B 242",Em Produção,25/05/2026,27/05/2026,
1647232,366056,EXPRESS TRANSPORTES URBANOS LTDA,29965,"295/80R22,5 PM DVUM3 B 242",Em Produção,25/05/2026,27/05/2026,
1647233,366056,EXPRESS TRANSPORTES URBANOS LTDA,31824,"295/80R22,5 PM DVUM3 B 242",Em Produção,25/05/2026,27/05/2026,
1647234,366056,EXPRESS TRANSPORTES URBANOS LTDA,31120,"295/80R22,5 PM DVUM3 B 242",Em Produção,25/05/2026,27/05/2026,
1647235,366056,EXPRESS TRANSPORTES URBANOS LTDA,31663,"295/80R22,5 PM DVUM3 B 242",Em Produção,25/05/2026,27/05/2026,
1647236,366056,EXPRESS TRANSPORTES URBANOS LTDA,33009,"295/80R22,5 PM DVUM3 B 242",Em Produção,25/05/2026,27/05/2026,
1647237,366056,EXPRESS TRANSPORTES URBANOS LTDA,30006,"295/80R22,5 PM DVUM3 B 242",Em Produção,25/05/2026,27/05/2026,
1647238,366056,EXPRESS TRANSPORTES URBANOS LTDA,29460,"295/80R22,5 PM DVUM3 B 242",Em Produção,25/05/2026,27/05/2026,
1647239,366056,EXPRESS TRANSPORTES URBANOS LTDA,32547,"295/80R22,5 PM DVUM3 B 242",Em Produção,25/05/2026,27/05/2026,
1647240,366056,EXPRESS TRANSPORTES URBANOS LTDA,31966,"295/80R22,5 PM DVUM3 B 242",Em Produção,25/05/2026,27/05/2026,
1647241,366056,EXPRESS TRANSPORTES URBANOS LTDA,32666,"295/80R22,5 PM DVUM3 B 242",Em Produção,25/05/2026,27/05/2026,
1647242,366056,EXPRESS TRANSPORTES URBANOS LTDA,29259,"295/80R22,5 PM DVUM3 B 242",Em Produção,25/05/2026,27/05/2026,
1647243,366056,EXPRESS TRANSPORTES URBANOS LTDA,31731,"295/80R22,5 PM DVUM3 B 242",Em Produção,25/05/2026,27/05/2026,
1647244,366056,EXPRESS TRANSPORTES URBANOS LTDA,30728,"295/80R22,5 PM DVUM3 B 242",Em Produção,25/05/2026,27/05/2026,
1647245,366056,EXPRESS TRANSPORTES URBANOS LTDA,31829,"295/80R22,5 PM DVUM3 B 242",Em Produção,25/05/2026,27/05/2026,
1647246,366056,EXPRESS TRANSPORTES URBANOS LTDA,30092,"295/80R22,5 PM DVUM3 B 242",Em Produção,25/05/2026,27/05/2026,
1647247,366056,EXPRESS TRANSPORTES URBANOS LTDA,30189,"295/80R22,5 PM DVUM3 B 242",Em Produção,25/05/2026,27/05/2026,
1647248,366056,EXPRESS TRANSPORTES URBANOS LTDA,31046,"295/80R22,5 PM DVUM3 B 242",Em Produção,25/05/2026,27/05/2026,
1647249,366056,EXPRESS TRANSPORTES URBANOS LTDA,30709,"295/80R22,5 PM DVUM3 B 242",Em Produção,25/05/2026,27/05/2026,
1647250,366056,EXPRESS TRANSPORTES URBANOS LTDA,30336,"295/80R22,5 PM DVUM3 B 242",Em Produção,25/05/2026,27/05/2026,
1647251,366057,EXPRESS TRANSPORTES URBANOS LTDA,32130,"295/80R22,5 PM DVUM3 B 242",Em Produção,25/05/2026,27/05/2026,
1647252,366057,EXPRESS TRANSPORTES URBANOS LTDA,31928,"295/80R22,5 PM DVUM3 B 242",Em Produção,25/05/2026,27/05/2026,
1647253,366057,EXPRESS TRANSPORTES URBANOS LTDA,31598,"295/80R22,5 PM DVUM3 B 242",Em Produção,25/05/2026,27/05/2026,
1647254,366057,EXPRESS TRANSPORTES URBANOS LTDA,31476,"295/80R22,5 PM DVUM3 B 242",Em Produção,25/05/2026,27/05/2026,
1647255,366057,EXPRESS TRANSPORTES URBANOS LTDA,32744,"295/80R22,5 PM DVUM3 B 242",Em Produção,25/05/2026,27/05/2026,
1647256,366057,EXPRESS TRANSPORTES URBANOS LTDA,32382,"295/80R22,5 PM DVUM3 B 242",Em Produção,25/05/2026,27/05/2026,
1647257,366057,EXPRESS TRANSPORTES URBANOS LTDA,31684,"295/80R22,5 PM DVUM3 B 242",Em Produção,25/05/2026,27/05/2026,
1647258,366057,EXPRESS TRANSPORTES URBANOS LTDA,32776,"295/80R22,5 PM DVUM3 B 242",Em Produção,25/05/2026,27/05/2026,
1647259,366057,EXPRESS TRANSPORTES URBANOS LTDA,31869,"295/80R22,5 PM DVUM3 B 242",Em Produção,25/05/2026,27/05/2026,
1647260,366057,EXPRESS TRANSPORTES URBANOS LTDA,32259,"295/80R22,5 PM DVUM3 B 242",Em Produção,25/05/2026,27/05/2026,
1647261,366057,EXPRESS TRANSPORTES URBANOS LTDA,32858,"295/80R22,5 PM DVUM3 B 242",Em Produção,25/05/2026,27/05/2026,
1647262,366057,EXPRESS TRANSPORTES URBANOS LTDA,31704,"295/80R22,5 PM DVUM3 B 242",Em Produção,25/05/2026,27/05/2026,
1647263,366057,EXPRESS TRANSPORTES URBANOS LTDA,32183,"295/80R22,5 PM DVUM3 B 242",Em Produção,25/05/2026,27/05/2026,
1647264,366057,EXPRESS TRANSPORTES URBANOS LTDA,31461,"295/80R22,5 PM DVUM3 B 242",Em Produção,25/05/2026,27/05/2026,
1647265,366057,EXPRESS TRANSPORTES URBANOS LTDA,30082,"295/80R22,5 PM DVUM3 B 242",Em Produção,25/05/2026,27/05/2026,
1647266,366057,EXPRESS TRANSPORTES URBANOS LTDA,32289,"295/80R22,5 PM DVUM3 B 242",Em Produção,25/05/2026,27/05/2026,
1647267,366057,EXPRESS TRANSPORTES URBANOS LTDA,32103,"295/80R22,5 PM DVUM3 B 242",Em Produção,25/05/2026,27/05/2026,
1647268,366057,EXPRESS TRANSPORTES URBANOS LTDA,32509,"295/80R22,5 PM DVUM3 B 242",Em Produção,25/05/2026,27/05/2026,
1647269,366057,EXPRESS TRANSPORTES URBANOS LTDA,31594,"295/80R22,5 PM DVUM3 B 242",Em Produção,25/05/2026,27/05/2026,
1647270,366057,EXPRESS TRANSPORTES URBANOS LTDA,47284,"295/80R22,5 PM DVUM3 B 242",Em Produção,25/05/2026,27/05/2026,
1647068,366061,POLIMIX CONCRETO LTDA,3921,"295/80R22,5 PM VL110LA 250",Em Produção,25/05/2026,27/05/2026,
1647069,366061,POLIMIX CONCRETO LTDA,0224,"295/80R22,5 PM VL110LA 250",Em Produção,25/05/2026,27/05/2026,
1647070,366061,POLIMIX CONCRETO LTDA,2220,"295/80R22,5 PM VL110LA 250",Em Produção,25/05/2026,27/05/2026,
1647071,366061,POLIMIX CONCRETO LTDA,2721,"295/80R22,5 PM VL110LA 250",Em Produção,25/05/2026,27/05/2026,
1647072,366061,POLIMIX CONCRETO LTDA,2822,"295/80R22,5 PM VL110LA 250",Em Produção,25/05/2026,27/05/2026,
1647073,366061,POLIMIX CONCRETO LTDA,0724,"295/80R22,5 PM VL110LA 250",Em Produção,25/05/2026,27/05/2026,
1647074,366061,POLIMIX CONCRETO LTDA,1524,"295/80R22,5 PM VL110LA 250",Em Produção,25/05/2026,27/05/2026,
1647075,366061,POLIMIX CONCRETO LTDA,3123,"295/80R22,5 PM VL110LA 250",Em Produção,25/05/2026,27/05/2026,
1647076,366061,POLIMIX CONCRETO LTDA,4821,"295/80R22,5 PM VL110LA 250",Em Produção,25/05/2026,27/05/2026,
1647077,366061,POLIMIX CONCRETO LTDA,3123,"295/80R22,5 PM VL110LA 250",Em Produção,25/05/2026,27/05/2026,
1647078,366061,POLIMIX CONCRETO LTDA,1422,"295/80R22,5 PM VL110LA 250",Em Produção,25/05/2026,27/05/2026,
1647079,366062,POLIMIX CONCRETO LTDA,2824semgarantia,"295/80R22,5 PM VL110LA 250",Em Produção,25/05/2026,27/05/2026,
1647080,366062,POLIMIX CONCRETO LTDA,2523semgarantia,"295/80R22,5 PM VL110LA 250",Em Produção,25/05/2026,27/05/2026,
1647081,366062,POLIMIX CONCRETO LTDA,4224semgarantia,"295/80R22,5 PM VL110LA 250",Em Produção,25/05/2026,27/05/2026,
1647082,366062,POLIMIX CONCRETO LTDA,4722semgarantia,"295/80R22,5 PM VL110LA 250",Em Produção,25/05/2026,27/05/2026,
1647115,366063,NORTE BUSS TRANSPORTES S/A,e4982,"235/75R17,5 PM DVRM 190",Em Produção,25/05/2026,27/05/2026,
1647116,366063,NORTE BUSS TRANSPORTES S/A,e4084,"235/75R17,5 PM DVRM 190",Em Produção,25/05/2026,27/05/2026,
1647117,366063,NORTE BUSS TRANSPORTES S/A,e3497,"215/75R17,5 PM VZE-1 190",Em Produção,25/05/2026,27/05/2026,
1647118,366063,NORTE BUSS TRANSPORTES S/A,e4980,"235/75R17,5 PM DVRM 190",Em Produção,25/05/2026,27/05/2026,
1647119,366063,NORTE BUSS TRANSPORTES S/A,e3942,"215/75R17,5 PM VZE-1 190",Em Produção,25/05/2026,27/05/2026,
1647120,366063,NORTE BUSS TRANSPORTES S/A,e4544,"215/75R17,5 PM VZE-1 190",Em Produção,25/05/2026,27/05/2026,
1647121,366063,NORTE BUSS TRANSPORTES S/A,e2770,"215/75R17,5 PM VZE-1 190",Em Produção,25/05/2026,27/05/2026,
1647122,366063,NORTE BUSS TRANSPORTES S/A,e2754,"215/75R17,5 PM VZE-1 190",Em Produção,25/05/2026,27/05/2026,
1647123,366063,NORTE BUSS TRANSPORTES S/A,e3612,"215/75R17,5 PM VZE-1 190",Em Produção,25/05/2026,27/05/2026,
1647124,366063,NORTE BUSS TRANSPORTES S/A,e3929,"215/75R17,5 PM VZE-1 190",Em Produção,25/05/2026,27/05/2026,
1647125,366063,NORTE BUSS TRANSPORTES S/A,e4543,"215/75R17,5 PM VZE-1 190",Em Produção,25/05/2026,27/05/2026,
1647126,366063,NORTE BUSS TRANSPORTES S/A,e4002,"215/75R17,5 PM VZE-1 190",Em Produção,25/05/2026,27/05/2026,
1647127,366063,NORTE BUSS TRANSPORTES S/A,e4058,"235/75R17,5 PM DVRM 190",Em Produção,25/05/2026,27/05/2026,
1647128,366064,VIACAO SANTA BRIGIDA LTDA,409988,"295/80R22,5 PM DVUM3 B 250 *5G*",Em Produção,25/05/2026,27/05/2026,
1647129,366064,VIACAO SANTA BRIGIDA LTDA,409089,"295/80R22,5 PM DVUM3 B 250 *5G*",Em Produção,25/05/2026,27/05/2026,
1647130,366064,VIACAO SANTA BRIGIDA LTDA,501487,"295/80R22,5 PM DVUM3 B 242 *5G*",Em Produção,25/05/2026,27/05/2026,
1647131,366064,VIACAO SANTA BRIGIDA LTDA,501962,"295/80R22,5 PM DVUM3 B 250 *5G*",Em Produção,25/05/2026,27/05/2026,
1647132,366064,VIACAO SANTA BRIGIDA LTDA,411100,"295/80R22,5 PM DVUM3 B 250 *5G*",Em Produção,25/05/2026,27/05/2026,
1647133,366064,VIACAO SANTA BRIGIDA LTDA,501964,"295/80R22,5 PM DVUM3 B 250 *5G*",Em Produção,25/05/2026,27/05/2026,
1647134,366064,VIACAO SANTA BRIGIDA LTDA,408777,"295/80R22,5 PM DVUM3 B 250 *5G*",Em Produção,25/05/2026,27/05/2026,
1647135,366064,VIACAO SANTA BRIGIDA LTDA,408794,"295/80R22,5 PM DVUM3 B 250 *5G*",Em Produção,25/05/2026,27/05/2026,
1647136,366064,VIACAO SANTA BRIGIDA LTDA,409815,"295/80R22,5 PM DVUM3 B 250 *5G*",Em Produção,25/05/2026,27/05/2026,
1647137,366064,VIACAO SANTA BRIGIDA LTDA,409033,"295/80R22,5 PM DVUM3 B 250 *5G*",Em Produção,25/05/2026,27/05/2026,
1647138,366064,VIACAO SANTA BRIGIDA LTDA,407989,"295/80R22,5 PM DVUM3 B 250 *5G*",Em Produção,25/05/2026,27/05/2026,
1647139,366065,TRANSPPASS TRANSPORTE DE PASSAGEIROS LTDA,305850,"295/80R22,5 PM DV-RMB 242",Em Produção,25/05/2026,27/05/2026,
1647140,366065,TRANSPPASS TRANSPORTE DE PASSAGEIROS LTDA,304605,"295/80R22,5 PM VL130 242",Em Produção,25/05/2026,27/05/2026,
1647141,366065,TRANSPPASS TRANSPORTE DE PASSAGEIROS LTDA,305966,"295/80R22,5 PM DV-RMB 242",Em Produção,25/05/2026,27/05/2026,
1647142,366065,TRANSPPASS TRANSPORTE DE PASSAGEIROS LTDA,305172,"295/80R22,5 PM VL130 242",Em Produção,25/05/2026,27/05/2026,
1647143,366065,TRANSPPASS TRANSPORTE DE PASSAGEIROS LTDA,305744,"295/80R22,5 PM VL130 242",Em Produção,25/05/2026,27/05/2026,
1647144,366065,TRANSPPASS TRANSPORTE DE PASSAGEIROS LTDA,304321,"295/80R22,5 PM VL130 242",Em Produção,25/05/2026,27/05/2026,
1647145,366065,TRANSPPASS TRANSPORTE DE PASSAGEIROS LTDA,306924,"295/80R22,5 PM DVUM3 B 242",Em Produção,25/05/2026,27/05/2026,
1647146,366065,TRANSPPASS TRANSPORTE DE PASSAGEIROS LTDA,306211,"295/80R22,5 PM DVUM3 B 242",Em Produção,25/05/2026,27/05/2026,
1647147,366065,TRANSPPASS TRANSPORTE DE PASSAGEIROS LTDA,306224,"295/80R22,5 PM DVUM3 B 242",Em Produção,25/05/2026,27/05/2026,
1647148,366065,TRANSPPASS TRANSPORTE DE PASSAGEIROS LTDA,304652,"295/80R22,5 PM DV-RMB 242",Em Produção,25/05/2026,27/05/2026,
1647149,366065,TRANSPPASS TRANSPORTE DE PASSAGEIROS LTDA,305584,"295/80R22,5 PM DV-RMB 242",Em Produção,25/05/2026,27/05/2026,
1647150,366065,TRANSPPASS TRANSPORTE DE PASSAGEIROS LTDA,304686,"295/80R22,5 PM VL130 242",Em Produção,25/05/2026,27/05/2026,
1647151,366065,TRANSPPASS TRANSPORTE DE PASSAGEIROS LTDA,305500,"295/80R22,5 PM DV-RMB 242",Em Produção,25/05/2026,27/05/2026,
1647152,366065,TRANSPPASS TRANSPORTE DE PASSAGEIROS LTDA,305547,"295/80R22,5 PM DV-RMB 242",Em Produção,25/05/2026,27/05/2026,
1647153,366065,TRANSPPASS TRANSPORTE DE PASSAGEIROS LTDA,305395,"295/80R22,5 PM VL130 242",Em Produção,25/05/2026,27/05/2026,
1647154,366065,TRANSPPASS TRANSPORTE DE PASSAGEIROS LTDA,305377,"295/80R22,5 PM VL130 242",Em Produção,25/05/2026,27/05/2026,
1647155,366065,TRANSPPASS TRANSPORTE DE PASSAGEIROS LTDA,304878,"295/80R22,5 PM DV-RMB 242",Em Produção,25/05/2026,27/05/2026,
1647156,366065,TRANSPPASS TRANSPORTE DE PASSAGEIROS LTDA,305905,"295/80R22,5 PM DVUM3 B 242",Em Produção,25/05/2026,27/05/2026,
1647157,366065,TRANSPPASS TRANSPORTE DE PASSAGEIROS LTDA,303376,"295/80R22,5 PM DVUM3 B 242",Em Produção,25/05/2026,27/05/2026,
1647158,366065,TRANSPPASS TRANSPORTE DE PASSAGEIROS LTDA,305582,"295/80R22,5 PM DV-RMB 242",Em Produção,25/05/2026,27/05/2026,
1647110,366070,BRUBUSS TRANSPORTE E TURISMO LTDA,4923,205/75R16 PM VP430L 185,Em Produção,25/05/2026,28/05/2026,
1647111,366070,BRUBUSS TRANSPORTE E TURISMO LTDA,2223,"215/75R17,5 PM VT51 194",Em Produção,25/05/2026,28/05/2026,
1647112,366070,BRUBUSS TRANSPORTE E TURISMO LTDA,3123,"215/75R17,5 PM VT51 194",Em Produção,25/05/2026,28/05/2026,
1647113,366070,BRUBUSS TRANSPORTE E TURISMO LTDA,3123A,"215/75R17,5 PM VT51 194",Em Produção,25/05/2026,28/05/2026,
1647114,366070,BRUBUSS TRANSPORTE E TURISMO LTDA,2123,"215/75R17,5 PM VT51 194",Em Produção,25/05/2026,28/05/2026,
